date,et_penman_monteith,et_camargo,et_hargreaves_samani,et_makkink,et_turc,et_global_radiation,et_jensen_heise,et_radiation_temperature,et_stephens_stewart,et_hicks_hess,et_garcia_lopez,et_mccloud,et_ivanov,et_lungeon,et_net_radiation,et_priestley_taylor,et_hargreaves_samani_corr,et_thornthwaite,et_thornthwaite_camargo,precomputed_et_penman_monteith,precomputed_et_camargo,precomputed_et_hargreaves_samani,precomputed_et_garcia_lopez,precomputed_et_priestley_taylor,precomputed_et_hargreaves_samani_corr,precomputed_et_thornthwaite,precomputed_et_thornthwaite_camargo
2024-01-01,0.6296411804861624,1.9290204081632654,2.192164103127759,-0.022256928161877854,0.5284105872970362,0.11034455782312917,0.13168477891156455,0.09014942176870741,0.10233062816326523,0.09227157561432517,0.03875297000204401,7.973396329917773,3.681793439999999,0.5039042399999999,0.09573243999999993,0.09287194170061573,2.68808118086978,5.031280469129382,5.031280469129382,2.2465757952622036,4.726100000000001,5.3708020526630085,37.6188862926873,0.1908965014285713,2.68808118086978,5.031280469129382,5.031280469129382
2024-01-02,0.7461690956928272,1.9562857142857142,1.8152106061617743,-0.004997134487065943,0.5487901370484018,0.12923166666666652,0.15666291666666649,0.10655516666666655,0.12128562599999987,0.1323241392936891,0.05220064413481754,8.371430418718614,3.5123344200000006,0.4814530699999999,0.11211846799999983,0.10927157516605994,2.225852281212325,5.031280469129382,5.031280469129382,2.10236458731888,3.989537952686987,4.447265985096347,37.61785721301389,0.2247387449999997,2.225852281212325,5.031280469129382,5.031280469129382
2024-01-03,1.069134657993056,1.9835510204081632,2.0796778150630226,-0.0010050059719293458,0.5550706314063577,0.13311337585034,0.16388014668367332,0.11076037499999988,0.12641149411224475,0.1520082327762856,0.0708566385308028,8.789334476262022,4.2146064,0.5785944,0.11548615099999988,0.1130647517027373,2.5501479515000938,5.031280469129382,5.031280469129382,2.8251923814179976,3.8954842532741343,5.095210646904405,37.62078613208436,0.2326917249642854,2.5501479515000938,5.031280469129382,5.031280469129382
2024-01-04,1.1188921533061245,2.004,2.1060211623272753,0.01459271261552919,0.5731205133636372,0.15005940476190469,0.18686642857142843,0.12571014285714277,0.14375804228571418,0.16146079335654673,0.0877709828908932,9.116397045882502,4.9717248,0.6833007999999999,0.13018814199999992,0.12788514136387003,2.582450759451889,5.031280469129382,5.031280469129382,3.0471560593820195,3.9474053063814942,5.159751847701824,37.62395253107946,0.2633313217499998,2.582450759451889,5.031280469129382,5.031280469129382
2024-01-05,0.5851311790464829,1.7790612244897959,1.538961464323334,-0.060269963512144024,0.4759600376052372,0.06927586734693877,0.07548455357142857,0.05372147448979591,0.060000220836734695,0.06932794964446506,0.02136776706001987,6.099350519735677,2.4754270799999993,0.33578317999999985,0.060102173999999994,0.056753326472723485,1.8871093384062496,5.031280469129382,5.031280469129382,1.6794104137144763,3.456436119509414,3.770455587592169,37.61429501414441,0.1164054162857142,1.8871093384062496,5.031280469129382,5.031280469129382
2024-01-06,0.9819134808977679,1.840408163265306,1.7346871217120021,-0.01412015284221059,0.5299599622617857,0.12141146258503385,0.13744693877551004,0.09621285714285702,0.1081982302040815,0.1535462896095687,0.06012234586660385,6.805896058099023,3.261023999999999,0.44400899999999993,0.10533383599999983,0.100603212151893,2.1271125642090856,5.031280469129382,5.031280469129382,2.30745932374661,3.7776162175642103,4.249983448194404,37.61769889306414,0.2064776020714282,2.1271125642090856,5.031280469129382,5.031280469129382
2024-01-07,1.0311068610659,1.9426530612244897,2.318244828820284,0.022912769236018315,0.5773321661074424,0.16096406462585017,0.1936124362244896,0.13211201530612232,0.1501703611224488,0.16989155260638839,0.08057923315845122,8.169989753774054,4.190334000000001,0.5739490000000003,0.13964877799999983,0.135790559097043,2.842684216984148,5.031280469129382,5.031280469129382,3.1459036197754404,4.180876996762582,5.679699830609695,37.62110277198387,0.2791955108571425,2.842684216984148,5.031280469129382,5.031280469129382
2024-01-08,1.275114685797011,1.9971836734693877,2.0754519134365026,0.02362473459156303,0.5821952501259405,0.1603069727891155,0.19887138605442156,0.13399243197278896,0.15312884999999982,0.18384248843793313,0.10601973823675459,9.00604581063065,5.25420918,0.72185553,0.13907869999999983,0.13646704290044248,2.5449660553919298,5.031280469129382,5.031280469129382,2.9049790725804026,4.510096714970075,5.0848571879194315,37.62529825065238,0.2809521857142854,2.5449660553919298,5.031280469129382,5.031280469129382
2024-01-09,0.7535491528350239,1.894938775510204,1.6302144460077057,-0.04636225342871214,0.500209485120148,0.08362282312925162,0.09782292517006794,0.0675293741496598,0.07638518889795912,0.0839666540621066,0.035943620335357904,7.502360899940668,3.6799487999999996,0.5026647999999998,0.07254926799999994,0.06996793100445646,1.9990058074771688,5.031280469129382,5.031280469129382,1.78214233701242,4.530975565268553,3.994025392718879,37.619202932586816,0.1437234927857141,1.9990058074771688,5.031280469129382,5.031280469129382
2024-01-10,0.5278873147413952,1.8813061224489795,2.06287882851262,-0.011571559600912704,0.5359818134060916,0.12342645408163265,0.14322126275510205,0.09920692346938775,0.11205631597959184,0.09729428969945708,0.036737263956842674,7.321832544241878,3.2205086400000016,0.4395574400000002,0.107081997,0.10302479353329672,2.529548654422201,5.031280469129382,5.031280469129382,2.3515541465292773,4.177012197471014,5.054053129855919,37.61714477323999,0.2115769289464285,2.529548654422201,5.031280469129382,5.031280469129382
2024-01-11,0.5674044386366505,1.8335918367346937,1.5980391608891331,-0.03130887673601129,0.5111988978227148,0.10182760204081631,0.11479621173469386,0.08050144387755101,0.09046210463265304,0.09669535267410861,0.029954910534931,6.723512740081279,2.5697039400000006,0.34973799000000005,0.08834332199999999,0.0842711066291932,1.9595517454874884,5.031280469129382,5.031280469129382,1.7273198936639085,3.8812755094780704,3.915195944178377,37.61437417411929,0.1729424622857142,1.9595517454874884,5.031280469129382,5.031280469129382
2024-01-12,0.4929046141314973,1.840408163265306,2.0356161127172983,-0.036620150949417646,0.5061375513674998,0.09561091836734673,0.10823877551020383,0.07576714285714269,0.08520556408163246,0.07769652517413349,0.028303734170577216,6.805896058099023,3.0338880000000006,0.41308300000000014,0.08294986799999979,0.07922452542576644,2.4961184959937124,5.031280469129382,5.031280469129382,2.1978741620191795,3.534496053361865,4.98725947615738,37.61659065341586,0.162600076928571,2.4961184959937124,5.031280469129382,5.031280469129382
2024-01-13,0.4609306652120809,1.8472244897959185,1.808408466306865,-0.02849179778112515,0.5153031382852317,0.10480209183673467,0.11913822704081631,0.08324845408163264,0.09368832434693876,0.08900805469633187,0.024618052852273177,6.889288820338854,2.312677320000001,0.3150142200000001,0.09092392199999999,0.08694779345255717,2.2175113435482428,5.031280469129382,5.031280469129382,1.9398210437443015,0.0,4.430600742451818,37.61302845454637,0.1784676799285714,2.2175113435482428,5.031280469129382,5.031280469129382
2024-01-14,0.3825010496630368,1.724530612244898,1.334405417507127,-0.06657846334685184,0.46452374381594086,0.06261481292516997,0.06586369472789107,0.047610886054421694,0.0528360331224489,0.05523599310659497,0.011759522734066781,5.5331309987448805,1.6546788600000006,0.22367781000000017,0.05432319399999991,0.050759217449450264,1.6362780894613258,5.031280469129382,5.031280469129382,1.276175295948363,0.0,3.269293272892461,37.61041617537541,0.1040814137142855,1.6362780894613258,5.031280469129382,5.031280469129382
2024-01-15,0.6593922597005165,1.7926938775510206,2.108425628501039,0.01751056392770825,0.5594204670700201,0.15907751700680264,0.17483519557823124,0.1239604047619047,0.13866396967346933,0.1544772653234805,0.05271843181674336,6.249737149517921,2.7632745000000005,0.3751457500000002,0.13801205199999994,0.13065757844672082,2.5853991702312236,5.031280469129382,5.031280469129382,2.6583876058560665,0.0,5.165642789827546,37.61564073371732,0.2680192032857141,2.5853991702312236,5.031280469129382,5.031280469129382
2024-01-16,1.226484080337071,1.9051632653061226,2.0286835829239505,0.035123173259754725,0.5873487310411204,0.1758437244897959,0.20694815688775509,0.14249977295918367,0.16135884652040816,0.2146128522305841,0.0997820760611313,7.640672269933499,4.020509385000001,0.5495093975000003,0.15255803399999995,0.1473924446251702,2.48761767123943,5.031280469129382,5.031280469129382,2.803406257932249,0.0,4.970274778163678,37.62070697210949,0.3028203120535713,2.48761767123943,5.031280469129382,5.031280469129382
2024-01-17,1.2886302641797855,2.017632653061225,1.9800936855941222,0.03494684684592633,0.5957014292309117,0.17237258503401348,0.21627880952380943,0.14505315646258496,0.16609432016326522,0.19893862231963247,0.11506542762689966,9.341172490915705,5.330314080000001,0.7331276800000002,0.1495465519999999,0.14722490562606377,2.4280356406759576,5.031280469129382,5.031280469129382,2.7388054425430504,0.0,4.851229529705599,37.62537741062726,0.3032661467142855,2.4280356406759576,5.031280469129382,5.031280469129382
2024-01-18,1.0120551786049952,1.9903673469387755,2.148253576981097,0.0385615148158599,0.5975272377681371,0.17717593537414958,0.2189627125850339,0.14775804421768704,0.16874904673469382,0.18336640552431543,0.08261348182972485,8.897030343781632,4.089194880000002,0.5615884800000001,0.15371382999999994,0.1506594327660203,2.634237101036286,5.031280469129382,5.031280469129382,2.821487466888902,0.0,5.263221263603688,37.620152852285344,0.310116388392857,2.634237101036286,5.031280469129382,5.031280469129382
2024-01-19,1.165895359575483,1.9835510204081632,2.0796778150630226,0.01938031132732948,0.5766832431595238,0.15591734693877551,0.19195484693877551,0.12973500000000002,0.14806734979591835,0.17237332434609412,0.09005846306958232,8.789334476262022,4.723871340000001,0.6485078900000001,0.13527035999999998,0.13243414499232814,2.5501479515000938,5.031280469129382,5.031280469129382,2.6590302444485183,0.0,5.095210646904405,37.62308177135581,0.2725547014285714,2.5501479515000938,5.031280469129382,5.031280469129382
2024-01-20,1.2082019807448237,1.9835510204081632,2.0403112682683626,0.01095851103831777,0.5677544098606803,0.14649632653061223,0.18035632653061223,0.12189599999999999,0.1391206511020408,0.1726236870122365,0.0922009245129323,8.789334476262022,4.8292365,0.6629727500000001,0.127096896,0.12443205409476883,2.5018758018724405,5.031280469129382,5.031280469129382,3.02293847827258,0.0,4.99876260725749,37.62355673120508,0.2560860822857143,2.5018758018724405,5.031280469129382,5.031280469129382
2024-01-21,0.7917588798605714,1.9699183673469387,2.2566120662415496,0.02232244562983035,0.5787806561316059,0.15956785714285715,0.19494375,0.13217035714285713,0.1506453042857143,0.14095332034643956,0.06709070733484124,8.57783783915691,4.2706587,0.58584645,0.13843745999999998,0.13522965489680275,2.767108730196216,5.031280469129382,5.031280469129382,2.7268645100578435,0.0,5.528699562291796,37.621181931958745,0.2782152899999999,2.767108730196216,5.031280469129382,5.031280469129382
2024-01-22,0.7953677299346908,1.9562857142857142,2.2587428572225137,0.00258448480812197,0.5568266025904234,0.13775132653061223,0.16699099489795916,0.11357986734693877,0.12928143930612246,0.12613244007496394,0.05417012246535217,8.371430418718614,3.82377294,0.5241434899999999,0.119509932,0.11647535638489756,2.7697215542672446,5.031280469129382,5.031280469129382,2.663678259360119,0.0,5.533920000195159,37.61928209256169,0.2395547549999999,2.7697215542672446,5.031280469129382,5.031280469129382
2024-01-23,0.7905761792484218,1.9222040816326529,1.6912873447758416,-0.009754657167842809,0.5411316883555555,0.12460408163265305,0.1481142857142857,0.10156408163265306,0.11520752326530612,0.12621392711147392,0.058170153189353,7.876880773417691,4.0246012800000015,0.55060788,0.10810367999999998,0.104751148697571,2.073894776603867,5.031280469129382,5.031280469129382,2.2074676494529175,0.0,4.143653994700812,37.620548652159734,0.2152841142857142,2.073894776603867,5.031280469129382,5.031280469129382
2024-01-24,0.7829196989881212,1.9562857142857142,2.1870183673469383,0.012712828739600446,0.5675625791455547,0.14913280612244875,0.18078835459183645,0.12296421938775492,0.1399631082244896,0.13117140183652365,0.06780497229948032,8.371430418718614,4.602369240000001,0.6308695399999998,0.1293842459999998,0.12609894350405312,2.6817713633271905,5.031280469129382,5.031280469129382,2.713318408028551,0.0,5.358194999999999,37.62284429143118,0.2593475774999996,2.6817713633271905,5.031280469129382,5.031280469129382
2024-01-25,0.8159756389213078,1.9426530612244897,2.177611836734694,0.01574788409851588,0.569738262122586,0.15289418367346938,0.18390573979591837,0.12548862244897957,0.14264161897959182,0.15038499909054553,0.06577313675126452,8.169989753774054,3.8640375,0.52925625,0.13264753199999998,0.12898274364508164,2.6702368628397624,5.031280469129382,5.031280469129382,2.8723404276513436,0.0,5.335149,37.6195987324612,0.2651981348571428,2.6702368628397624,5.031280469129382,5.031280469129382
2024-01-26,0.4999666065686102,1.806326530612245,1.643523667586993,-0.05812547491725311,0.48054175383604397,0.07139676870748285,0.07914264455782297,0.0559050170068026,0.06263247857142844,0.06719157867849486,0.019386693950741597,6.40383173776952,2.3551979999999997,0.3200130000000001,0.061942219999999854,0.05879094219337719,2.015325875855382,5.031280469129382,5.031280469129382,1.744496975554534,0.0,4.026632985588133,37.61350341439564,0.1206141985714283,2.015325875855382,5.031280469129382,5.031280469129382
2024-01-27,0.7057314715845421,1.8335918367346937,1.6133317501010134,-0.04875725034111486,0.4927265991950795,0.08179486394557815,0.0922121343537414,0.06466424149659858,0.07266532248979585,0.08618592277114079,0.02770674966938016,6.723512740081279,2.6666738999999997,0.36293565000000005,0.0709633719999999,0.06769229131522918,1.9783038640942,5.031280469129382,5.031280469129382,1.7537528209422495,0.0,3.9526627877474825,37.61484913396855,0.1389191622857141,1.9783038640942,5.031280469129382,5.031280469129382
2024-01-28,1.241456910916966,1.9562857142857142,2.04901303555833,0.03061690452122201,0.5865407792474866,0.16925207482993182,0.20517822278911546,0.13955312585034002,0.15884530763265292,0.2038455942074173,0.0962605523285396,8.371430418718614,4.204420020000001,0.57632067,0.14683926799999983,0.14311075059098405,2.5125461056417127,5.031280469129382,5.031280469129382,2.895711328582361,0.0,5.020081937117908,37.62102361200899,0.2943357449999997,2.5125461056417127,5.031280469129382,5.031280469129382
2024-01-29,0.948586780773407,1.9494693877551021,2.206429813126422,-0.018794091457247003,0.5336479791073622,0.11385806122448959,0.13748897959183648,0.0936643673469386,0.10654021028571409,0.12453302664769339,0.05324860449763441,8.270096779685444,3.7923072000000007,0.5196312,0.09878067599999979,0.09616220424816331,2.7055741169708867,5.031280469129382,5.031280469129382,2.941815912961968,0.0,5.405753042159734,37.619202932586816,0.1977463176428567,2.7055741169708867,5.031280469129382,5.031280469129382
2024-01-30,1.4347601035836925,2.0448979591836736,2.223040912638476,0.07139413786102294,0.636325643691111,0.21199639455782307,0.2699954081632652,0.17999693877551012,0.20663648571428567,0.27032992610987583,0.14421366351049864,9.807486333462577,4.99125,0.6875,0.18392327199999992,0.1818558070561457,2.725943022714849,5.031280469129382,5.031280469129382,3.296218235809777,0.0,5.446450235964266,37.62355673120508,0.3748940241428569,2.725943022714849,5.031280469129382,5.031280469129382
2024-01-31,1.421483218384017,2.010816326530612,2.03081328248466,0.03915534350723396,0.5996660728599812,0.1772489455782312,0.221561181972789,0.14882222789115637,0.17029944918367337,0.22365703090399103,0.11765743980152096,9.228100416730562,4.829626499999999,0.6640177499999997,0.15377717199999993,0.1512236673717915,2.4902291569862696,5.031280469129382,5.031280469129382,3.0194355840593583,0.0,4.975492542087418,37.62324009130556,0.3114451255714284,2.4902291569862696,5.031280469129382,5.031280469129382
2024-02-01,0.3213191022921191,1.8131428571428572,1.492932281217228,-0.1061382434856691,0.43029622770713544,0.015974812925170064,0.017783282312925166,0.01253872108843537,0.014058317632653057,0.013966796514796322,0.0032669263592349134,6.482297998930856,1.9170432,0.26058719999999996,0.013859385999999986,0.013170941107715054,1.8306673135132243,5.108929480776853,5.031280469129382,1.4603063325329693,0.0,3.657684088982208,37.611286935099066,0.0270231442499999,1.8306673135132243,5.108929480776853,5.031280469129382
2024-02-02,0.4423386784890726,1.8131428571428572,2.122768659987441,-0.030957396225730113,0.5098673360457942,0.1026160671768706,0.11423298044217671,0.080543931972789,0.09030523695918355,0.08264458985115397,0.02239187814460177,6.482297998930856,2.220575040000001,0.30184684,0.08902737649999985,0.08460507073371608,2.602986919688579,5.108929480776853,5.031280469129382,2.270714226541923,0.0,5.2007832169692305,37.61279097462174,0.1735863073124997,2.602986919688579,5.108929480776853,5.031280469129382
2024-02-03,1.070375514075846,1.901755102040816,1.9224748679610852,0.01829633192183175,0.5692508719891476,0.15686219812925165,0.1842390911989795,0.12696959056122442,0.1437224733214285,0.18567305008695575,0.07513498018875849,7.59428745794645,3.4924156799999992,0.47723727999999993,0.13609009149999993,0.1314041868555634,2.357382143922522,5.108929480776853,5.031280469129382,2.643593868100989,0.0,4.710063426504659,37.61825301288828,0.2699551075178569,2.357382143922522,5.108929480776853,5.031280469129382
2024-02-04,1.1664842402021813,2.031265306122449,2.188438775462115,0.04604184462809849,0.6084567521771316,0.1843129081632651,0.2329993367346936,0.15579657142857123,0.17862633330612224,0.20680711813753275,0.1015266541310476,9.571490037772191,4.558614719999999,0.6274501199999999,0.15990570599999981,0.15776697237122278,2.683513099868772,5.108929480776853,5.031280469129382,2.9045393707909963,0.0,5.361674999882181,37.62181521175777,0.3251060611071424,2.683513099868772,5.108929480776853,5.031280469129382
2024-02-05,1.3469609039069643,1.9835510204081632,2.438638399781689,0.06518936127287997,0.6252502189254876,0.2071614965986394,0.255043163265306,0.17237399999999994,0.19673150155102032,0.22902593294664983,0.1232158631383494,8.789334476262022,4.864358220000001,0.6677943700000001,0.17972862399999992,0.17596025212092006,2.9903135353993684,5.108929480776853,5.031280469129382,3.649056785098282,0.0,5.974664079465138,37.62371505115483,0.3621331491428569,2.9903135353993684,5.108929480776853,5.031280469129382
2024-02-06,1.3002049730574559,2.0448979591836736,1.982691475759986,0.04169987396814745,0.604831955852222,0.17910574829931958,0.2281063775510202,0.15207091836734682,0.17457741428571416,0.2150989211082532,0.11683577761224254,9.807486333462577,5.082,0.7000000000000001,0.1553880919999999,0.15364138844580044,2.4312211097048246,5.108929480776853,5.031280469129382,2.7155224269510967,0.0,4.857594115611966,37.62395253107946,0.3167302673571425,2.4312211097048246,5.108929480776853,5.031280469129382
2024-02-07,1.2091727505980396,2.004,2.0666528094555914,0.034418501092716575,0.5941427476874324,0.1721634693877551,0.21439224489795916,0.14422751020408162,0.16493390302040814,0.19155159953275397,0.1067317248428883,9.116397045882502,5.09601792,0.70038332,0.14936512799999999,0.14672289054645662,2.534176395171759,5.108929480776853,5.031280469129382,2.798044134107499,0.0,5.063299383166199,37.624506650903605,0.3021205769999999,2.534176395171759,5.108929480776853,5.031280469129382
2024-02-08,0.9992680502315844,2.0176326530612245,2.2169278938128354,0.01761016503935084,0.5773169787470404,0.15308617346938774,0.1920798214285714,0.12882345918367344,0.14751037065306122,0.15415118629929517,0.07539749162790843,9.3411724909157,4.507513920000001,0.6199603200000001,0.132814098,0.13075221583083238,2.7184471008356144,5.108929480776853,5.031280469129382,2.748258983298299,0.0,5.431473339841446,37.62173605178289,0.2693343256071427,2.7184471008356144,5.108929480776853,5.031280469129382
2024-02-09,0.41452449246068274,1.901755102040816,1.3966456118231783,-0.05978967104064185,0.4865195222343181,0.06829338435374142,0.08021251275510195,0.05527898469387749,0.06257271814285707,0.061457217004144034,0.019847734764648444,7.59428745794645,2.7872163599999986,0.38087205999999985,0.05924979399999994,0.057209683057121284,1.7125984227775883,5.108929480776853,5.031280469129382,1.393854203699016,0.0,3.421781748966787,37.61492829394342,0.1175308527857141,1.7125984227775883,5.108929480776853,5.031280469129382
2024-02-10,0.9198578202614313,1.9290204081632654,2.250945683241359,0.042635784685003536,0.5971810228651886,0.1836035374149659,0.2191117687074829,0.15000062585034005,0.17026907069387745,0.1863799321386615,0.0670431146152894,7.973396329917773,3.1533879000000002,0.4315846500000001,0.15929027199999996,0.1545306570548001,2.760160483263114,5.108929480776853,5.031280469129382,3.225741033194246,0.0,5.5148169239413285,37.6164323334661,0.3176348125714284,2.760160483263114,5.108929480776853,5.031280469129382
2024-02-11,0.9987179965702737,1.9358367346938774,2.0992291162397136,-0.0022182137910719962,0.5501728566260252,0.1328123214285714,0.1591241964285714,0.10875574999999998,0.1235365084285714,0.14940079657349087,0.057509605330367135,8.071094493202752,3.38765328,0.46382687999999994,0.115224963,0.11191200538802407,2.5741221989935164,5.108929480776853,5.031280469129382,2.821669689194158,0.0,5.143111334787299,37.61746141313951,0.2300657726249999,2.5741221989935164,5.108929480776853,5.031280469129382
2024-02-12,0.6983214062861105,1.840408163265306,2.023463072084134,-0.008412617687919371,0.5360029515541072,0.12795624149659857,0.1448561224489795,0.10139928571428565,0.11403073959183667,0.13067766116433835,0.04276723456287436,6.805896058099023,2.7256319999999996,0.37111199999999983,0.11101193799999994,0.10602630620997038,2.481216162829081,5.108929480776853,5.031280469129382,2.7279421482645843,0.0,4.957484526606128,37.61508661389318,0.2176079371071427,2.481216162829081,5.108929480776853,5.031280469129382
2024-02-13,0.4372344099363561,1.7926938775510204,1.8161066874938823,-0.051829086897958135,0.48605318033131756,0.07886273809523794,0.08667461309523794,0.061453416666666545,0.0687427144285713,0.06848390179273599,0.01629326751948721,6.249737149517919,1.92639708,0.26153017999999995,0.06841952599999984,0.06477354300646468,2.2269510763992053,5.108929480776853,5.031280469129382,2.0785532817758305,0.0,4.449461384360012,37.61144525504882,0.1328706194999997,2.2269510763992053,5.108929480776853,5.031280469129382
2024-02-14,0.9309012410846107,1.8744897959183673,2.1067730824795596,-0.0028717644478478827,0.5446496713711274,0.1334905952380951,0.1542697916666665,0.10704434523809513,0.120821582142857,0.14723851929077098,0.053310804034599424,7.233203970749757,3.075974999999999,0.4196624999999999,0.11581341799999983,0.111291025124635,2.583372780941059,5.108929480776853,5.031280469129382,2.8642782085464806,0.0,5.16159405207492,37.616511493440974,0.2285273354999997,2.583372780941059,5.108929480776853,5.031280469129382
2024-02-15,0.6317943120795078,1.901755102040816,2.0641129998715386,-0.012643045247079945,0.5364709071215908,0.12176930272108838,0.1430214923469387,0.09856420918367341,0.11156917071428565,0.11389950284535118,0.03944316899409212,7.59428745794645,2.9887018799999994,0.40840497999999986,0.10564428999999993,0.1020067065160532,2.531062023243059,5.108929480776853,5.031280469129382,2.529710280220496,0.0,5.05707684968527,37.61587821364196,0.2095612939285712,2.531062023243059,5.108929480776853,5.031280469129382
2024-02-16,1.1057340672969624,1.9699183673469387,2.1470607313882515,0.028733105865114017,0.5855766107176994,0.16675530612244896,0.2037246428571428,0.13812373469387754,0.15743085281632652,0.18356899105693816,0.08808810143952035,8.57783783915691,4.305521220000001,0.59062887,0.14467312799999998,0.14132083304822962,2.6327744068040264,5.108929480776853,5.031280469129382,2.6719845728320317,0.0,5.260298791901216,37.62134025190851,0.2907470005714285,2.6327744068040264,5.108929480776853,5.031280469129382
2024-02-17,0.9526790560075747,1.9562857142857142,2.0619406908407365,-0.012073419444973907,0.5412893225105567,0.12127986394557815,0.1470232312925169,0.09999868027210879,0.11382275412244891,0.12855930562347961,0.061957793837449086,8.371430418718614,4.29093072,0.58817912,0.10521966399999994,0.102547944409333,2.5283982888007324,5.108929480776853,5.031280469129382,2.7553386345048194,0.0,5.051754692559804,37.62141941188339,0.2109102599999998,2.5283982888007324,5.108929480776853,5.031280469129382
2024-02-18,0.29254057563647995,1.8131428571428572,1.392166530612245,-0.08365346233834739,0.454094030230677,0.04188712585033998,0.046629064625850175,0.03287744217687063,0.03686193526530599,0.035178437762454766,0.006994199468643339,6.482297998930856,1.6294867200000005,0.22149911999999994,0.03634032199999985,0.03453516922736695,1.7071060721394593,5.108929480776853,5.031280469129382,1.1790687184243225,0.0,3.4108080000000003,37.60986205555127,0.0708566572499997,1.7071060721394593,5.108929480776853,5.031280469129382
2024-02-19,0.9575517926785607,1.9562857142857142,2.3053197751463825,0.01287926822370461,0.5677390038810574,0.14931983843537408,0.18101508715986384,0.1231184328231292,0.14013864052040811,0.14750373800324476,0.07194779591276938,8.371430418718614,4.34283714,0.5952941899999997,0.12954651099999992,0.12625708829911342,2.8268352239762917,5.108929480776853,5.031280469129382,3.1924174035221604,0.0,5.648033449108637,37.621656891808016,0.2596728337499999,2.8268352239762917,5.108929480776853,5.031280469129382
2024-02-20,1.9332715472777127,2.058530612244898,2.5071536454757797,0.07747527289071363,0.64374856119598,0.2182644557823122,0.2800374149659855,0.18614251700680215,0.21396176326530544,0.26322374590224723,0.2098132549155367,10.049301394189525,7.514000640000002,1.0357364400000002,0.1893612999999994,0.1876338822417338,3.074328478573639,5.108929480776853,5.031280469129382,3.692161069836823,0.0,6.14252643141566,37.63432248778841,0.3869643482142843,3.074328478573639,5.108929480776853,5.031280469129382
2024-02-21,2.1261020690957375,2.092612244897959,2.1773431911397196,0.07843951537344324,0.647164219496745,0.21817882653061227,0.2850732780612245,0.18812778061224492,0.21691585928571433,0.28228779043696844,0.23908902794989262,10.680246381549303,8.134728780000001,1.1233041300000004,0.18928701,0.18855007067286506,2.6699074435380123,5.108929480776853,5.031280469129382,3.251576393293611,0.0,5.334490818292314,37.636380647135226,0.3892763089285714,2.6699074435380123,5.108929480776853,5.031280469129382
2024-02-22,2.1316495213479225,2.119877551020408,2.2612402549442585,0.06649057424830804,0.6363609473900504,0.20419782312925164,0.2706584353741496,0.17761357823129248,0.20529047412244894,0.27412793811212527,0.22250178383319885,11.213407152787719,7.912085940000001,1.0940969900000002,0.17715740799999993,0.17719661776117923,2.77278391981159,5.108929480776853,5.031280469129382,3.48832884403964,0.0,5.540038624613433,37.63495576758743,0.3661760125714284,2.77278391981159,5.108929480776853,5.031280469129382
2024-02-23,2.095992605654114,2.1130612244897957,2.2173675513527713,0.0494538810227832,0.6178214035657789,0.18573345238095224,0.24530833333333316,0.16120261904761893,0.1862100514285713,0.26290050291365263,0.18845773755807294,11.077672242991202,6.96192,0.96237,0.16113813799999985,0.16100896629640185,2.718986218850294,5.108929480776853,5.031280469129382,3.5272055010628462,0.0,5.43255050081429,37.63107692881844,0.3326454592499996,2.718986218850294,5.108929480776853,5.031280469129382
2024-02-24,1.4738821306804957,2.0448979591836736,1.9105693120239438,0.029171156870457376,0.5915440189388887,0.16522840136054406,0.21043239795918348,0.14028826530612232,0.16105092857142844,0.2106931187401202,0.13283523937305028,9.807486333462577,5.89875,0.8124999999999999,0.14334841999999984,0.14173705331494604,2.3427832820869687,5.108929480776853,5.031280469129382,2.8122617903085407,0.0,4.680894814458663,37.62751472994895,0.2921895932142854,2.3427832820869687,5.108929480776853,5.031280469129382
2024-02-25,0.8872358931874413,1.8881224489795918,1.804594404630716,-0.006971147564774391,0.5413993988277048,0.12850877551020407,0.1497248469387755,0.10353442857142857,0.11702833493877551,0.15144626153871849,0.055997293027682804,7.41154708517954,3.1661106000000006,0.43230509999999994,0.11149130399999999,0.10739593913353569,2.21283445489757,5.108929480776853,5.031280469129382,2.5066914391003428,0.0,4.421256291345254,37.61682813334049,0.2205792514285713,2.21283445489757,5.108929480776853,5.031280469129382
2024-02-26,0.41806327086417255,1.724530612244898,1.3847779454264408,-0.0696307051159846,0.46129794344037633,0.05903731292516999,0.06210056972789108,0.04489063605442171,0.04981724412244891,0.05405506757168431,0.010769055562709821,5.5331309987448805,1.5484150800000003,0.20931317999999993,0.051219435999999945,0.04785908740127104,1.6980460219530358,5.108929480776853,5.031280469129382,1.416210590792751,0.0,3.39270596629478,37.60986205555127,0.0981347177142855,1.6980460219530358,5.108929480776853,5.031280469129382
2024-02-27,0.49758513951670963,1.7926938775510204,2.119730940794138,0.0018237662012225708,0.5428224921291788,0.14093042517006796,0.15489051445578225,0.10981936904761898,0.12284559483673463,0.11755913148428905,0.03484655253429992,6.249737149517919,2.40010128,0.32584087999999994,0.12226804599999994,0.11575254900037475,2.5992619997409188,5.108929480776853,5.031280469129382,2.302209716191704,0.0,5.193340804945637,37.61382005429514,0.2374443666428569,2.5992619997409188,5.108929480776853,5.031280469129382
2024-02-28,0.7686023274087594,1.9290204081632654,2.204045838410383,0.043895697831226016,0.5985162232604656,0.1850258843537414,0.22080919217687064,0.15116265646258495,0.1715881176734693,0.1679621668598035,0.06858261934527886,7.973396329917773,3.5795214,0.4899068999999999,0.16052426799999994,0.1557277810868502,2.7026508332802583,5.108929480776853,5.031280469129382,2.3784549799692702,0.0,5.399912304105438,37.61841133283803,0.320095478142857,2.7026508332802583,5.108929480776853,5.031280469129382
2024-02-29,1.139089139345653,1.976734693877551,2.188865515410141,0.05225166480826504,0.6110224218957574,0.19290557823129245,0.23658231292516999,0.1601480272108843,0.18265610448979588,0.2058033801519154,0.09714495216961042,8.68294223472014,4.2515279999999995,0.583443,0.16736051199999993,0.1636673195456892,2.684036378040227,5.108929480776853,5.031280469129382,2.976059097346857,0.0,5.362720512754845,37.62102361200899,0.3367771062857141,2.684036378040227,5.108929480776853,5.031280469129382
2024-03-01,1.0613880870970474,1.9562857142857142,1.785693019364913,0.0016010881454155135,0.5557842087315026,0.1366462585034012,0.1656513605442175,0.11266870748299306,0.12824431836734682,0.15471173888088444,0.06584277534706595,8.371430418718614,3.789168660000002,0.5194001100000002,0.11855119999999984,0.11554096834275872,2.1896571489865373,4.920518557058624,5.031280469129382,2.1414908318013333,0.0,4.374947897444036,37.619123772611935,0.2376329999999997,2.1896571489865373,4.920518557058624,5.031280469129382
2024-03-02,0.35780225272202065,1.7995102040816324,1.9476640036920048,-0.05404113217543642,0.48428988363449266,0.07620642857142856,0.08411464285714285,0.059527285714285706,0.06663950228571427,0.058484007591182635,0.014824288555198165,6.326315287021349,2.0607288,0.27988480000000004,0.066114972,0.06267173736248698,2.3882696315992207,4.920518557058624,5.031280469129382,2.108070210832086,0.0,4.771776809045412,37.61207853484784,0.1285672905,2.3882696315992207,4.920518557058624,5.031280469129382
2024-03-03,0.6037421858859039,1.840408163265306,1.9362571431050437,-0.01930967867730625,0.5244654277199999,0.11546068027210878,0.13071020408163259,0.0914971428571428,0.10289507265306116,0.10185683581737941,0.038493947042671964,6.805896058099023,3.147456000000001,0.42854600000000015,0.10017107199999994,0.09567231186661194,2.374282281275919,4.920518557058624,5.031280469129382,2.192492203573397,0.0,4.743830000607358,37.61714477323999,0.1963574434285713,2.374282281275919,4.920518557058624,5.031280469129382
2024-03-04,0.5093798764431283,1.8813061224489795,1.772270140209561,-0.06303079543754646,0.48147256076436623,0.06484928571428569,0.07524964285714283,0.052124142857142834,0.05887532057142855,0.05797477936141226,0.01827981709524514,7.321832544241878,2.689290720000001,0.3670531200000001,0.05626177199999995,0.054130083548193535,2.173197711119131,4.920518557058624,5.031280469129382,1.6913648680542934,0.0,4.342061843513425,37.61461165404392,0.1111642784999999,2.173197711119131,4.920518557058624,5.031280469129382
2024-03-05,1.263993747475042,1.9699183673469387,2.220695523125083,0.0796244545249988,0.6395266379573379,0.22381323129251626,0.2734322023809515,0.18538492176870686,0.21129827106122379,0.25449262869376166,0.1231106233514837,8.57783783915691,4.340383740000001,0.5954112900000003,0.19417529199999936,0.18967595711916282,2.7230670530719907,4.920518557058624,5.031280469129382,2.9371797321035955,0.0,5.4407040316564546,37.62149857185826,0.3902306151428558,2.7230670530719907,4.920518557058624,5.031280469129382
2024-03-06,1.4630895832891744,2.092612244897959,2.229816819535979,0.07408713518250462,0.6425470500307401,0.2133935034013604,0.2788207568027209,0.18400156802721077,0.21215823685714272,0.25199707615613437,0.15238289174241465,10.680246381549303,5.807861280000001,0.8019928800000002,0.18513537199999988,0.18441459598652404,2.7342517929335175,4.920518557058624,5.031280469129382,3.2052326379342175,0.0,5.463051207863147,37.62648565027554,0.380738299285714,2.7342517929335175,4.920518557058624,5.031280469129382
2024-03-07,1.306597364433477,2.0517142857142856,2.0973023214602295,0.03279102649915941,0.5958693854048835,0.16905647959183673,0.21610521683673473,0.14385749489795918,0.16525302777551024,0.19716957674193716,0.10593570726548103,9.92765763331715,5.045848620000001,0.6952727700000001,0.146669574,0.14517652288346358,2.571759519676424,4.920518557058624,5.031280469129382,2.9224215787013317,0.0,5.138390687577561,37.62371505115483,0.299340972,2.571759519676424,4.920518557058624,5.031280469129382
2024-03-08,0.829016153314308,1.9290204081632654,1.7995958912700614,-0.005249697535968295,0.5464341003640819,0.1295444387755102,0.1545978443877551,0.10583536224489795,0.12013609059183672,0.14077400863956124,0.054743905548652085,7.973396329917773,3.409068,0.4665779999999999,0.11238982199999999,0.10903159886582421,2.2067051648148013,4.920518557058624,5.031280469129382,2.310510485205977,0.0,4.40900993361165,37.61761973308926,0.2241123679285714,2.2067051648148013,4.920518557058624,5.031280469129382
2024-03-09,1.0087136181411256,1.9085714285714286,1.8997336734269323,-0.005789677156793821,0.5442684332850387,0.12938940476190472,0.15258184523809518,0.10497630952380947,0.11891130428571424,0.14888981966445544,0.05647646791956615,7.687340393659129,3.28653,0.44927999999999996,0.11225531799999994,0.10851852970479063,2.3294963770811914,4.920518557058624,5.031280469129382,2.4422424079878495,0.0,4.654347499895984,37.61722393321487,0.2229674842499999,2.3294963770811914,4.920518557058624,5.031280469129382
2024-03-10,1.1124803148468407,1.9494693877551021,2.145634924936883,0.0030986827390728777,0.5568529286640328,0.13848773809523793,0.167230476190476,0.11392576190476177,0.12958689599999984,0.15147190276311823,0.06300091554423365,8.270096779685444,3.6888806400000016,0.5054594400000002,0.12014882599999985,0.11696392871404367,2.6310260507005676,4.920518557058624,5.031280469129382,2.6358518050437993,0.0,5.256805566095363,37.618727972737545,0.2405226292499997,2.6310260507005676,4.920518557058624,5.031280469129382
2024-03-11,0.6255145618246686,1.8744897959183673,1.7250529518966453,-0.03634488338524308,0.5091951698517155,0.09534141156462571,0.11018229166666649,0.07645301870748288,0.08629297193877537,0.09845587667753129,0.031623245158015026,7.233203970749757,2.7286875,0.3722812500000001,0.08271604999999985,0.07948607473756246,2.1152989273846288,4.920518557058624,5.031280469129382,2.083124003156932,0.0,4.226379732146781,37.61484913396855,0.1632183803571426,2.1152989273846288,4.920518557058624,5.031280469129382
2024-03-12,0.956695401592751,1.9631020408163264,2.356029961996092,0.03979880925772991,0.5967917478169862,0.17936534013605426,0.21828423469387737,0.14823022448979578,0.16883625624489781,0.18405245795930222,0.08439842871260582,8.474005700585394,4.098527039999999,0.5620198399999998,0.15561330799999984,0.15183506532095123,2.88901720148181,4.920518557058624,5.031280469129382,3.150244072577204,0.0,5.772273406890426,37.62046949218485,0.3123281899285711,2.88901720148181,4.920518557058624,5.031280469129382
2024-03-13,0.44530887230716154,1.8813061224489795,1.331582558012207,-0.06824818193383547,0.4759459369419953,0.058910221088435306,0.0683580867346938,0.04735047959183668,0.05348336706122443,0.05266529973485417,0.01681071305593439,7.321832544241878,2.7224918400000013,0.37158464000000013,0.0511091739999999,0.04917271106745728,1.6328166353330935,4.920518557058624,5.031280469129382,1.1802880574095926,0.0,3.262377267129907,37.614769973993674,0.1009835675357141,1.6328166353330935,4.920518557058624,5.031280469129382
2024-03-14,0.9435850212780502,1.9631020408163264,2.2398970939003813,0.05061727392661522,0.6082598450268494,0.1915084693877551,0.23306219387755098,0.15826548979591834,0.18026656089795917,0.19651290758907874,0.0771299744511548,8.474005700585394,3.5080612799999997,0.48105088000000007,0.166148412,0.16211438027519046,2.746612453240971,4.920518557058624,5.031280469129382,2.8782707955540356,0.0,5.487747880055934,37.61777805303902,0.3334729750714285,2.746612453240971,4.920518557058624,5.031280469129382
2024-03-15,0.5996205481865371,1.9562857142857142,1.7251433531105007,-0.02323248500090419,0.5294607879548435,0.10874013605442162,0.1318217687074828,0.08965931972789104,0.1020540538775509,0.10349291848223455,0.03700574940122538,8.371430418718614,3.1835937600000017,0.43639096000000016,0.09434047999999988,0.09194500277619005,2.115409779396732,4.920518557058624,5.031280469129382,1.9422082697054437,0.0,4.226601215120727,37.61635317349122,0.1891031999999997,2.115409779396732,4.920518557058624,5.031280469129382
2024-03-16,0.5317797234562219,1.8267755102040817,1.5319115839123183,-0.055565765459554675,0.4849558420884211,0.07407020408163265,0.08315428571428571,0.05841763265306121,0.06559657273469387,0.07274373224171207,0.018285870434115167,6.642126647267929,2.0768277600000005,0.28254095999999995,0.064261632,0.061223085802691986,1.878464615671672,4.920518557058624,5.031280469129382,1.613979857567318,0.0,3.75318338058518,37.611999374872966,0.1256324297142856,1.878464615671672,4.920518557058624,5.031280469129382
2024-03-17,0.4622955046550497,1.867673469387755,1.7786354022693769,-0.02630761605219284,0.5192780689002751,0.10691037414965977,0.12304778911564616,0.08552829931972782,0.09646623918367338,0.09515603535084659,0.02630685437487121,7.145648219394965,2.3393875200000003,0.31903992,0.0927530199999999,0.08902312415762136,2.1810029393545,4.920518557058624,5.031280469129382,1.966057066702872,0.0,4.3576567355599725,37.61302845454637,0.1827822460714283,2.1810029393545,4.920518557058624,5.031280469129382
2024-03-18,0.3626943731638117,1.7790612244897959,1.3238647089553535,-0.08839065050586724,0.44621214709239043,0.03666103741496591,0.03994669642857135,0.02842959693877545,0.0317523320204081,0.030442638303841463,0.005700949817960221,6.099350519735677,1.504056959999999,0.20402015999999995,0.0318062859999999,0.030034063879998896,1.623352834344417,4.920518557058624,5.031280469129382,1.0865601113285197,0.0,3.2434685369406155,37.609387095702,0.0616021637142855,1.623352834344417,4.920518557058624,5.031280469129382
2024-03-19,0.4132413263336868,1.8335918367346937,1.9191829540605558,-0.023192733369101937,0.519791321814278,0.11114586734693878,0.12530123724489795,0.08786814795918367,0.09874031087755102,0.08626290691927085,0.025210452967865005,6.723512740081279,2.4242489999999997,0.3299415,0.096427638,0.09198277334306314,2.353345524678355,4.920518557058624,5.031280469129382,2.042007007344468,0.0,4.701998237448361,37.61366173434539,0.1887684634285714,2.353345524678355,4.920518557058624,5.031280469129382
2024-03-20,0.4326933459669626,1.8472244897959185,1.835604104625981,-0.045539549742173516,0.49725191610865,0.08527772108843529,0.09694306972789107,0.06773947278911557,0.07623442102040809,0.07242607404099004,0.018480013571155373,6.889288820338854,2.1335262599999996,0.2906117099999998,0.07398501999999994,0.07074963437612498,2.250859250059007,4.920518557058624,5.031280469129382,1.9579966144595948,0.0,4.497230056333654,37.61215769482272,0.1452195921428569,2.250859250059007,4.920518557058624,5.031280469129382
2024-03-21,0.4114329947649275,1.806326530612245,1.7432200955870214,-0.0551711831123933,0.48366826667132506,0.07480571428571407,0.08292142857142834,0.058574285714285544,0.06562295999999981,0.06268325173174308,0.014542051320077087,6.40383173776952,1.8937065000000008,0.2573077500000003,0.06489974399999979,0.06159800371812594,2.1375758896770867,4.920518557058624,5.031280469129382,1.6971997703212842,0.0,4.2708892341882025,37.611207775124186,0.1263731039999996,2.1375758896770867,4.920518557058624,5.031280469129382
2024-03-22,0.6300751996442601,1.901755102040816,2.137417821671869,0.014019179031503348,0.5647192706995454,0.1520108503401359,0.17854104591836717,0.12304274489795905,0.13927750371428557,0.1529705992712771,0.04969977341671098,7.59428745794645,2.80400682,0.3831664700000001,0.13188117199999988,0.12734019043714648,2.6209500529153504,4.920518557058624,5.031280469129382,2.752140830010008,0.0,5.236673663096079,37.6150074539183,0.2616060844285712,2.6209500529153504,4.920518557058624,5.031280469129382
2024-03-23,0.5795646019586921,1.8881224489795918,2.091890005956434,-0.01568305494778592,0.5321704766972071,0.1186037244897957,0.13818452806122422,0.09555432142857126,0.10800816006122431,0.11464161248223036,0.03636509826354416,7.41154708517954,2.7161896199999997,0.3708722699999999,0.10289790599999978,0.09911819893813649,2.565122816051032,4.920518557058624,5.031280469129382,2.599302135844052,0.0,5.125130514593262,37.61469081401879,0.2035776985714281,2.565122816051032,4.920518557058624,5.031280469129382
2024-03-24,0.09027962192677247,1.724530612244898,1.0247535015705687,-0.10160964735020389,0.42750059327220435,0.021555136054421754,0.022673562925170053,0.016390037414965974,0.018188793183673457,0.018293891262262107,0.0026798370558196636,5.5331309987448805,1.1385405,0.1539067499999999,0.018700747999999972,0.017473849829216084,1.256575909929366,4.920518557058624,5.031280469129382,0.8344061023298689,0.0,2.510646078847893,37.60772473622958,0.0358300045714285,1.256575909929366,4.920518557058624,5.031280469129382
2024-03-25,0.43030269263762216,1.73134693877551,1.9275447926385234,-0.03196794125940744,0.5017131743686468,0.10304353741496591,0.10887619047619039,0.07854639455782307,0.08723782530612238,0.08420105312998938,0.019567530932767245,5.600928548675294,1.813674240000001,0.24527804000000022,0.08939823999999993,0.08364488728860237,2.3635990001763054,4.920518557058624,5.031280469129382,1.970332347992861,0.0,4.722484741964382,37.611207775124186,0.1715167457142855,2.3635990001763054,4.920518557058624,5.031280469129382
2024-03-26,0.8925486061331385,1.9222040816326529,2.1393280749240557,0.02033752052137297,0.5730201351293458,0.158615569727891,0.18854303571428555,0.1292866530612244,0.14665416012244886,0.16066483291775854,0.06498733731807012,7.876880773417691,3.5321395200000003,0.48323391999999993,0.13761127699999987,0.13334365064620946,2.62329244863772,4.920518557058624,5.031280469129382,2.4453976384371723,0.0,5.2413537835639366,37.61825301288828,0.274047302410714,2.62329244863772,4.920518557058624,5.031280469129382
2024-03-27,1.0854047892020318,2.0176326530612245,1.7585332244610261,0.013891168474777227,0.5733732189806727,0.14894892857142858,0.18688875000000002,0.12534192857142856,0.14352381514285714,0.17738485453961633,0.0826299069247833,9.3411724909157,4.2928704,0.5904384000000001,0.129224718,0.12721855942291949,2.15635319448183,4.920518557058624,5.031280469129382,2.1661212104317196,0.0,4.308406399929514,37.62078613208436,0.26205540525,2.15635319448183,4.920518557058624,5.031280469129382
2024-03-28,0.33264672175194837,1.7177142857142855,1.8088932018014583,-0.05932282143499653,0.47158164665552227,0.07121469387755101,0.0745738775510204,0.05401567346938776,0.05989451363265305,0.06980715384036598,0.016636830524559783,5.466154117697603,1.8446692800000009,0.24925088000000004,0.061784256,0.057653266715206576,2.2181057371699877,4.920518557058624,5.031280469129382,2.483072522169088,0.0,4.431788344413573,37.61144525504882,0.1182157199999999,2.2181057371699877,4.920518557058624,5.031280469129382
2024-03-29,0.39578460844160646,1.7381632653061223,1.6207034141147885,-0.07109532454087508,0.4609579684602468,0.05716789115646244,0.06067346938775495,0.04368489795918356,0.04855819102040804,0.04874365857274997,0.01265820518342105,5.669556823158878,2.0350995,0.27534325000000004,0.04959756799999985,0.04646745884607999,1.9873431651569495,4.920518557058624,5.031280469129382,1.5662623995386642,0.0,3.970723364581232,37.61231601477247,0.0952854994285711,1.9873431651569495,4.920518557058624,5.031280469129382
2024-03-30,1.1195536096724699,1.9835510204081632,2.3597700123368126,0.0328364981649199,0.59094955736644,0.1709700680272108,0.21048673469387746,0.14225999999999994,0.16236220897959175,0.1827909926420948,0.08236542995454917,8.789334476262022,4.074119520000001,0.55930792,0.14832975999999992,0.1452197284203075,2.8936033357598285,4.920518557058624,5.031280469129382,3.044225550076178,0.0,5.781436530225191,37.620152852285344,0.298867937142857,2.8936033357598285,4.920518557058624,5.031280469129382
2024-03-31,1.018146472510727,2.0176326530612245,2.0754098128854874,0.022108611428569236,0.5820872955711958,0.15809052721088426,0.19835886904761893,0.13303467006802713,0.15233245261224482,0.1650066202738784,0.07782464141018619,9.3411724909157,4.34653128,0.5978188800000002,0.13715576199999993,0.13502647735081763,2.5449144307445195,4.920518557058624,5.031280469129382,2.6574522236914135,0.0,5.084754041569443,37.62102361200899,0.2781388061785713,2.5449144307445195,4.920518557058624,5.031280469129382
2024-04-01,0.6032386573996777,1.9494693877551021,2.0957296103728535,-0.013446886517219842,0.5393156765763915,0.11987374149659857,0.14475319727891148,0.09861311564625845,0.11216925257142851,0.10089232584354624,0.038826150221171585,8.270096779685444,3.41307648,0.46766807999999993,0.10399974399999994,0.10124292553216291,2.5698310257872636,4.935767396296302,5.031280469129382,2.3327824182171915,0.0,5.134537545413491,37.61746141313951,0.2081942262857141,2.5698310257872636,4.935767396296302,5.031280469129382
2024-04-02,0.5906492353661789,1.901755102040816,1.8125266877279942,-0.0356553158398856,0.5120896334638635,0.09566770408163243,0.1123644260204079,0.07743668877551002,0.08765399957142836,0.08948481833892459,0.028028845287468435,7.59428745794645,2.7032640599999986,0.36940000999999983,0.0829991339999998,0.08014127694951197,2.2225611997542623,4.935767396296302,5.031280469129382,2.0105068213727826,0.0,4.4406903849335855,37.61453249406904,0.1646412306428567,2.2225611997542623,4.935767396296302,5.031280469129382
2024-04-03,1.2124922178781226,1.9903673469387755,2.135579403966809,0.05781976325639532,0.6179458718275489,0.19869501700680267,0.2455570493197278,0.16570414625850335,0.18924463212244894,0.22013424682492175,0.10088876011544344,8.897030343781632,4.15969824,0.5712710400000001,0.17238329799999993,0.16895792587443725,2.6186957435648326,4.935767396296302,5.031280469129382,2.770847269990631,0.0,5.232169539718681,37.62046949218485,0.3477818866071426,2.6186957435648326,4.935767396296302,5.031280469129382
2024-04-04,0.7187322821705385,1.8744897959183673,2.1067730824795596,-0.0033494547379476214,0.5441437050419118,0.13294617346938775,0.153640625,0.10660778061224489,0.12032882908163264,0.12794007640987004,0.04134238632052432,7.233203970749757,2.745224999999999,0.37453749999999986,0.11534109,0.11083714103915666,2.583372780941059,4.935767396296302,5.031280469129382,2.7620539583819963,0.0,5.16159405207492,37.61492829394342,0.2275953203571428,2.583372780941059,4.935767396296302,5.031280469129382
2024-04-05,0.24757897078350566,1.7790612244897959,1.376488979591837,-0.0775928165159605,0.45763479773315674,0.04918454081632631,0.053592589285714046,0.03814121938775493,0.042599009204081446,0.04419375977507083,0.00974166277286641,6.099350519735677,1.7704003799999994,0.24014872999999998,0.04267139399999979,0.040293776307129964,1.6878819046604114,4.935767396296302,5.031280469129382,1.303555323819709,0.0,3.3723980000000005,37.61073281527492,0.0826456191428567,1.6878819046604114,4.935767396296302,5.031280469129382
2024-04-06,0.839971752685858,1.867673469387755,2.184129879959701,0.015613426154283266,0.5636772242383647,0.15474557823129245,0.17810340136054412,0.12379646258503395,0.13962839510204075,0.1485898844441243,0.059593748345200995,7.145648219394965,3.393759359999999,0.46283255999999984,0.13425375999999994,0.12885498655577476,2.678229434793768,4.935767396296302,5.031280469129382,2.781057220502469,0.0,5.351118205901267,37.61809469293853,0.2645650114285712,2.678229434793768,4.935767396296302,5.031280469129382
2024-04-07,0.4966583482315379,1.9153877551020408,1.7772798858611805,-0.00470867675475635,0.545947670847415,0.1304602210884353,0.15445997874149653,0.10609123639455777,0.12025872410204076,0.10861927214085675,0.0369701364971405,7.781533508604254,2.9605905000000003,0.40488175000000015,0.11318433399999993,0.10954565729990691,2.1793407744910054,4.935767396296302,5.031280469129382,1.7993902300724098,0.0,4.354335720359892,37.61564073371732,0.2251073884285712,2.1793407744910054,4.935767396296302,5.031280469129382
2024-04-08,0.7585614302473629,1.9562857142857142,2.2937642147841077,0.001909903573753216,0.5561115510118325,0.1369932823129251,0.1660720450680271,0.11295483843537409,0.1285700047959183,0.12049394999259039,0.04870452619524546,8.371430418718614,3.5988451200000005,0.49331151999999995,0.11885226999999994,0.11583439362515961,2.812665534626888,4.935767396296302,5.031280469129382,2.5012743568767686,0.0,5.619722326221065,37.61825301288828,0.2382364874999999,2.812665534626888,4.935767396296302,5.031280469129382
2024-04-09,0.6448142053723452,1.901755102040816,1.5859608517619945,-0.0444198138151618,0.5028037343281817,0.0857265986394557,0.10068831632653052,0.0693900204081632,0.07854562114285706,0.0893086771861911,0.03040616689957551,7.59428745794645,2.9383304999999997,0.4015217500000001,0.07437445599999994,0.07181356707005282,1.9447410497849793,4.935767396296302,5.031280469129382,1.806487894407411,0.0,3.885604086816887,37.61564073371732,0.1475328882857141,1.9447410497849793,4.935767396296302,5.031280469129382
2024-04-10,0.7036169995124222,1.9153877551020408,2.0225741576801584,-0.013662778087517036,0.5364596656973395,0.12032802721088429,0.1424638435374149,0.09785165986394552,0.11091882955102035,0.11733080328384853,0.040848037115524524,7.781533508604254,3.028261140000001,0.4141361900000001,0.10439387199999994,0.10103779314831988,2.4801261558914973,4.935767396296302,5.031280469129382,2.44229022815036,0.0,4.955306686316387,37.61595737361684,0.2076244217142855,2.4801261558914973,4.935767396296302,5.031280469129382
2024-04-11,0.7488876458189808,1.9699183673469387,1.9508517957224782,-0.0024012857741925603,0.55257097574709,0.1318483163265306,0.16107883928571426,0.10921020918367345,0.12447575651020407,0.12602574634917837,0.05508873144385439,8.57783783915691,3.9220335000000004,0.5380222499999999,0.11438861399999999,0.111738056992259,2.3921785742524717,4.935767396296302,5.031280469129382,2.281370811024643,0.0,4.779586899520071,37.6195987324612,0.2298847538571428,2.3921785742524717,4.935767396296302,5.031280469129382
2024-04-12,0.5439291993514328,1.8608571428571428,1.923404485636558,-0.041261178546199456,0.5028904956397695,0.08995668367346936,0.1031107270408163,0.07179561734693875,0.08091824344897956,0.07674021216932406,0.020322157052927056,7.059152303989262,2.2319966399999984,0.30427143999999967,0.078044382,0.07481478838462755,2.358522062131782,4.935767396296302,5.031280469129382,2.1072875556097745,0.0,4.712340989809566,37.6125534946971,0.1535937389999999,2.358522062131782,4.935767396296302,5.031280469129382
2024-04-13,0.7431618302241186,1.8199591836734692,1.650943638998221,-0.055298727963042096,0.48467297304568335,0.0744704081632653,0.08325229591836734,0.058592755102040824,0.06574360040816327,0.08583375659518507,0.024925281235912523,6.5617257085487966,2.389563660000001,0.3249526100000001,0.06460884,0.0614768152010177,2.024424412540959,4.935767396296302,5.031280469129382,1.9342300862139512,0.0,4.044811915545642,37.61358257437051,0.1261430357142857,2.024424412540959,4.935767396296302,5.031280469129382
2024-04-14,0.9843211975660063,1.9562857142857142,2.174834326208794,0.023431531515901216,0.5789243321119145,0.1611776870748298,0.19538993197278892,0.13289556462585023,0.15126738808163254,0.15921736572561476,0.07363904329313811,8.371430418718614,4.117909320000001,0.56446222,0.13983411199999984,0.1362834683059284,2.6668310166425333,4.935767396296302,5.031280469129382,2.526895444308864,0.0,5.328344099211545,37.62062781213461,0.2802940799999997,2.6668310166425333,4.935767396296302,5.031280469129382
2024-04-15,0.9318547610668182,1.9903673469387755,1.9495083548267647,0.00039510924010829895,0.5570611553400978,0.13452896258503386,0.16625749149659844,0.11219207823129239,0.12813046053061208,0.1490446630263536,0.06946576789715699,8.897030343781632,4.230201600000001,0.5809536000000001,0.11671428199999988,0.11439509068125701,2.390531216655372,4.935767396296302,5.031280469129382,2.6263462708930194,0.0,4.776295469325574,37.62078613208436,0.2354701044642854,2.390531216655372,4.935767396296302,5.031280469129382
2024-04-16,0.6540334851642118,1.9290204081632654,1.8707534272952864,-0.03138930241187324,0.5187324997677714,0.10003479591836734,0.11938114795918367,0.08172654081632652,0.09276962730612244,0.09438866096618866,0.03266804399300697,7.973396329917773,3.0340705199999998,0.41525441999999985,0.08678792399999999,0.08419468905258733,2.2939601441265953,4.935767396296302,5.031280469129382,2.161789984087268,0.0,4.5833458968734515,37.61587821364196,0.1730605744285714,2.2939601441265953,4.935767396296302,5.031280469129382
2024-04-17,0.6457020087576513,1.9085714285714286,2.056130271220601,-0.037472820029695486,0.5106982619357363,0.09349542517006795,0.11025403911564617,0.07585477891156456,0.0859240597959183,0.08432063989193903,0.028703830372107088,7.687340393659129,2.94945,0.40320000000000017,0.08111451399999994,0.07841435001768605,2.521273420908061,4.935767396296302,5.031280469129382,2.2854360768635607,0.0,5.037519164490473,37.61564073371732,0.1611139627499998,2.521273420908061,4.935767396296302,5.031280469129382
2024-04-18,0.19413800243640375,1.7995102040816324,1.3858955102040817,-0.0994577750728767,0.43623036664246345,0.023733724489795677,0.02619665816326504,0.018539173469387566,0.020754201673469176,0.018214255007728507,0.0032673271590992407,6.326315287021349,1.4583619200000004,0.1980723200000002,0.020590841999999793,0.01951848125862404,1.69941640514784,4.935767396296302,5.031280469129382,1.236144980654954,0.0,3.395444,37.609070455802495,0.0400409874642853,1.69941640514784,4.935767396296302,5.031280469129382
2024-04-19,0.5405854085034267,1.867673469387755,2.065980035735012,-0.025065862173380304,0.5205932275999449,0.10832731292516999,0.12467860544217678,0.08666185034013599,0.09774475640816319,0.08881626338502766,0.031297908035325665,7.145648219394965,2.981895359999999,0.4066635599999998,0.0939823239999999,0.09020299390870287,2.5333514248263844,4.935767396296302,5.031280469129382,2.037578063755189,0.0,5.0616510875507785,37.61611569356659,0.1852047542142855,2.5333514248263844,4.935767396296302,5.031280469129382
2024-04-20,0.2866185942403474,1.8540408163265305,1.879835777462774,-0.05234919298458726,0.4905960604700157,0.07738360544217672,0.08833411564625833,0.0616148707482992,0.06939294514285702,0.055056613658072004,0.01297378513844879,6.973703395538306,1.9782338399999992,0.26956863999999997,0.06713626399999985,0.06427935696087411,2.30509712722401,4.935767396296302,5.031280469129382,1.8495950790013005,0.0,4.6055976547837965,37.61136609507394,0.1319514578571426,2.30509712722401,4.935767396296302,5.031280469129382
2024-04-21,0.14768597638064992,1.7517959183673468,1.275855534659273,-0.08191164463365044,0.45071646122055276,0.04440642857142857,0.04754839285714285,0.034100785714285715,0.037965988285714285,0.0335396363607579,0.0043862975218046186,5.809346386036914,1.0333369800000005,0.13992883000000014,0.038526012,0.036190181590715076,1.5644828994931623,4.935767396296302,5.031280469129382,0.9518055645131842,0.0,3.125846059915219,37.60709145643055,0.07421571,1.5644828994931623,4.935767396296302,5.031280469129382
2024-04-22,0.5707295626308546,1.8472244897959185,1.914874975722427,-0.03431027477886446,0.5091421722378899,0.09813833333333326,0.11156291666666657,0.0779551666666666,0.08773122599999994,0.08334854761055822,0.028897088274228676,6.889288820338854,2.89898988,0.39487697999999993,0.0851425959999999,0.08141928645601663,2.348062984250932,4.935767396296302,5.031280469129382,1.9832603684637535,0.0,4.691443690519946,37.61587821364196,0.1671199529999998,2.348062984250932,4.935767396296302,5.031280469129382
2024-04-23,0.7208371398028295,1.901755102040816,1.9489930153789508,-0.035891335052747594,0.5118395734363635,0.0954,0.11204999999999998,0.07722,0.08740872,0.09600232574073495,0.03399250044270511,7.59428745794645,3.05586372,0.4175826200000001,0.08276688,0.07991702000561884,2.389899295774333,4.935767396296302,5.031280469129382,2.2855659828931105,0.0,4.775032887678428,37.616194853541465,0.1641805199999999,2.389899295774333,4.935767396296302,5.031280469129382
2024-04-24,0.1736053032843619,1.7858775510204081,1.4794824408459015,-0.08634847244471677,0.448952047011347,0.03897933673469388,0.04265663265306122,0.03030091836734694,0.03386877795918367,0.02977901771547602,0.005227325093195955,6.174085967260535,1.4155776000000004,0.19209959999999995,0.033817589999999995,0.03197446782138059,1.8141748151932853,4.935767396296302,5.031280469129382,1.3063546436398237,0.0,3.6247319800724584,37.60891213585274,0.0655856758928571,1.8141748151932853,4.935767396296302,5.031280469129382
2024-04-25,0.4251836046894036,1.7858775510204081,1.526964496225991,-0.05746862177621806,0.4795062564402183,0.0724315306122449,0.07926469387755102,0.056305265306122454,0.06293507363265306,0.06275645368285641,0.016034533240158577,6.174085967260535,2.06045184,0.2796116399999998,0.062839956,0.059415060358203306,1.8723983849133288,4.935767396296302,5.031280469129382,1.420911615206244,0.0,3.7410630157536775,37.61215769482272,0.1218715167857142,1.8723983849133288,4.935767396296302,5.031280469129382
2024-04-26,0.6437534777177341,1.8608571428571428,2.121172653061224,-0.026231524046796628,0.5188073841353369,0.10712760204081631,0.12279248724489795,0.08549995408163265,0.09636390569387752,0.0951384300079357,0.037050483123429095,7.059152303989262,3.2823479999999994,0.44745799999999974,0.09294148199999999,0.08909542403684702,2.601029859915189,4.935767396296302,5.031280469129382,2.5517565655793475,0.0,5.196872999999999,37.61761973308926,0.1829116889999999,2.601029859915189,4.935767396296302,5.031280469129382
2024-04-27,0.8540513578608121,1.9835510204081632,2.2302059964575256,-0.019670832090863496,0.5352810324985544,0.11223290816326531,0.13817353316326533,0.09338625,0.10658229887755102,0.10773600527149911,0.056287938338572055,8.789334476262022,4.723871340000001,0.6485078900000001,0.09737072999999999,0.09532915691825494,2.734729010472728,4.935767396296302,5.031280469129382,2.500931180874942,0.0,5.4640046913209375,37.62308177135581,0.1961911703571428,2.734729010472728,4.935767396296302,5.031280469129382
2024-04-28,1.28102899814654,2.0176326530612245,2.241698806707004,0.011571454495610645,0.5709133095664871,0.14636833333333327,0.18365083333333324,0.12317033333333327,0.14103721199999994,0.15277160766398515,0.08510087613417436,9.3411724909157,5.133557520000001,0.7060659200000002,0.12698585199999995,0.12501445086173105,2.748821754215247,4.935767396296302,5.031280469129382,2.5703497846653627,0.0,5.492162076432159,37.624506650903605,0.2575151984999999,2.748821754215247,4.935767396296302,5.031280469129382
2024-04-29,0.8674306619191193,1.9835510204081632,2.066638954143779,-0.012908896765051692,0.5424500689551076,0.11979712585034,0.14748608418367332,0.09968024999999987,0.11376567961224475,0.11935807430604245,0.054941731610298736,8.789334476262022,4.16192382,0.57136197,0.1039332739999999,0.10175410399176402,2.534159405475191,4.935767396296302,5.031280469129382,2.529775529325584,0.0,5.063265437652258,37.620548652159734,0.2094139652142854,2.534159405475191,4.935767396296302,5.031280469129382
2024-04-30,0.681252618086498,1.9153877551020408,2.0097322871612633,-0.0193956014388095,0.5303850128136911,0.1138409353741496,0.1347833715986394,0.0925763078231292,0.10493900381632648,0.10694954720214375,0.03993799847035254,7.781533508604254,3.2481907200000006,0.4442131200000002,0.09876581799999994,0.09559067115748525,2.4643791639488075,4.935767396296302,5.031280469129382,2.4138981744200185,0.0,4.923844103545095,37.616986453290245,0.1964310304285713,2.4643791639488075,4.935767396296302,5.031280469129382
2024-05-01,0.7723576258271879,1.9562857142857142,2.0360032974509528,-0.02856015272822511,0.5238134959393859,0.10275329931972775,0.1245641411564624,0.08472300340136042,0.09643532853061211,0.1015035637638054,0.04240924068809941,8.371430418718614,3.719960100000001,0.5099133499999999,0.08914643599999984,0.08688284504708314,2.496593270667092,4.935767396296302,5.031280469129382,2.4190110711204755,0.0,4.988208078754834,37.61880713271242,0.1786918649999997,2.496593270667092,4.935767396296302,5.031280469129382
2024-05-02,1.1478756072882041,2.004,1.8425363572222755,-0.007028658629175649,0.5501943365192229,0.12595341836734691,0.15684765306122447,0.10551569387755101,0.12066432538775508,0.1447519846913374,0.07250535467405234,9.116397045882502,4.581089279999999,0.6296128799999999,0.109274334,0.10734129419431117,2.259359734907996,5.344373333333334,5.031280469129382,2.3071718093385347,0.0,4.514214075194575,37.62221101163216,0.2210289997499999,2.259359734907996,5.344373333333334,5.031280469129382
2024-05-03,0.839307499174147,1.9903673469387755,2.07104543379014,-0.008745177811902524,0.5473701298509802,0.12431564625850326,0.15363537414965966,0.10367455782312913,0.11840291265306109,0.11958906190323298,0.05434386043964788,8.897030343781632,4.124446560000002,0.5664297600000003,0.10785343999999984,0.10571031957413325,2.5395627304335595,5.2974266666666665,5.031280469129382,2.454875027222126,0.0,5.074061312785843,37.6203111722351,0.2175934285714283,2.5395627304335595,5.2974266666666665,5.031280469129382
2024-05-04,0.8133934343344537,1.9631020408163264,1.9329167943601533,-0.026695560430688076,0.5263044911835617,0.10472908163265307,0.12745331632653062,0.08654969387755103,0.09858128693877552,0.10746582856915961,0.04468532298974827,8.474005700585394,3.7164609600000005,0.5096281600000001,0.09086058,0.08865451340061177,2.370186270130644,5.200093333333334,5.031280469129382,2.3651502840100305,0.0,4.735646146182376,37.618727972737545,0.1823643546428571,2.370186270130644,5.200093333333334,5.031280469129382
2024-05-05,0.49508117773219,1.9494693877551021,1.6266016388292186,-0.06357472953156384,0.486183348160558,0.06347921768707468,0.07665414965986378,0.05222063945578219,0.059399300571428434,0.053427596696474795,0.018379763202103907,8.270096779685444,3.051083520000001,0.4180669200000002,0.055073131999999844,0.05361325698935342,1.9945757016412295,5.149706666666669,5.031280469129382,1.4694630634521657,0.0,3.985174015131586,37.61579905366708,0.110249387785714,1.9945757016412295,5.149706666666669,5.031280469129382
2024-05-06,0.40192844818176915,1.8540408163265305,1.9320633765710291,-0.05933239025163507,0.48320121483001566,0.06939574829931958,0.07921590136054406,0.05525472789115635,0.06222991714285702,0.056644985435547586,0.013237761444816455,6.973703395538306,1.9618848,0.2673408,0.060206179999999845,0.05764417477074147,2.369139789944654,4.764893333333333,5.031280469129382,2.079501850153299,0.0,4.7335552725990215,37.611286935099066,0.1183308803571426,2.369139789944654,4.764893333333333,5.031280469129382
2024-05-07,0.20633150971737663,1.7995102040816324,1.6251065356324392,-0.07882505232601413,0.458063743708309,0.047572006802720994,0.05250872448979581,0.03716002040816319,0.04159983502040808,0.03650875207162292,0.0065490483765501175,6.326315287021349,1.4583619200000004,0.1980723200000002,0.0412723959999999,0.039122950281708535,1.9927423723019768,4.519773333333332,5.031280469129382,1.5371374135269982,0.0,3.981511012299476,37.609070455802495,0.080258373642857,1.9927423723019768,4.519773333333332,5.031280469129382
2024-05-08,1.0183252324383139,1.9358367346938774,2.148629501336769,-0.01199389461445148,0.5398124160020967,0.12178913265306122,0.14591716836734692,0.09972921428571427,0.11328319579591835,0.13263351873431134,0.052602422211605535,8.071094493202752,3.490309440000001,0.4778822400000002,0.105661494,0.10262350603518677,2.6346980679796235,5.0981733333333334,5.031280469129382,2.715523865130939,0.0,5.264142278275084,37.61793637298877,0.2109707186785713,2.6346980679796235,5.0981733333333334,5.031280469129382
2024-05-09,1.379967170305577,2.058530612244898,2.0332036947618333,0.009010926060261382,0.5711303340215079,0.1425925340136053,0.18294891156462564,0.12160721768707472,0.1397815777959182,0.16665202455180378,0.090173895466576,10.049301394189525,5.100744960000002,0.7030911600000002,0.12371005399999987,0.12258152908938934,2.493160334559892,5.520693333333335,5.031280469129382,2.55558802806397,0.0,4.9813490521664905,37.62387337110459,0.2528044558928568,2.493160334559892,5.520693333333335,5.031280469129382
2024-05-10,0.4609795439316906,1.9153877551020408,1.8061806408000973,-0.06196760977698186,0.485274574663546,0.0656677210884353,0.07774810374149652,0.05340148639455776,0.060532753102040746,0.052334475635610486,0.01883066783268243,7.781533508604254,3.1297671,0.42801785000000014,0.0569718279999999,0.055140284218461136,2.214779533548043,5.018723333333332,5.031280469129382,1.8244882017932145,0.0,4.425142569960238,37.6164323334661,0.1133087854285712,2.214779533548043,5.018723333333332,5.031280469129382
2024-05-11,0.30722780528263205,1.8813061224489795,2.295359662545549,-0.04021967536088954,0.5056357082943193,0.09081568027210876,0.10538045918367338,0.07299524489795912,0.08244967126530606,0.061987361501441636,0.01652880457945129,7.321832544241878,2.274276720000001,0.31040912000000004,0.07878962799999994,0.07580438714889906,2.8146219087397895,4.8805733333333325,5.031280469129382,2.1198073886933932,0.0,5.623631173236596,37.61263265467198,0.1556757250714284,2.8146219087397895,4.8805733333333325,5.031280469129382
2024-05-12,0.22974033797965834,1.8540408163265305,1.4109795918367347,-0.07391657158976661,0.4677573191963979,0.05271336734693853,0.060172806122448706,0.04197177551020389,0.04727016514285693,0.037504319991978737,0.008399452352142954,6.973703395538306,1.8801396000000001,0.2562016,0.04573292399999979,0.043786811650116844,1.7301750731143166,4.764893333333333,5.031280469129382,1.0922987471564505,0.0,3.4568999999999996,37.61089113522467,0.0898847453571424,1.7301750731143166,4.764893333333333,5.031280469129382
2024-05-13,0.4765029069172616,1.867673469387755,1.6003012543997417,-0.05590196024412104,0.48793428983976006,0.07314090136054406,0.0841810374149658,0.05851272108843525,0.06599572530612231,0.0650993717944898,0.018124125988094243,7.145648219394965,2.3558620799999996,0.32128668,0.06345538999999985,0.06090364564345481,1.9623255756886848,4.823306666666667,5.031280469129382,1.6145787823546291,0.0,3.920738073279366,37.61310761452125,0.125047343035714,1.9623255756886848,4.823306666666667,5.031280469129382
2024-05-14,0.8267373571016423,1.9290204081632654,2.0184892905911607,-0.02950661850896283,0.5207276851493072,0.10216020408163265,0.12191760204081634,0.08346295918367345,0.09474067469387754,0.10370503843274244,0.03952202900287531,7.973396329917773,3.340886639999999,0.45724643999999987,0.08863188,0.08598354739705762,2.475117199521569,5.071976666666668,5.031280469129382,2.416444047394162,0.0,4.945298761948342,37.61730309318975,0.1767375385714285,2.475117199521569,5.071976666666668,5.031280469129382
2024-05-15,0.7806860694275651,1.9699183673469387,2.0837116161161817,-0.021013424613802803,0.5328402076730182,0.11098091836734693,0.13558517857142854,0.09192570408163263,0.10477520044897957,0.10607987615953936,0.0476064677634181,8.57783783915691,4.026621059999999,0.55236951,0.09628453199999999,0.0940534739243277,2.5550942895424416,5.224856666666667,5.031280469129382,2.570038083484722,0.0,5.105093459484645,37.62007369231046,0.1935013037142856,2.5550942895424416,5.224856666666667,5.031280469129382
2024-05-16,0.47800621733129023,1.9290204081632654,1.8426201942322973,-0.055560792011835,0.49311662095495756,0.07274700680272102,0.08681600340136046,0.059432931972789045,0.06746365248979584,0.06083200722660474,0.020935759347666175,7.973396329917773,3.0170251800000005,0.4129215300000001,0.06311365599999995,0.06122781139334498,2.2594625377449633,5.071976666666668,5.031280469129382,2.0105721637718075,0.0,4.514419475869128,37.61579905366708,0.1258525962857141,2.2594625377449633,5.071976666666668,5.031280469129382
2024-05-17,0.20581684450660112,1.7654285714285713,1.335523265572711,-0.09665188592959906,0.4363074254048918,0.027149880952380807,0.029326994047618894,0.020951511904761796,0.023363445857142732,0.02152114923885936,0.002981621587288443,5.952582624289966,1.103685059999999,0.1495835099999999,0.023554621999999848,0.02218453592656453,1.6376488200302102,4.357256666666666,5.031280469129382,1.1826654995462669,0.0,3.272032000653142,37.60740809633007,0.0454977704999997,1.6376488200302102,4.357256666666666,5.031280469129382
2024-05-18,0.23652515760301357,1.7722448979591836,1.4072685385076131,-0.0853820349577652,0.4488122887891869,0.04020248299319713,0.04361590136054406,0.03110003401360533,0.03470763795918355,0.030573857287116618,0.005905361476004723,6.025519722250736,1.5449940000000009,0.2094840000000002,0.03487876399999985,0.03289274186635946,1.7256244956274476,4.3903333333333325,5.031280469129382,1.1486616298476968,0.0,3.447807919343652,37.60962457562664,0.0674621179285711,1.7256244956274476,4.3903333333333325,5.031280469129382
2024-05-19,0.27769951694863587,1.7858775510204081,1.9632400665762737,-0.06959468846355722,0.46667716028711553,0.058385629251700585,0.0638937074829931,0.04538656462585027,0.05073072244897951,0.042610859831767094,0.008975748722248591,6.174085967260535,1.6986931200000002,0.23051951999999998,0.0506540499999999,0.047893309125446266,2.407369352031422,4.4556266666666655,5.031280469129382,1.958891685565402,0.0,4.8099381631118705,37.61033701540053,0.0982382276785712,2.407369352031422,4.4556266666666655,5.031280469129382
2024-05-20,0.236582419786172,1.7517959183673468,1.6138437819420808,-0.0680952804321315,0.4653257301303255,0.06051464285714285,0.06479633928571428,0.046470678571428566,0.05173796442857142,0.04366278039326788,0.00852268273507047,5.809346386036914,1.542294,0.20884899999999998,0.052501134,0.04931799255989603,1.9789317291130712,4.290243333333333,5.031280469129382,1.3911967120441926,0.0,3.953917265758098,37.609703735601514,0.101137095,1.9789317291130712,4.290243333333333,5.031280469129382
2024-05-21,0.835411813136334,1.901755102040816,2.1731431564628765,-0.01426498199270873,0.5347524811413635,0.11992962585033998,0.14086073979591818,0.09707511224489783,0.10988359628571413,0.1164327729966668,0.041679551156348096,7.59428745794645,3.089444640000001,0.4221714400000001,0.10404822799999985,0.10046560071643608,2.6647572660683085,4.964323333333332,5.031280469129382,2.4450486508129847,0.0,5.324200733334048,37.61635317349122,0.2063952655714282,2.6647572660683085,4.964323333333332,5.031280469129382
2024-05-22,0.9520631800304223,2.004,2.026519808314502,-0.005236309689244781,0.5520948500573648,0.12795173469387755,0.15933612244897957,0.10718975510204082,0.12257872751020406,0.1329858263815605,0.061189872841389215,9.116397045882502,4.20820992,0.5783653199999998,0.111008028,0.10904431951494054,2.484964401897503,5.344373333333334,5.031280469129382,2.400372406687906,0.0,4.964973530370529,37.620548652159734,0.2245357394999999,2.484964401897503,5.344373333333334,5.031280469129382
2024-05-23,1.0779241878960235,1.9971836734693877,1.8386326784993463,-0.012097728915087494,0.5443186630005736,0.1204352891156461,0.14940792942176853,0.10066572278911551,0.11504251499999983,0.14251988971119212,0.0636484309619294,9.00604581063065,4.0689162,0.5590126999999999,0.10448692999999984,0.10252484642756601,2.254572955808614,5.321043333333336,5.031280469129382,2.4214643190903935,0.0,4.504650062323399,37.61999453233559,0.2110735242857139,2.254572955808614,5.321043333333336,5.031280469129382
2024-05-24,0.7138950341415323,1.9358367346938774,1.996765178827076,-0.038628318346820414,0.5115847794193009,0.09175579931972774,0.10993383503401344,0.07513588095238083,0.08534743579591823,0.0834744474891288,0.032943662113753686,8.071094493202752,3.47320008,0.47553967999999996,0.07960525399999985,0.07731643719046373,2.4484786025657908,5.0981733333333334,5.031280469129382,2.134008138320936,0.0,4.892074688126336,37.61785721301389,0.1589451086785711,2.4484786025657908,5.0981733333333334,5.031280469129382
2024-05-25,0.12271839981953274,1.7995102040816324,1.7254259955344184,-0.07651813807628935,0.4605049013437196,0.05023732993197264,0.055450637755101874,0.03924198979591825,0.043930554489795784,0.03166027179142626,0.006728751963701484,6.326315287021349,1.727841840000001,0.23467264000000024,0.04358476999999985,0.041314897001610944,2.115756361926555,4.519773333333332,5.031280469129382,1.3797742720315136,0.0,4.227293689059326,37.61041617537541,0.0847550201785711,2.115756361926555,4.519773333333332,5.031280469129382
2024-05-26,0.675208643509034,1.9085714285714286,2.2247402765761533,-0.027734442530717135,0.5210166512008526,0.10452807823129244,0.12326424319727883,0.08480579931972783,0.09606327612244892,0.09055479696314335,0.03205905832938915,7.687340393659129,3.0674280000000005,0.41932800000000015,0.0906861939999999,0.08766740509704316,2.728026821192254,4.991666666666666,5.031280469129382,2.4409285206808335,0.0,5.4506136776115754,37.616194853541465,0.1801257427499998,2.728026821192254,4.991666666666666,5.031280469129382
2024-05-27,0.12356815196971646,1.7790612244897959,1.1920744243558503,-0.09516980020314351,0.4390407219060219,0.0287984693877551,0.03137946428571428,0.02233239795918367,0.024942517346938774,0.021951144716055058,0.004110759823902031,6.099350519735677,1.504056959999999,0.20402015999999995,0.024984899999999997,0.02359276033157052,1.46174860802398,4.423123333333335,5.031280469129382,0.984638285710258,0.0,2.9205823396718333,37.609387095702,0.0483905571428571,1.46174860802398,4.423123333333335,5.031280469129382
2024-05-28,0.41766471504195796,1.7108979591836735,1.2217785182027638,-0.08771593144948867,0.4409685418478095,0.037941870748299175,0.03955261054421754,0.028706962585033906,0.0318050237142856,0.035842080589510786,0.008193321893436929,5.399987971584282,1.7620270200000008,0.23797917000000002,0.03291750799999985,0.03067515759323992,1.4981724394108515,4.082323333333333,5.031280469129382,1.1858099851025043,0.0,2.9933573695967715,37.61104945517443,0.0628974561428569,1.4981724394108515,4.082323333333333,5.031280469129382
2024-05-29,0.34807284261987365,1.7177142857142855,0.9533704269478673,-0.08857624398359348,0.4406688870776864,0.0368809693877551,0.03862063775510203,0.027973867346938772,0.0310184261632653,0.032459258338701946,0.0085601858037414,5.466154117697603,2.0412324000000006,0.27581040000000007,0.031997094,0.02985771965099873,1.169044370090661,4.117693333333333,5.031280469129382,0.7093719218776089,0.0,2.3357575460222746,37.61247433472222,0.06122206125,1.169044370090661,4.117693333333333,5.031280469129382
2024-05-30,0.3378960477755054,1.7040816326530612,1.5003997875407444,-0.07285962554903645,0.45605063456875006,0.0554769387755102,0.05757040816326531,0.041869387755102044,0.04634941224489796,0.04491271145410309,0.010970607088406662,5.3346227467031815,1.875,0.253125,0.048130535999999995,0.04479108365865322,1.839824138582858,4.046666666666666,5.031280469129382,1.4640332481132765,0.0,3.675979479474824,37.61168273497345,0.0918406067142857,1.839824138582858,4.046666666666666,5.031280469129382
2024-05-31,0.4258773483790022,1.8131428571428572,2.041316840977267,-0.05435786046503141,0.4851003781965104,0.07564848639455775,0.08421246598639447,0.059376925170067964,0.06657295175510197,0.060925528554538054,0.015438459078439047,6.482297998930856,2.0767968,0.2823028,0.0656309139999999,0.06237079356470127,2.5031088578607874,4.582773333333334,5.031280469129382,2.240730240134425,0.0,5.001226260394304,37.61207853484784,0.1279676932499998,2.5031088578607874,4.582773333333334,5.031280469129382
2024-06-01,0.07766482249682999,1.724530612244898,1.5555838574799474,-0.08545483685784519,0.44457400936932795,0.040490017006802645,0.04259091411564618,0.03078769217687069,0.03416654589795912,0.02623684967435179,0.0033309343638456713,5.5331309987448805,0.9867350999999999,0.13338584999999986,0.0351282219999999,0.032823568126545744,1.9074920926724832,4.152776666666667,5.031280469129382,1.2784202392992463,0.0,3.811180450825871,37.606933136480805,0.0673044925714284,1.9074920926724832,4.152776666666667,5.031280469129382
2024-06-02,0.5831176276937086,1.894938775510204,2.0842630449008093,-0.02651655767858907,0.5212343910810631,0.10615954081632653,0.12418663265306124,0.08572883673469386,0.09697133240816326,0.08780918910210506,0.03160850714568599,7.502360899940668,3.0945023999999997,0.42269540000000005,0.092101614,0.08882459535981929,2.555770463984141,4.936693333333333,5.031280469129382,2.0567028961338214,0.0,5.1064444600069825,37.6164323334661,0.1824576046071428,2.555770463984141,4.936693333333333,5.031280469129382
2024-06-03,0.32163432702910694,1.8131428571428572,1.6324599588705953,-0.0625272475209579,0.4764539315790625,0.06623377551020408,0.07373193877551021,0.051987265306122445,0.05828772195918367,0.053343139743402844,0.012789247115875304,6.482297998930856,1.9649692799999996,0.26710188,0.057462924,0.054608536617791484,2.001759306113298,4.582773333333334,5.031280469129382,1.6700281234973111,0.0,3.9995268992329582,37.611524415023695,0.1120416794999999,2.001759306113298,4.582773333333334,5.031280469129382
2024-06-04,0.6388243115457478,1.901755102040816,2.1253759353049864,-0.03138551371628763,0.5166134466886364,0.10051071428571429,0.11805267857142857,0.08135678571428571,0.09209133,0.08688435405444879,0.030594976300000815,7.59428745794645,3.039073259999999,0.4152882099999999,0.08720081999999998,0.08419828893449127,2.606184019624866,4.964323333333332,5.031280469129382,2.1701062496214587,0.0,5.207171041497216,37.61611569356659,0.1729759049999999,2.606184019624866,4.964323333333332,5.031280469129382
2024-06-05,0.64998748644413,1.9358367346938774,1.888750771352346,-0.045385244631625674,0.5044236686139477,0.08413659863945572,0.10080517006802713,0.06889676190476185,0.07826037159183666,0.0825770736792311,0.032910587373064674,8.071094493202752,3.5074188000000004,0.48022479999999995,0.07299500799999994,0.07089624952706518,2.3160288942700697,5.0981733333333334,5.031280469129382,2.2451816655953474,0.0,4.627439389813247,37.618015532963646,0.1457466548571427,2.3160288942700697,5.0981733333333334,5.031280469129382
2024-06-06,0.5844322873048673,1.9290204081632654,1.9924431762755028,-0.03842501511435274,0.511276361692244,0.092092006802721,0.10990225340136045,0.07523743197278904,0.08540369448979583,0.08030375984914334,0.02997922576328343,7.973396329917773,3.2727052800000007,0.4479148800000001,0.07989693999999989,0.07750960858970676,2.4431788653308004,5.071976666666668,5.031280469129382,2.2396446532650542,0.0,4.881485781874981,37.616986453290245,0.1593195192857141,2.4431788653308004,5.071976666666668,5.031280469129382
2024-06-07,0.7239817379892145,1.9699183673469387,1.9916405649496065,-0.019807506586097076,0.5341186039457972,0.11233295918367346,0.13723696428571425,0.09304560204081631,0.10605163922448979,0.09922865334403987,0.04125454925441559,8.57783783915691,3.7302896400000014,0.5117189400000002,0.09745753199999996,0.09519929374212806,2.442194685178586,5.224856666666667,5.031280469129382,2.047242934091454,0.0,4.879519384126535,37.618727972737545,0.1958586608571428,2.442194685178586,5.224856666666667,5.031280469129382
2024-06-08,0.8400985257093739,1.9631020408163264,1.9466743828836728,-0.03728355454138073,0.5150807039424657,0.09284464285714285,0.11299017857142855,0.07672821428571427,0.08739448714285714,0.0885544878891497,0.03957483824745691,8.474005700585394,3.9943271999999994,0.5477311999999999,0.08054990999999999,0.07859418325871431,2.387056136191975,5.200093333333334,5.031280469129382,2.0636368078304534,0.0,4.769352238064998,37.61999453233559,0.16167002625,2.387056136191975,5.200093333333334,5.031280469129382
2024-06-09,0.7350541617716186,1.9085714285714286,1.9924574858569513,-0.031056947795074452,0.5174962595692247,0.10076399659863938,0.11882546768707475,0.08175192176870742,0.09260401408163259,0.098040027540524,0.036997558626447866,7.687340393659129,3.269676000000001,0.4469760000000002,0.08742056199999994,0.08451048042290958,2.443196412063065,4.991666666666666,5.031280469129382,2.4364750838910094,0.0,4.8815208403495305,37.61714477323999,0.1736393707499998,2.443196412063065,4.991666666666666,5.031280469129382
2024-06-10,0.7432077057849447,1.8813061224489795,2.0131635992294505,-0.03488509760622291,0.5112864693644835,0.09688814625850325,0.11242681122448964,0.07787613265306112,0.0879627371020407,0.0934456440365957,0.03492030411030364,7.321832544241878,3.187307520000001,0.4350259200000002,0.08405796199999985,0.0808731105367757,2.468586716377489,4.8805733333333325,5.031280469129382,2.4076731433937053,0.0,4.932250818112153,37.616986453290245,0.1660851118928568,2.468586716377489,4.8805733333333325,5.031280469129382
2024-06-11,0.7541958213636196,1.9222040816326529,1.9080294536602378,-0.05047461669482446,0.4979810637840277,0.07858061224489796,0.09340714285714286,0.06405061224489797,0.07265474448979593,0.07679020056203854,0.03210619531799383,7.876880773417691,3.6510096000000005,0.49949659999999996,0.06817475999999999,0.06606051174373728,2.339668850343555,5.045493333333334,5.031280469129382,2.2306914880944713,0.0,4.674672161467583,37.61880713271242,0.1357672821428571,2.339668850343555,5.045493333333334,5.031280469129382
2024-06-12,1.127001933389159,1.9494693877551021,2.0703258883895255,-0.051772260851381244,0.4986932150194534,0.07675715986394549,0.09268789115646249,0.06314362585034006,0.07182384685714278,0.08671803872976536,0.04163009545791933,8.270096779685444,4.257726720000001,0.5834041200000001,0.06659277399999991,0.06482753706645805,2.5386804075967726,5.149706666666669,5.031280469129382,2.817311876694672,0.0,5.072298426554337,37.62134025190851,0.1333102421785713,2.5386804075967726,5.149706666666669,5.031280469129382
2024-06-13,0.8403501596349844,1.9153877551020408,2.1467719478061,-0.04944811768134981,0.49854056318269335,0.0798344047619047,0.09452092261904754,0.06492194047619043,0.07359165557142852,0.07784582742294709,0.03285497870640819,7.781533508604254,3.6711322200000005,0.5020533700000003,0.06926252199999994,0.067035854085065,2.632420293847146,5.018723333333332,5.031280469129382,2.7390323186797527,0.0,5.259591272124945,37.61896545266218,0.1377532109999998,2.632420293847146,5.018723333333332,5.031280469129382
2024-06-14,1.0239398150180745,1.9699183673469387,2.1345413201067496,-0.03339418303158169,0.5197153392724867,0.09709996598639449,0.11862684523809515,0.08042808503401354,0.0916704290204081,0.09985116536629692,0.05043679265961985,8.57783783915691,4.5321276,0.6217146,0.08424173199999993,0.08228972379491026,2.6174228216679696,5.224856666666667,5.031280469129382,2.6494776871753967,0.0,5.229626234261537,37.622369331581915,0.1692991037142855,2.6174228216679696,5.224856666666667,5.031280469129382
2024-06-15,1.2572710482346914,2.0244489795918366,1.8985782912371834,-0.03195318310511741,0.525250980907097,0.09784178571428549,0.12322526785714258,0.08251939285714267,0.09455060957142837,0.11315937751150491,0.06566189288077154,9.455630039183601,5.367809460000001,0.7385569100000002,0.0848853179999998,0.08365890995454743,2.3280796213207333,5.412643333333335,5.031280469129382,2.4218022770573793,0.0,4.651516813531099,37.62545657060213,0.1723603049999996,2.3280796213207333,5.412643333333335,5.031280469129382
2024-06-16,1.3160529504182068,2.010816326530612,2.057712643690694,-0.023048022341000757,0.5337060652789325,0.10797397959183673,0.1349674744897959,0.09065739795918365,0.10374058469387754,0.12435201267988726,0.0736241351259644,9.228100416730562,5.435557500000001,0.7473262500000001,0.09367578,0.09212027254287863,2.523213761803122,5.367416666666668,5.031280469129382,2.688502514690561,0.0,5.041395977042201,37.6259315304514,0.1897216907142856,2.523213761803122,5.367416666666668,5.031280469129382
2024-06-17,1.2927269349700845,2.0448979591836736,2.0794643629686083,-0.029396282609787605,0.5294274881783331,0.10035658163265285,0.12781262755102016,0.08520841836734676,0.09781926428571408,0.10563088928293528,0.06659688055780343,9.807486333462577,5.89875,0.8124999999999999,0.08706709799999979,0.08608838458912638,2.549886211716474,5.478333333333334,5.031280469129382,2.347712628748857,0.0,5.094687689273091,37.62751472994895,0.1774703896071424,2.549886211716474,5.478333333333334,5.031280469129382
2024-06-18,0.5689829905965869,1.901755102040816,1.9090776673344168,-0.055545298596544335,0.49101639296454547,0.07310755102040815,0.08586688775510203,0.059175734693877546,0.06698362114285714,0.06319627108464021,0.026802661190232013,7.59428745794645,3.660320279999999,0.5001813799999999,0.06342645599999995,0.06124253267777521,2.340954193647494,4.964323333333332,5.031280469129382,2.15407757304861,0.0,4.67724028496932,37.61904461263706,0.1258158882857142,2.340954193647494,4.964323333333332,5.031280469129382
2024-06-19,1.448485882535127,1.9699183673469387,2.196424897959184,-0.031459086569789824,0.5217667391582061,0.09926954081632654,0.12127741071428572,0.08222514795918368,0.0937186877755102,0.12007352728344854,0.061584606541609424,8.57783783915691,4.6018526400000015,0.63127944,0.086124006,0.08412838266254066,2.69330586381462,5.224856666666667,5.031280469129382,2.9322996707538476,0.0,5.381241,37.62268597148142,0.1730818761428571,2.69330586381462,5.224856666666667,5.031280469129382
2024-06-20,1.6006118117497647,2.0244489795918366,1.9981959787341692,-0.03489918941528339,0.5221268035516609,0.09456804421768694,0.11910220663265289,0.07975833163265295,0.09138698932653049,0.11983281768334408,0.07069700487616636,9.455630039183601,5.457572160000001,0.7509073600000002,0.08204509399999985,0.08085972100803562,2.4502330817575446,5.412643333333335,5.031280469129382,2.5908240456874196,0.0,4.895580147898714,37.625852370476515,0.1665932078571425,2.4502330817575446,5.412643333333335,5.031280469129382
2024-06-21,0.8409718196044093,2.004,2.053362299835112,-0.04451923029873528,0.510441285412207,0.08415462585033999,0.10479632653061205,0.07049934693877538,0.0806207666938774,0.07513339429626889,0.04113466511764294,9.116397045882502,5.00723712,0.68818152,0.07301064799999984,0.07171910511287381,2.517879271820453,5.344373333333334,5.031280469129382,2.0244815361930835,0.0,5.030737634596025,37.624110851029215,0.1476785069999997,2.517879271820453,5.344373333333334,5.031280469129382
2024-06-22,1.1949314307250238,2.0244489795918366,2.171107338438343,-0.02991320351534102,0.5274143360967782,0.10010870748299305,0.1260803061224488,0.08443130612244885,0.09674127722448966,0.09732698567670767,0.05779714148078767,9.455630039183601,5.493477239999999,0.75584754,0.08685204799999989,0.08559722498771861,2.662260899983481,5.412643333333335,5.031280469129382,2.221302356173302,0.0,5.31921297917394,37.62601069042628,0.1763537657142855,2.662260899983481,5.412643333333335,5.031280469129382
2024-06-23,0.6242259931896333,1.9426530612244897,1.920473124010195,-0.0558225400740667,0.49388234553890786,0.07228370748299305,0.0869450255102039,0.0593271938775509,0.06743660755102027,0.058109168012616744,0.029933124343432177,8.169989753774054,4.5509775,0.6233462500000001,0.06271170799999985,0.06097910782470643,2.354927560237099,5.124083333333334,5.031280469129382,1.9343600175847688,0.0,4.705159153824978,37.6227651314563,0.1253775908571426,2.354927560237099,5.124083333333334,5.031280469129382
2024-06-24,0.4932048537633523,1.8472244897959185,2.0522677788606654,-0.04064897540645718,0.5024303609914013,0.09087877551020386,0.10331030612244874,0.07218861224489778,0.08124151004081613,0.07401587886414075,0.02912140442274811,6.889288820338854,3.289864920000001,0.44811882000000025,0.07884436799999979,0.07539648172855314,2.516537145458069,4.735256666666667,5.031280469129382,2.284354153994741,0.0,5.02805605820863,37.61777805303902,0.1547576382857139,2.516537145458069,4.735256666666667,5.031280469129382
2024-06-25,0.7707209499464056,1.9494693877551021,2.2064298131264213,-0.040432885436906846,0.5107122324421635,0.08951411564625834,0.10809251700680254,0.07363802721088422,0.0837608914285713,0.07856380757193514,0.033898189574298285,8.270096779685444,3.826782720000001,0.52435512,0.07766041999999984,0.07560180262421111,2.7055741169708862,5.149706666666669,5.031280469129382,2.1471281497139207,0.0,5.405753042159733,37.61936125253656,0.1554662582142854,2.7055741169708862,5.149706666666669,5.031280469129382
2024-06-26,1.277690323905318,2.0176326530612245,2.114944980811713,-0.03137525855563675,0.5253710467306875,0.09859171768707467,0.12370470238095217,0.08296586054421755,0.09500074689795902,0.1029048761463078,0.06591122446839462,9.3411724909157,5.9026968,0.8118528,0.08553594199999984,0.0842080330182835,2.5933933474156685,5.390173333333335,5.031280469129382,2.6118702760087604,0.0,5.181615202988698,37.62791052982333,0.1734587336785711,2.5933933474156685,5.390173333333335,5.031280469129382
2024-06-27,0.8284973307583724,1.9835510204081632,2.205831428571429,-0.02598154198978632,0.5285903874166041,0.10517345238095223,0.12948241071428554,0.08751224999999986,0.09987826671428555,0.09330222274929026,0.050921419735870624,8.789334476262022,4.934601659999999,0.6774376099999998,0.09124610599999984,0.08933294797167186,2.7048403643020484,5.273523333333334,5.031280469129382,2.453994882012093,0.0,5.404287,37.62403169105434,0.1838507354999997,2.7048403643020484,5.273523333333334,5.031280469129382
2024-06-28,0.8404321873490239,1.9562857142857142,2.16258164095584,-0.05913448436964198,0.4914049097073474,0.06839613945578224,0.08291418792516998,0.05639455272108838,0.06419068022448973,0.06262714253679565,0.030547597849609556,8.371430418718614,4.34283714,0.5952941899999997,0.05933894199999994,0.057832217802222155,2.6518064969924784,5.175043333333334,5.031280469129382,2.371838578753545,0.0,5.298325020341807,37.621656891808016,0.1189434674999998,2.6518064969924784,5.175043333333334,5.031280469129382
2024-06-29,1.064203553683264,1.9835510204081632,2.156255852293555,-0.028537411729237516,0.5258806419876021,0.10231433673469385,0.12596246173469386,0.08513324999999998,0.09716309944897956,0.10193935889421323,0.055239316328258306,8.789334476262022,4.899479940000001,0.67261599,0.088765602,0.08690445272415401,2.644049671929526,5.273523333333334,5.031280469129382,2.5278716194934265,0.0,5.28282683811921,37.62387337110459,0.1788527963571428,2.644049671929526,5.273523333333334,5.031280469129382
2024-06-30,0.9317051615127184,2.0448979591836736,2.285323016833325,-0.04532165242024437,0.5125370669394443,0.08271695578231285,0.10534706632653051,0.07023137755102034,0.08062562142857135,0.0747886091461894,0.04599115420564642,9.807486333462577,5.753550000000001,0.7925000000000002,0.0717633579999999,0.07095667255283006,2.8023147468719367,5.478333333333334,5.031280469129382,2.5089755123843807,0.0,5.599041391241645,37.62688145014993,0.1462765085357141,2.8023147468719367,5.478333333333334,5.031280469129382
2024-07-01,1.1383507128818013,2.0244489795918366,2.0529512119975353,-0.018183523655398437,0.5398534133921978,0.11314328231292511,0.1424964923469387,0.09542461734693872,0.10933739846938771,0.11417077397678453,0.06491935940679545,9.455630039183601,5.260094219999999,0.7237363699999999,0.09816054999999993,0.09674234375300174,2.517375186620673,5.412643333333335,5.031280469129382,2.345371608462759,0.0,5.029730469393962,37.62498161075287,0.1993157678571427,2.517375186620673,5.412643333333335,5.031280469129382
2024-07-02,1.263537587668062,2.0176326530612245,1.8202548197397177,-0.025842137087341843,0.5312385707926754,0.10474710884353731,0.13142797619047608,0.08814568027210876,0.1009319424489795,0.12474443988192846,0.07263600296922416,9.3411724909157,5.366088,0.7380480000000003,0.0908762199999999,0.08946540548225682,2.2320376099346637,5.390173333333335,5.031280469129382,2.344003978069414,0.0,4.459624308362307,37.62553573057701,0.1842883082142855,2.2320376099346637,5.390173333333335,5.031280469129382
2024-07-03,0.899149832952651,1.9290204081632654,1.9792915924427659,-0.045857544568208966,0.5033996947216262,0.08370124149659856,0.09988874574829923,0.06838233503401353,0.07762232038775503,0.08496694524354056,0.042128256838066265,7.973396329917773,4.3465617000000005,0.59488695,0.07261730199999994,0.07044748716109195,2.427052095921079,5.071976666666668,5.031280469129382,2.5624801312796306,0.0,4.849264401484777,37.62197353170752,0.144803463642857,2.427052095921079,5.071976666666668,5.031280469129382
2024-07-04,1.170434166833752,2.010816326530612,2.1872528437395378,-0.025274542839706246,0.5313450787475559,0.10549433673469365,0.13186792091836708,0.08857543367346919,0.10135816255102019,0.10987717027396417,0.06078828265108705,9.228100416730562,5.0791275,0.6983212500000001,0.09152449799999979,0.09000471306574795,2.682058883580535,5.367416666666668,5.031280469129382,2.706601684565377,0.0,5.358769467161867,37.62434833095385,0.1853646962142853,2.682058883580535,5.367416666666668,5.031280469129382
2024-07-05,1.2880473598026732,2.0244489795918366,2.1838412150094637,-0.02568318619498966,0.5319001799592783,0.10480930272108836,0.13200039540816316,0.0883957704081632,0.10128375508163259,0.11348940141672015,0.0704785473142533,9.455630039183601,5.7448128,0.7904288,0.09093017799999993,0.08961643488751475,2.6778754673060225,5.412643333333335,5.031280469129382,2.7805527293885586,0.0,5.350410976773186,37.62711893007456,0.1846344407142855,2.6778754673060225,5.412643333333335,5.031280469129382
2024-07-06,1.4455894958407256,2.058530612244898,2.3071901396398777,-0.02976403491489779,0.5300028121049039,0.09973554421768693,0.1279625850340134,0.08505748299319715,0.09776943673469372,0.10541644802902,0.06991985498361185,10.049301394189525,6.252526080000002,0.8618536800000003,0.08652829999999984,0.08573895961200856,2.829128707201,5.520693333333335,5.031280469129382,2.7028902405094475,0.0,5.6526158421177,37.628860449521866,0.176822651785714,2.829128707201,5.520693333333335,5.031280469129382
2024-07-07,1.682784891543893,2.06534693877551,1.9664266688754939,-0.02979055251242041,0.5304540397875275,0.09960034013605427,0.12825892857142837,0.08513010204081618,0.09791427551020392,0.12036679835654052,0.09009560641453578,10.17243565817006,7.08253644,0.97661474,0.08641099999999985,0.08571376354721495,2.411276835809314,5.541443333333334,5.031280469129382,2.6761911638450284,0.0,4.81774533874496,37.632343488416474,0.1768078928571426,2.411276835809314,5.541443333333334,5.031280469129382
2024-07-08,1.705260015947639,2.085795918367347,2.199192407489224,-0.022803695932734985,0.5392907031358224,0.10697617346938773,0.13927086734693878,0.09203987755102039,0.10605900416326529,0.12204927365834058,0.09463174336243987,10.550965222000599,7.419264000000001,1.0241440000000002,0.09281010599999999,0.09235242268424067,2.696699446564636,5.601973333333334,5.031280469129382,2.813333577760443,0.0,5.3880213983486,37.63345172806475,0.1906260913928571,2.696699446564636,5.601973333333334,5.031280469129382
2024-07-09,1.3011029123785904,2.0789795918367346,2.3092280693106617,-0.037938056309182885,0.5227635145671428,0.09041367346938775,0.11728188775510204,0.0776192857142857,0.08938671061224489,0.08938179143523121,0.0680987301996372,10.42324897187599,7.2632295,1.00224825,0.078440856,0.07797229928393049,2.831627662634196,5.582083333333334,5.031280469129382,2.701771054361382,0.0,5.6576087698111195,37.63289760824062,0.1609083617142857,2.831627662634196,5.582083333333334,5.031280469129382
2024-07-10,0.5944249400105438,1.8472244897959185,1.9018926228084645,-0.06777222344826533,0.47371057566886177,0.05981518707482979,0.06799745323129236,0.047513573129251585,0.053472068632652935,0.048716255428303226,0.019641755028264297,6.889288820338854,3.371297220000001,0.45921087000000027,0.051894301999999844,0.049624949654730154,2.332143729619565,4.735256666666667,5.031280469129382,2.03706701432688,0.0,4.659636925880737,37.61817385291341,0.1018593949285711,2.332143729619565,4.735256666666667,5.031280469129382
2024-07-11,0.6925847506685499,1.8744897959183673,2.154122209797993,-0.04312587104636269,0.5020127935161273,0.08761314625850325,0.10125104166666649,0.07025582482993185,0.0792981627551019,0.0781529783382877,0.02981827060340208,7.233203970749757,3.241349999999999,0.4422249999999999,0.07601118199999984,0.07304302482217732,2.6414333512668344,4.852083333333334,5.031280469129382,2.3364343415910396,0.0,5.277599414005083,37.61730309318975,0.1499880859285711,2.6414333512668344,4.852083333333334,5.031280469129382
2024-07-12,1.1552602684425475,1.9971836734693877,2.0885463771741652,-0.02487576757374524,0.530770087481535,0.1061730612244898,0.13171469387755103,0.08874465306122449,0.10141891199999999,0.11011650681534073,0.061792342197358185,9.00604581063065,5.112681660000001,0.7024116100000001,0.09211334399999999,0.09038361494140533,2.5610227828497742,5.321043333333336,5.031280469129382,2.605240441141855,0.0,5.116938624076705,37.62466497085336,0.1860777051428571,2.5610227828497742,5.321043333333336,5.031280469129382
2024-07-13,0.8092153133666476,1.8267755102040817,1.9900115220295866,-0.06314723223539635,0.4769301778492105,0.06535494897959183,0.07337017857142857,0.05154409183673469,0.057878342816326526,0.0641845525901701,0.023763722243127786,6.642126647267929,3.0588935999999998,0.41614559999999984,0.056700474,0.05401944950223651,2.44019711592276,4.6446266666666665,5.031280469129382,2.5547732672239087,0.0,4.875528228972487,37.61682813334049,0.1108502553214285,2.44019711592276,4.6446266666666665,5.031280469129382
2024-07-14,0.7178125537813052,1.8335918367346937,1.6877174575822138,-0.06135933327065908,0.4793849867059546,0.06732622448979592,0.07590079081632653,0.05322582653061224,0.05981160159183673,0.06393289138486753,0.026905644393914716,6.723512740081279,3.4909185599999986,0.4751157599999999,0.058410708,0.05571824661692786,2.069517300223642,4.675123333333333,5.031280469129382,1.9713789984086632,0.0,4.134907771076424,37.6188862926873,0.1143458434285714,2.069517300223642,4.675123333333333,5.031280469129382
2024-07-15,0.7520806531723351,1.9085714285714286,2.1420948847389845,-0.019915893863849538,0.5293008678110076,0.11338574829931956,0.13370960884353722,0.09199221088435361,0.10420364204081617,0.0982283764276186,0.04719563477187249,7.687340393659129,4.1629380000000005,0.569088,0.09837090799999984,0.09509630805985704,2.6266851733812477,4.991666666666666,5.031280469129382,2.4527813474822855,0.0,5.248132467610511,37.62134025190851,0.1953895304999997,2.6266851733812477,4.991666666666666,5.031280469129382
2024-07-16,0.9907090900232676,1.9290204081632654,2.192164103127759,-0.03437780361992836,0.5155654179683274,0.0966610034013604,0.1153548767006801,0.07897021598639443,0.08964086124489781,0.08774659631457686,0.048283641771695696,7.973396329917773,4.82383122,0.6602078699999998,0.08386089799999985,0.08135512298670412,2.6880811808697804,5.071976666666668,5.031280469129382,2.670381135565144,0.0,5.370802052663009,37.62419001100409,0.1672239006428569,2.6880811808697804,5.071976666666668,5.031280469129382
2024-07-17,0.6740540595719426,1.901755102040816,2.1731431564628765,-0.015726393886491788,0.5332041296579544,0.11827202380952365,0.13891383928571407,0.0957333928571427,0.10836484499999983,0.0938472335718283,0.04893124190990747,7.59428745794645,4.4998432799999994,0.61490188,0.10261012999999984,0.0990770198416219,2.6647572660683085,4.964323333333332,5.031280469129382,2.445728661462889,0.0,5.324200733334048,37.62300261138093,0.2035425824999997,2.6647572660683085,4.964323333333332,5.031280469129382
2024-07-18,0.882777262119991,1.9631020408163264,2.251779920489426,-0.012742053743741169,0.5410958849720549,0.12039112244897958,0.1465137244897959,0.0994930408163265,0.11332393640816324,0.10176453975560791,0.0601105626323878,8.474005700585394,5.27945856,0.72395776,0.104448612,0.10191263221332397,2.7611834438360523,5.200093333333334,5.031280469129382,2.148019784310933,0.0,5.5168608051990935,37.625852370476515,0.2096366072142856,2.7611834438360523,5.200093333333334,5.031280469129382
2024-07-19,1.4902286786812007,2.038081632653061,2.205749696540719,-0.008959521004232973,0.5506158403723086,0.1231258503401359,0.15623044217687052,0.10430850340136041,0.11966996326530596,0.12932568918444973,0.09961208305915499,9.688769670929533,7.17937182,0.98853397,0.10682119999999985,0.1055066584031911,2.7047401426382995,5.456723333333334,5.031280469129382,2.566675909714531,0.0,5.404086756524761,37.63321424814013,0.2174574428571425,2.7047401426382995,5.456723333333334,5.031280469129382
2024-07-20,1.0930298228844242,2.0517142857142856,2.252864081632653,-0.009324934403286675,0.5511996879897669,0.1224570408163263,0.15653706632653033,0.10420401020408145,0.11970198844897939,0.11095127342895969,0.08479128367639464,9.92765763331715,7.17712764,0.9889439400000002,0.10624095599999978,0.10515945577025414,2.762512866739192,5.4996566666666675,5.031280469129382,2.5881319994893106,0.0,5.519517,37.6329767682155,0.2168293679999996,2.762512866739192,5.4996566666666675,5.031280469129382
2024-07-21,0.7741383026973253,2.0176326530612245,1.8945812843082621,-0.05925719968420042,0.49580401817289976,0.06757409863945571,0.08478636904761896,0.05686424149659858,0.06511287146938768,0.055613707675026026,0.036916238360485645,9.3411724909157,6.117340320000001,0.8413747200000004,0.058625757999999896,0.0577156181361269,2.32317840106532,5.390173333333335,5.031280469129382,1.7673211631489765,0.0,4.641724146555242,37.628860449521866,0.1188874466785713,2.32317840106532,5.390173333333335,5.031280469129382
2024-07-22,0.931872912508156,1.9971836734693877,2.323361172394226,-0.010933225865995239,0.5455533875091028,0.12173505102040816,0.1510203698979592,0.10175212755102038,0.11628407699999997,0.10845499695752824,0.06844115277989547,9.00604581063065,5.7495555,0.7899092499999998,0.10561457399999999,0.10363131522634286,2.8489579931382027,5.321043333333336,5.031280469129382,2.620595344678551,0.0,5.692234872365853,37.62751472994895,0.2133514722857142,2.8489579931382027,5.321043333333336,5.031280469129382
2024-07-23,1.673955456453605,2.072163265306122,2.150640254749464,-0.009720138900312203,0.552220720558649,0.12163139455782306,0.15720284013605432,0.10418991156462577,0.11991111355102031,0.13819600952850483,0.10315959383476356,10.297078688419147,7.0897596,0.9779615999999999,0.10552464399999989,0.10478394671045743,2.637163699270785,5.561906666666666,5.031280469129382,2.649433089262078,0.0,5.269068624136185,37.6322643284416,0.2161915420714283,2.637163699270785,5.561906666666666,5.031280469129382
2024-07-24,1.7973285532550525,2.1062448979591837,2.0909219208668697,0.009923624219771138,0.5754172978898908,0.1425519727891155,0.18760377551020388,0.1234553877551019,0.14252077273469374,0.16364584069021054,0.14332406375148452,10.943580363318032,8.474484720000001,1.1710461200000002,0.12367486399999987,0.12344874196357271,2.563935728228991,5.659923333333334,5.031280469129382,2.753719697731559,0.0,5.12275870612383,37.63756804675839,0.254986210285714,2.563935728228991,5.659923333333334,5.031280469129382
2024-07-25,1.2514281615009597,2.038081632653061,2.0751140191130255,-0.03128873709160275,0.5269343728992038,0.09836637755102039,0.12481394132653058,0.08333302551020405,0.0956054374897959,0.09967761071757057,0.06962045125933916,9.688769670929533,6.5102616,0.8964035999999999,0.08534044199999996,0.08429024259296235,2.5445517217338036,5.456723333333334,5.031280469129382,2.480811054601666,0.0,5.084029346826913,37.63028532906966,0.1737287569285714,2.5445517217338036,5.456723333333334,5.031280469129382
2024-07-26,0.9873445574777141,1.9903673469387755,2.3301081598253757,-0.004339996663633897,0.5520407405822548,0.1292379761904761,0.15971863095238084,0.10777959523809517,0.12309112542857134,0.11489497202967007,0.06961435241460368,8.897030343781632,5.499262080000002,0.7552396800000003,0.11212394199999991,0.10989596382583242,2.8572313016534556,5.2974266666666665,5.031280469129382,2.5883072745841136,0.0,5.70876499157217,37.62648565027554,0.2262091312499998,2.8572313016534556,5.2974266666666665,5.031280469129382
2024-07-27,1.7968512804395658,2.092612244897959,2.2555959050829717,0.001834672690890507,0.5658989060210593,0.13395389455782306,0.17502466411564616,0.11550364115646253,0.13317847842857136,0.15818658595622143,0.12355513915863053,10.680246381549303,7.501820820000001,1.0359074700000002,0.11621536599999994,0.11576291195350842,2.7658626904115096,5.621576666666668,5.031280469129382,2.966947839979475,0.0,5.526209967453282,37.6336892079894,0.239001549642857,2.7658626904115096,5.621576666666668,5.031280469129382
2024-07-28,1.94519842705945,2.0994285714285716,2.1142671138132716,0.0012833164299616145,0.5657834850863244,0.13320937074829917,0.1746802125850338,0.1151130034013604,0.1328092399591835,0.1727065466126684,0.13253628317831445,10.81111162538439,7.3980086400000005,1.02193344,0.11556943399999985,0.11523903311935367,2.592562131577838,5.640893333333334,5.031280469129382,2.985076680183192,0.0,5.179954428842516,37.63313508816525,0.2379740167499997,2.592562131577838,5.640893333333334,5.031280469129382
2024-07-29,2.1292546857784953,2.1130612244897957,2.2041294178059325,0.00722918336339512,0.5730241496108149,0.1394521938775508,0.18418214285714257,0.12103397959183655,0.13981003346938756,0.1815444293449948,0.1435039721677872,11.077672242991202,7.676927999999999,1.0612079999999997,0.1209855659999998,0.1208885814383997,2.702753320224536,5.678666666666667,5.031280469129382,3.196125963675048,0.0,5.400117073624535,37.63408500786378,0.2497565111785709,2.702753320224536,5.678666666666667,5.031280469129382
2024-07-30,2.0059518431643153,2.1403265306122448,2.0840337871308785,-0.0063705937535543655,0.5604348861679058,0.12404073129251693,0.16616777210884343,0.10859414965986387,0.12574079142857134,0.15333109307101506,0.1285646650741639,11.63067262009886,8.26413408,1.14396868,0.10761492999999993,0.10796656370563916,2.555489342923889,5.750773333333334,5.031280469129382,2.7118002633381706,0.0,5.105882778470653,37.63606400723572,0.2232754226785712,2.555489342923889,5.750773333333334,5.031280469129382
2024-07-31,1.99934772782666,2.1403265306122448,2.154222843754557,-0.002654095134106929,0.5643782022926292,0.1280977551020408,0.17160265306122446,0.11214595918367345,0.1298534194285714,0.15834612231864542,0.1404353384608143,11.63067262009886,8.74127808,1.21001768,0.111134712,0.111497846656183,2.6415567508993756,5.750773333333334,5.031280469129382,2.981627659795374,0.0,5.277845967198664,37.63804300660765,0.2305781344285713,2.6415567508993756,5.750773333333334,5.031280469129382
2024-08-01,1.680039314278416,2.1130612244897957,2.3704656222034126,0.004768693833599583,0.5704137537896556,0.13675532312925162,0.18062023809523803,0.11869329931972783,0.13710624244897954,0.15213387456946695,0.12349824363336612,11.077672242991202,7.883903999999999,1.089819,0.11864582199999993,0.11855071302615464,2.9067185343707864,5.678666666666667,5.031280469129382,3.088995583523668,0.0,5.807640774398362,37.63495576758743,0.2449264614642855,2.9067185343707864,5.678666666666667,5.031280469129382
2024-08-02,1.362537255486616,2.085795918367347,2.3140090798061292,-0.007880656805701575,0.5551211633393092,0.12340076530612246,0.16065382653061225,0.10617122448979593,0.12234277836734694,0.1268807615788875,0.09764003670532781,10.550965222000599,7.363619520000001,1.0164629200000002,0.10705970999999999,0.10653175625477927,2.8374902457866487,5.601973333333334,5.031280469129382,2.9705960276525576,0.0,5.669322245525016,37.63321424814013,0.2198938773214285,2.8374902457866487,5.601973333333334,5.031280469129382
2024-08-03,1.0522864149328979,1.9971836734693877,2.2275108395759466,-0.011550202516138489,0.5448992061467475,0.12104641156462571,0.1501660671768706,0.10117652891156449,0.11562627299999985,0.11669187969390948,0.0704669400353497,9.00604581063065,5.501882339999999,0.7558823899999998,0.10501712599999985,0.10304508626499363,2.73142414817591,5.321043333333336,5.031280469129382,2.749835052850498,0.0,5.457401556961068,37.62640649030066,0.2121445705714283,2.73142414817591,5.321043333333336,5.031280469129382
2024-08-04,1.1431976129679355,2.038081632653061,2.180248843021241,-0.008334410254981467,0.5512788076622289,0.12381899659863939,0.15710995323129243,0.1048957159863945,0.12034365434693871,0.12546951559741915,0.07448972339378852,9.688769670929533,5.533722359999999,0.7619430599999998,0.10742255799999995,0.10610061609215204,2.673470419562358,5.456723333333334,5.031280469129382,2.635133777077933,0.0,5.341609665402041,37.62601069042628,0.2186816359285713,2.673470419562358,5.456723333333334,5.031280469129382
2024-08-05,2.20210278605538,2.0994285714285716,2.181832558544132,0.004939369903511279,0.5696620749761716,0.13722493197278898,0.17994590136054403,0.11858305442176859,0.13681273934693863,0.18308915733751244,0.15576072037734756,10.81111162538439,8.20132776,1.1329009599999997,0.11905324399999988,0.11871288327225432,2.675412407339122,5.640893333333334,5.031280469129382,3.212615162993002,0.0,5.345489768433123,37.63653896708498,0.2451476804999997,2.675412407339122,5.640893333333334,5.031280469129382
2024-08-06,1.8745347703010118,2.072163265306122,2.460244069913171,0.008758451452024668,0.571821728965433,0.14201205782312917,0.18354388605442162,0.12164806462585025,0.14000352502040805,0.16666516190347833,0.14056832723500085,10.297078688419147,8.0105076,1.1049696,0.12320644599999994,0.12234163682228444,3.016806896547675,5.561906666666666,5.031280469129382,3.470551665917554,0.0,6.027597971287269,37.63622232718547,0.2524167866785712,3.016806896547675,5.561906666666666,5.031280469129382
2024-08-07,2.0051717788220214,2.1403265306122448,2.487482277472269,0.01912717948984391,0.5874887857305495,0.15187474489795919,0.2034548469387755,0.13296204081632654,0.15395628857142857,0.17613815487946033,0.16099001319300504,11.63067262009886,9.008478720000001,1.24700512,0.13176309,0.1321936282496943,3.0502070024228556,5.750773333333334,5.031280469129382,3.407483106238149,0.0,6.09433157980706,37.63915124625594,0.2733771198214285,3.0502070024228556,5.750773333333334,5.031280469129382
2024-08-08,1.9714314189575965,2.1539591836734693,2.5095729308483246,0.017128467020976423,0.5862764392997281,0.14939329931972775,0.20154001700680255,0.13135335374149648,0.15227292563265293,0.17396458523918898,0.15829048495705667,11.91744047378717,9.0340392,1.2514032,0.1296102439999999,0.13029452374648842,3.0772950609895315,5.785106666666668,5.031280469129382,3.3686804125804986,0.0,6.148453680578394,37.63899292630618,0.2695852823571426,3.0772950609895315,5.785106666666668,5.031280469129382
2024-08-09,1.6328370765476756,2.1403265306122448,2.3648698931308747,0.008478886622393517,0.5761906287111241,0.14025079931972773,0.18788314625850316,0.12278560544217673,0.14217302914285695,0.1519454247111539,0.12298932101010147,11.63067262009886,7.97784768,1.1043392799999998,0.12167841799999984,0.12207600440383487,2.899856924881025,5.750773333333334,5.031280469129382,2.9974798750656,0.0,5.793931238170642,37.634876607612554,0.2524538203928568,2.899856924881025,5.750773333333334,5.031280469129382
2024-08-10,1.0207123114940047,2.1403265306122448,2.275112894545143,-0.014620213328515305,0.551681793210316,0.11503523809523794,0.1541038095238093,0.1007100952380951,0.11661187199999982,0.10266256032221659,0.07494746292140887,11.63067262009886,7.195331520000001,0.99601892,0.09980196799999985,0.10012807271277462,2.789794864104912,5.750773333333334,5.031280469129382,2.557989211252853,0.0,5.574026591635601,37.631631048642575,0.2070653819999997,2.789794864104912,5.750773333333334,5.031280469129382
2024-08-11,1.0335077336198324,1.9290204081632654,1.9660520352072128,-0.04046818225071734,0.509111103256557,0.08978542517006795,0.10714958758503391,0.07335299829931965,0.08326463161224483,0.08793045712602074,0.050607437379159737,7.973396329917773,5.045420639999999,0.6905354399999998,0.0778958019999999,0.07556826486472822,2.410817451536034,5.071976666666668,5.031280469129382,2.44501311471942,0.0,4.8168274862576705,37.625219090677504,0.1553291243571427,2.410817451536034,5.071976666666668,5.031280469129382
2024-08-12,0.8603832228225456,1.9358367346938774,1.7741724192399781,-0.05378563955970084,0.49552078047323334,0.07466420068027202,0.0894561649659863,0.06114011904761898,0.06944954020408155,0.06792543844869679,0.040012654379684494,8.071094493202752,5.18413608,0.7097956799999999,0.06477696999999989,0.06291449723147112,2.1755303286704955,5.0981733333333334,5.031280469129382,1.9617006863893791,0.0,4.346722427137946,37.62577321050164,0.1293379773214284,2.1755303286704955,5.0981733333333334,5.031280469129382
2024-08-13,0.7262678565024242,1.9222040816326529,2.1271380721357027,-0.044504588942788095,0.5043074557844673,0.08532819727891139,0.10142785714285693,0.06955053061224475,0.07889348522448965,0.07119778695562518,0.033921664978778895,7.876880773417691,4.160452800000001,0.5691938000000001,0.07402881199999985,0.07173301680124594,2.608344791642804,5.045493333333334,5.031280469129382,2.3106199629759745,0.0,5.211488276732472,37.621181931958745,0.1474253903571425,2.608344791642804,5.045493333333334,5.031280469129382
2024-08-14,0.5761459111401305,1.8744897959183673,2.08269488505113,-0.018678251431185483,0.5279075471067155,0.1154760034013604,0.1334510416666665,0.09259868197278899,0.10451667704081619,0.09894707579273035,0.0385224417093913,7.233203970749757,3.3075,0.45124999999999993,0.10018436599999984,0.09627227126308997,2.553847550925533,4.852083333333334,5.031280469129382,2.4564659012291044,0.0,5.102602468375269,37.61761973308926,0.1976875099285711,2.553847550925533,4.852083333333334,5.031280469129382
2024-08-15,1.0176461531839835,1.9426530612244897,2.3068528933982564,0.00849816953796223,0.5620544493002009,0.14472875850340122,0.17408411989795902,0.11878681122448968,0.1350237394897958,0.13715247115058066,0.07464886118778905,8.169989753774054,4.80858,0.6586300000000002,0.12556339399999988,0.12209432633475886,2.828715168235497,5.124083333333334,5.031280469129382,2.684212641384351,0.0,5.651789588825729,37.62395253107946,0.2510350354285711,2.828715168235497,5.124083333333334,5.031280469129382
2024-08-16,1.7863615631855163,2.085795918367347,2.3140090798061292,0.007342120677192532,0.5712695880052302,0.14015525510204083,0.18246627551020408,0.12058640816326531,0.13895362212244897,0.16516853531196715,0.12838472070853116,10.550965222000599,7.437812160000001,1.02670436,0.121595526,0.12099589040082097,2.8374902457866487,5.601973333333334,5.031280469129382,3.028074608823932,0.0,5.669322245525016,37.63353088803964,0.2497495246071428,2.8374902457866487,5.601973333333334,5.031280469129382
2024-08-17,1.4355768482952476,2.1130612244897957,2.3950306888968145,0.004002257923917299,0.5696006224710326,0.1359152551020408,0.1795107142857143,0.11796418367346938,0.1362640187755102,0.13575500053992737,0.10704615616345095,11.077672242991202,7.658112,1.058607,0.11791699800000001,0.11782247326672537,2.9368407744855336,5.678666666666667,5.031280469129382,2.889378083477472,0.0,5.867825187797195,37.6340058478889,0.2434219138928571,2.9368407744855336,5.678666666666667,5.031280469129382
2024-08-18,1.0562555719801983,2.1062448979591837,2.589143397866262,-0.006342295651943872,0.5581608303702831,0.12470503401360529,0.16411653061224468,0.10799926530612232,0.1246777400816325,0.1101612965944991,0.0862355050391943,10.943580363318032,7.57453944,1.04668724,0.10819126399999988,0.1079934515412022,3.174866166473268,5.659923333333334,5.031280469129382,2.785166165554828,0.0,6.343401324772342,37.63376836796427,0.2230629531428568,3.174866166473268,5.659923333333334,5.031280469129382
2024-08-19,1.4271147067645753,2.1471428571428572,2.3696765392551242,-0.0033238978911043077,0.5641222242741126,0.12723875850340122,0.17105210459183653,0.1116340051020407,0.1293369976530611,0.12839087286963946,0.10689374718908763,11.77318345309095,8.236005,1.1404675000000002,0.11038946599999984,0.11086142423330482,2.9057509430210264,5.768083333333334,5.031280469129382,2.9516212288065895,0.0,5.805707521175053,37.63582652731108,0.2293192934999997,2.9057509430210264,5.768083333333334,5.031280469129382
2024-08-20,1.89305913029547,2.1539591836734693,2.310469155155149,0.014738221089205333,0.5837402035378612,0.14678926870748285,0.19802703231292498,0.12906377210884343,0.14961870110204067,0.18218896418852704,0.1393205781724338,11.91744047378717,7.592437200000001,1.0517112,0.12735104599999988,0.12802339826771053,2.8331495101535737,5.785106666666668,5.031280469129382,3.2263887606471515,0.0,5.660649430130116,37.63305592819037,0.2648862206785711,2.8331495101535737,5.785106666666668,5.031280469129382
2024-08-21,1.8811962557015582,2.1607755102040813,2.4662898104365802,0.021752031082130502,0.5916336261082796,0.15427687074829916,0.20885595238095217,0.13593829931972776,0.15768027673469373,0.18001504304653992,0.15436727994375848,12.063465078255707,8.54517762,1.18409027,0.13384711999999982,0.13468766756590625,3.024220320251773,5.801843333333335,5.031280469129382,3.4172360415404928,0.0,6.042410035569623,37.6368556069845,0.2787462857142854,3.024220320251773,5.801843333333335,5.031280469129382
2024-08-22,2.3744223328828555,2.188040816326531,2.3599318661324786,0.028390019241887443,0.6004626524822504,0.16086761904761898,0.22081357142857133,0.14295971428571422,0.16620842399999994,0.21414450452620093,0.18851660781946716,12.665676498775152,8.900919300000002,1.2350565500000001,0.13956510399999994,0.1409948445124557,2.8938018045430556,5.865923333333332,5.031280469129382,3.4146624419863807,0.0,5.781833072024572,37.637805526683024,0.2921076719999999,2.8938018045430556,5.865923333333332,5.031280469129382
2024-08-23,2.344780987731301,2.174408163265306,2.524813252290723,0.032314622518730574,0.6037384687268852,0.16544562925170062,0.22553673044217676,0.14640377380952377,0.17001692320408157,0.2129737423218525,0.20195691877536998,12.36090393682671,9.5185734,1.3198688999999997,0.14353688199999992,0.144723861003043,3.095983087675703,5.834456666666672,5.031280469129382,3.8081423348632377,0.0,6.185792468112271,37.64057612580373,0.2996732290714284,3.095983087675703,5.834456666666672,5.031280469129382
2024-08-24,2.084140976968334,2.1403265306122448,2.167987986010105,0.015191869020995424,0.5833133036931284,0.1475788605442175,0.19769998299319705,0.12920111564625836,0.1496015262857141,0.1993345536630612,0.15980355038229804,11.63067262009886,7.901504640000001,1.09377144,0.12803607799999983,0.12845443817142452,2.658435879517685,5.750773333333334,5.031280469129382,3.1659066514568677,0.0,5.311570565724757,37.634559967713045,0.2656444550357139,2.658435879517685,5.750773333333334,5.031280469129382
2024-08-25,1.9731579106900832,2.1539591836734693,2.2446302671480924,0.02323852801306006,0.592759686479163,0.1560498469387755,0.21052007653061222,0.13720609183673468,0.15905778134693876,0.20564968571486908,0.15845546707779318,11.91744047378717,7.65010128,1.05969888,0.13538531399999995,0.13610008333831083,2.7524163772787813,5.785106666666668,5.031280469129382,3.4267375147439605,0.0,5.499344154512826,37.633293408115,0.2815972486071428,2.7524163772787813,5.785106666666668,5.031280469129382
2024-08-26,1.468543450083427,2.1266938775510202,2.0897299289621136,-0.011663055324306393,0.5539042959435929,0.11850277210884347,0.15763104591836727,0.1032986428571428,0.11946689277551013,0.13236905058916343,0.09870949201077615,11.350805224784136,7.295996400000002,1.0092544000000003,0.10281032199999995,0.1029378575967738,2.562474080808367,5.715293333333335,5.031280469129382,2.918642527539235,0.0,5.119838325957179,37.6322643284416,0.2127717273214283,2.562474080808367,5.715293333333335,5.031280469129382
2024-08-27,1.3088700458764773,2.0244489795918366,2.1454128554463474,-0.009453384361258324,0.5491115413868454,0.12284462585033998,0.15471469387755082,0.10360669387755089,0.11871241077551006,0.1330183742574493,0.0864784910076803,9.455630039183601,6.0141009,0.8274801500000001,0.10657721599999988,0.10503740725281095,2.6307537440710127,5.412643333333335,5.031280469129382,3.006074836990093,0.0,5.256261495843551,37.62830632969772,0.216405874285714,2.6307537440710127,5.412643333333335,5.031280469129382
2024-08-28,0.79905261873728,1.8813061224489795,1.9750561104346207,-0.05935194012387849,0.4853694638268544,0.06903700680272101,0.08010897959183665,0.05549012244897953,0.062677265632653,0.06415132276649367,0.03258846090363898,7.321832544241878,4.33274616,0.5913633599999998,0.059894943999999894,0.057625599187213127,2.4218584521323843,4.8805733333333325,5.031280469129382,2.642722946064461,0.0,4.838887470564821,37.62244849155679,0.1183428462857141,2.4218584521323843,4.8805733333333325,5.031280469129382
2024-08-29,1.0350463042729243,2.010816326530612,2.4028906807515327,-0.013659568038935602,0.5436615155748126,0.11842976190476184,0.1480372023809523,0.09943630952380947,0.11378642142857136,0.11465415715800893,0.07211114047354768,9.228100416730562,5.774166000000001,0.7938810000000002,0.10274697999999995,0.10104084322070972,2.946478874186332,5.367416666666668,5.031280469129382,3.0523536481450573,0.0,5.887082167841254,37.627435569974075,0.2080936049999998,2.946478874186332,5.367416666666668,5.031280469129382
2024-08-30,1.381117385126264,2.06534693877551,2.5123768822371875,0.011836413346328067,0.5746080702213576,0.1455607142857143,0.18744375000000002,0.12441321428571428,0.14309661857142855,0.1433035877852139,0.10337359092261984,10.17243565817006,6.82565688,0.94119348,0.12628517999999997,0.12526620520578974,3.080733329570667,5.541443333333334,5.031280469129382,3.1123895155080272,0.0,6.155323361481109,37.631235248768185,0.2583955349999999,3.080733329570667,5.541443333333334,5.031280469129382
2024-08-31,1.5742953375944762,2.167591836734694,2.4712722140940286,0.02468368636234569,0.5951936811518055,0.15731175170068018,0.2137065306122448,0.1389092448979591,0.16122020669387746,0.16575834638507742,0.13795372053983868,12.211278924731124,8.323699199999998,1.1537932,0.1364801139999999,0.13747322068133694,3.0303298562522825,5.81829333333334,5.031280469129382,3.205476678071073,0.0,6.054616924530372,37.63582652731108,0.2845849728214283,3.0303298562522825,5.81829333333334,5.031280469129382
2024-09-01,1.1935796874751368,2.1266938775510202,2.4413777921493423,0.007468607510353553,0.5742025944076189,0.13942965986394548,0.18546775510204072,0.12154057142857136,0.14056403853061217,0.12923027402410428,0.0996228749912869,11.350805224784136,7.542354720000001,1.0433331200000002,0.1209660159999999,0.12111607362787033,2.9936726402492297,5.715293333333335,5.031280469129382,2.6449500383709403,0.0,5.981375590765889,37.633293408115,0.2503459542857141,2.9936726402492297,5.715293333333335,5.031280469129382
2024-09-02,1.3810961148420744,2.188040816326531,2.5107147892453514,0.001144330615450731,0.5715499805844957,0.13133093537414958,0.18027029336734685,0.11671107653061218,0.13569112242857134,0.13413292408421928,0.11055446247183424,12.665676498775152,8.333607960000002,1.1563386600000003,0.11393974599999994,0.11510697381100861,3.0786952335696265,5.865923333333332,5.031280469129382,3.31584892246942,0.0,6.151251233651111,37.63550988741157,0.2384741815714284,3.0786952335696265,5.865923333333332,5.031280469129382
2024-09-03,0.9091077175147033,2.167591836734694,2.4590077601561404,-0.012708566259733448,0.5555159465413888,0.11665588435374141,0.15847591836734684,0.10300934693877543,0.11955423281632643,0.10046425625995009,0.07486207482596281,12.211278924731124,7.452614399999999,1.0330473999999998,0.1012080039999999,0.10194445081288273,3.01529090557471,5.81829333333334,5.031280469129382,2.6706336048531956,0.0,6.024569012382544,37.6322643284416,0.2110364376428569,3.01529090557471,5.81829333333334,5.031280469129382
2024-09-04,1.6968795384039674,2.222122448979592,2.5111314433536096,0.040528905723403424,0.6155331738034487,0.17319192176870732,0.24181513605442154,0.15554595238095223,0.18135350938775494,0.1922097205319735,0.1557259302884298,13.460890492759185,8.34084864,1.15927244,0.15025738999999985,0.15252877665128628,3.0792061442563505,5.939573333333336,5.031280469129382,3.1526333285521795,0.0,6.152272036216344,37.63495576758743,0.3164422280357139,3.0792061442563505,5.939573333333336,5.031280469129382
2024-09-05,1.5601375698787197,2.2289387755102044,2.401394516441471,-0.0023253979441249656,0.5704843756471016,0.12683675170068018,0.17769110969387744,0.11415307653061217,0.1331671021836734,0.13607208871965618,0.11970179584992686,13.625827017034084,9.0889617,1.26366695,0.1100406939999999,0.11181016287145108,2.944644243685985,5.953443333333331,5.031280469129382,3.122808918844927,0.0,5.883416565281604,37.637805526683024,0.2320322817857141,2.944644243685985,5.953443333333331,5.031280469129382
2024-09-06,1.3327214643507337,2.038081632653061,2.557935166926565,-0.0038171925259954803,0.5560695868951113,0.12882785714285713,0.1634655357142857,0.10913907142857142,0.12521192657142857,0.1305451447289908,0.08738090390750687,9.688769670929533,6.2390007,0.8590534499999999,0.11176813199999999,0.11039271346218528,3.136597928179637,5.456723333333334,5.031280469129382,3.6329562323991818,0.0,6.266941158970084,37.6290979294465,0.2275279829999999,3.136597928179637,5.456723333333334,5.031280469129382
2024-09-07,1.5961077504844796,2.092612244897959,2.555990192918612,0.034793561524248784,0.6008629414404958,0.17019129251700674,0.2223725850340135,0.146749850340136,0.16920610971428565,0.18816590743735198,0.12436020612364701,10.680246381549303,6.34769454,0.87653709,0.14765411199999992,0.14707925944172884,3.134212957081625,5.621576666666668,5.031280469129382,3.2861152484544647,0.0,6.2621759726506,37.628781289546986,0.3036565885714284,3.134212957081625,5.621576666666668,5.031280469129382
2024-09-08,2.253225133988741,2.222122448979592,2.5358722520634407,0.05084095278860931,0.6309519144739009,0.18431741496598633,0.2573488435374149,0.1655379047619047,0.19300328620408155,0.2189775970235239,0.213827041711138,13.460890492759185,10.0528128,1.3972138,0.15990961599999992,0.16232691186275078,3.1095438832045916,5.939573333333336,5.031280469129382,3.469999558223903,0.0,6.2128870175554285,37.641763525426896,0.3367698265714283,3.1095438832045916,5.939573333333336,5.031280469129382
2024-09-09,1.8106295148119926,2.201673469387755,2.2764367689093006,0.010145654430356976,0.5819822557644854,0.14081595238095224,0.1946182738095236,0.1256715952380951,0.1462753602857141,0.17177586823447288,0.14021723439850142,12.977963585146018,8.31329028,1.15429238,0.12216873199999989,0.12365970706202446,2.791418228778683,5.896243333333333,5.031280469129382,3.2475619519681915,0.0,5.577270083827785,37.63519324751207,0.2563333889999997,2.791418228778683,5.896243333333333,5.031280469129382
2024-09-10,1.6809373243555987,2.188040816326531,2.423898248933408,0.026116842986747518,0.5980503956245964,0.15840329931972774,0.21743094387755083,0.14076972448979577,0.1636622888571427,0.18018831861588097,0.13666080851351015,12.665676498775152,7.668484320000002,1.0640487200000002,0.13742711599999988,0.13883495441822766,2.972238829202915,5.865923333333332,5.031280469129382,3.1625825347614285,0.0,5.93855070988685,37.63281844826574,0.2876328951428569,2.972238829202915,5.865923333333332,5.031280469129382
2024-09-11,2.664307950444696,2.222122448979592,2.448185806537951,0.03167807313742038,0.6061400179103887,0.1636429081632653,0.22848255102040815,0.14696985714285715,0.17135450302040817,0.23282485803813127,0.21159176853162345,13.460890492759185,9.3560832,1.3003772,0.141972882,0.14411903473844076,3.0020207813993376,5.939573333333336,5.031280469129382,3.989353987039072,0.0,5.998055226017981,37.63899292630618,0.2989950451071427,3.0020207813993376,5.939573333333336,5.031280469129382
2024-09-12,3.074384867384464,2.2425714285714284,2.526078654325952,0.05567473549799909,0.6328982982076355,0.18899637755102042,0.26655621173469385,0.1708099336734694,0.1994817539387755,0.28537218945036297,0.27580349670745136,13.961787738828495,10.05723,1.399205,0.163968978,0.16691979786006603,3.097534752257876,5.980323333333333,5.031280469129382,4.179166785382676,0.0,6.188892703098583,37.64136772555251,0.346599387,3.097534752257876,5.980323333333333,5.031280469129382
2024-09-13,2.659916035019364,2.2630204081632654,2.3447558308522662,0.04320557117203214,0.6377925495707216,0.17509198979591817,0.24942349489795893,0.15923460204081613,0.18626880526530593,0.24514880846982595,0.24584623716557968,14.48132402302496,10.54786536,1.4688945599999998,0.15190584599999982,0.15507204762509805,2.875192607002256,6.0184933333333355,5.031280469129382,3.732414577138541,0.0,5.744651785588052,37.64287176507518,0.3222865398214281,2.875192607002256,6.0184933333333355,5.031280469129382
2024-09-14,2.396169333956295,2.2289387755102044,2.3217680285890085,0.03606851558152824,0.6112314563594287,0.16822001700680267,0.23566672193877544,0.15139801530612243,0.17661578283673465,0.23981186806699453,0.21049740345993564,13.625827017034084,9.068985960000001,1.26088966,0.14594387799999994,0.14829067480500616,2.847004444188508,5.953443333333331,5.031280469129382,3.879519566848728,0.0,5.688331670043071,37.637726366708144,0.3077378903571428,2.847004444188508,5.953443333333331,5.031280469129382
2024-09-15,2.338115683391144,2.235755102040816,2.285429273380741,0.033053610446439896,0.6084618207426638,0.16481467687074816,0.2316734608843535,0.14864418027210868,0.17349947742857125,0.2354225294784448,0.20479983610036467,13.79278451139669,9.020267999999998,1.2545279999999996,0.1429894819999999,0.1454260206799288,2.8024450410524895,5.967026666666667,5.031280469129382,3.765730475300381,0.0,5.599301719782815,37.637409726808635,0.3018804706071425,2.8024450410524895,5.967026666666667,5.031280469129382
2024-09-16,2.519250250874368,2.235755102040816,2.353260882416461,0.046920852978699384,0.6231792085408926,0.17974751700680264,0.2526639625850339,0.16211191156462576,0.1892191937142856,0.25675271113383313,0.22186644804071512,13.79278451139669,8.96013288,1.24616448,0.1559448759999999,0.15860217440402322,2.885621693501492,5.967026666666667,5.031280469129382,3.6224691708004353,0.0,5.765489161920329,37.637172246884,0.3292319959285712,2.885621693501492,5.967026666666667,5.031280469129382
2024-09-17,2.307742722297396,2.2766530612244895,2.3675971585510434,0.02701183865516482,0.6045908712380887,0.15742892857142857,0.22574714285714284,0.1437652857142857,0.16835509028571424,0.20877037716825542,0.19479699624188015,14.838378025342186,9.88380288,1.37730348,0.136581774,0.13968534702382548,2.90320115939373,6.042506666666668,5.031280469129382,3.64808235876344,0.0,5.800613038450056,37.6400220059796,0.2904857797499999,2.90320115939373,6.042506666666668,5.031280469129382
2024-09-18,2.240517646981956,2.2630204081632654,2.5535742174910254,0.027248639693574633,0.6040023777212206,0.15797289965986386,0.22503686649659854,0.14366592006802714,0.16805693577551015,0.2086734234671997,0.18870326525132267,14.48132402302496,9.51136992,1.32455232,0.13705371099999988,0.13991034683015713,3.131250433395066,6.0184933333333355,5.031280469129382,4.106767139028482,0.0,6.256256832853012,37.638834606356426,0.290775947410714,3.131250433395066,6.0184933333333355,5.031280469129382
2024-09-19,1.1964795403171,2.0994285714285716,2.2213856136442836,-0.01826569586934819,0.5450445648245851,0.11173806122448979,0.14652443877551022,0.09655855102040815,0.11140242538775509,0.11114891051361182,0.07754227023037163,10.81111162538439,6.7254624,0.9290303999999999,0.09694141199999999,0.09666426667889474,2.7239132576673084,5.640893333333334,5.031280469129382,2.811700884973818,0.0,5.442394753428494,37.63028532906966,0.1996162514999999,2.7239132576673084,5.640893333333334,5.031280469129382
2024-09-20,2.3078090760755225,2.2289387755102044,2.5161138470110576,0.06064632346347004,0.637315640792162,0.19471145408163265,0.2727797257653061,0.17524030867346937,0.20442939254081632,0.2546814144987844,0.2353668895122772,13.625827017034084,9.548403720000001,1.32754462,0.16892724899999997,0.17164362144168396,3.08531568025686,5.953443333333331,5.031280469129382,3.934053620394792,0.0,6.164478925177091,37.639626206105206,0.3562007255357143,3.08531568025686,5.953443333333331,5.031280469129382
2024-09-21,2.940842005151222,2.2766530612244895,2.5256070493966956,0.05056561709569382,0.6457801313250773,0.18265170068027206,0.26191564625850333,0.16679891156462578,0.1953284179591836,0.27851198526175275,0.27870187979715855,14.838378025342186,10.60002048,1.47710808,0.15846447999999994,0.1620652978174822,3.096956459632187,6.042506666666668,5.031280469129382,4.553981085364937,0.0,6.187737271021905,37.6427926051003,0.3370265057142855,3.096956459632187,6.042506666666668,5.031280469129382
2024-09-22,2.8776651989129878,2.2425714285714284,2.5756143237653855,0.03923824466677725,0.6330382956114361,0.17131348639455773,0.24161666241496585,0.15482860374149648,0.1808178293265305,0.23844753942879923,0.23967034732330594,13.961787738828495,10.4595192,1.4551732000000002,0.1486277019999999,0.15130243706371163,3.15827650996294,5.980323333333333,5.031280469129382,4.0565067020784955,0.0,6.3102550932251935,37.64295092505006,0.3141708329999998,3.15827650996294,5.980323333333333,5.031280469129382
2024-09-23,2.1044674207386613,2.2698367346938775,2.5333729141931203,0.0335801500727991,0.6155086270859318,0.16461367346938752,0.23527331632653026,0.15001585714285692,0.1755800500408161,0.19828487375328743,0.19346268157359092,14.658763937014381,10.2986367,1.43464945,0.14281509599999978,0.14592631964294156,3.1064791386062027,6.03064333333333,5.031280469129382,3.844158642911163,0.0,6.206763639773144,37.641763525426896,0.3033711977142852,3.1064791386062027,6.03064333333333,5.031280469129382
2024-09-24,1.0266007076488421,1.9699183673469387,2.109279586301988,-0.07568814009927707,0.47487942519358,0.0496811904761904,0.06069541666666657,0.04115102380952374,0.04690316828571422,0.04928802732547674,0.029109583777167693,8.57783783915691,5.299103040000001,0.7269278400000001,0.043102275999999905,0.04210353114501472,2.586446312591923,5.224856666666667,5.031280469129382,2.888901564182013,0.0,5.167734986439872,37.625852370476515,0.0866218739999998,2.586446312591923,5.224856666666667,5.031280469129382
2024-09-25,0.9170407896144678,2.004,2.5093956546054943,0.006099064459050368,0.5641142908865426,0.14058971088435365,0.1750739795918366,0.11777704081632645,0.13468600408163256,0.12551873500878877,0.07115693834273278,9.116397045882502,5.18479872,0.71258512,0.12197244999999993,0.11981478321387803,3.077077680852942,5.344373333333334,5.031280469129382,2.82582002467811,0.0,6.148019353783462,37.62490245077799,0.2467134562499998,3.077077680852942,5.344373333333334,5.031280469129382
2024-09-26,0.8661358984870533,2.072163265306122,2.3655835902628373,0.004590532704648695,0.567400644410367,0.13741511904761897,0.1776025595238094,0.11771030952380945,0.13547160257142848,0.1201427723352203,0.07593965863288893,10.297078688419147,6.003276959999999,0.8280921599999999,0.11921824599999993,0.11838143074690882,2.90073207643858,5.561906666666666,5.031280469129382,2.814021653790901,0.0,5.795679796143951,37.62759388992383,0.2442460402499998,2.90073207643858,5.561906666666666,5.031280469129382
2024-09-27,1.1646856822709293,2.1130612244897957,2.5944599140836466,0.024005248339274754,0.590822302936902,0.15783994897959164,0.20846785714285687,0.13699316326530595,0.15824497224489775,0.15167528113956574,0.10931470336675707,11.077672242991202,6.999552,0.967572,0.13693836599999984,0.13682859334007158,3.181385398847957,5.678666666666667,5.031280469129382,3.3882800690391828,0.0,6.356426789504934,37.631235248768185,0.2826886683214282,3.181385398847957,5.678666666666667,5.031280469129382
2024-09-28,0.9167617135284795,1.9085714285714286,2.2592344309056376,-0.01551612036962148,0.5339626891048062,0.11837027210884347,0.13958758503401353,0.0960362585034013,0.1087845134693877,0.1109624234237566,0.053313942465173736,7.687340393659129,4.1629380000000005,0.569088,0.10269536799999994,0.09927681415371702,2.770324333030354,4.991666666666666,5.031280469129382,2.999843650123275,0.0,5.535124355718812,37.62134025190851,0.2039790029999998,2.770324333030354,4.991666666666666,5.031280469129382
2024-09-29,0.5410658943650511,1.9290204081632654,1.8984698025729692,-0.029561709768208322,0.5206693018620612,0.1020980102040816,0.1218433801020408,0.08341214795918364,0.09468299773469385,0.08537570365471517,0.034362752647080816,7.973396329917773,3.5283853800000005,0.48290823000000016,0.08857792199999995,0.0859312016694204,2.327946590068102,5.071976666666668,5.031280469129382,2.063058310008914,0.0,4.651251016303774,37.61817385291341,0.1766299429285714,2.327946590068102,5.071976666666668,5.031280469129382
2024-09-30,0.7926738222128603,1.8472244897959185,2.2370992421939895,-0.022822855563525257,0.5213057675884917,0.1112945918367347,0.12651885204081634,0.08840570408163265,0.09949232534693878,0.10227940933101015,0.04482360427150668,6.889288820338854,3.6644535000000005,0.49914225000000007,0.09655666799999998,0.09233421789406683,2.743181664228376,4.735256666666667,5.031280469129382,3.125450891981733,0.0,5.480893143375275,37.6195987324612,0.1895237704285714,2.743181664228376,4.735256666666667,5.031280469129382
2024-10-01,0.6446466581543661,1.9290204081632654,2.1921641031277597,-0.03630839296566089,0.5135194645109257,0.09448151360544203,0.11275388180272093,0.0771896139455781,0.0876196599795917,0.07562597976406896,0.03720273251821163,7.973396329917773,4.312471019999999,0.59022117,0.08197002199999984,0.07952074661820151,2.688081180869781,5.071976666666668,5.031280469129382,2.262418036885158,0.0,5.37080205266301,37.62181521175777,0.1634533750714283,2.688081180869781,5.071976666666668,5.031280469129382
2024-10-02,1.088908673162079,2.0789795918367346,2.499991905565508,0.053032993004246576,0.619263296737857,0.19064316326530611,0.24729655612244897,0.16366535714285713,0.18847774469387754,0.16702614544005573,0.12207401192514217,10.42324897187599,6.967525500000001,0.96144425,0.16539769199999999,0.16440970941846114,3.0655465911922986,5.582083333333334,5.031280469129382,2.822992686813522,0.0,6.124980168635495,37.631631048642575,0.3392858391428571,3.0655465911922986,5.582083333333334,5.031280469129382
2024-10-03,1.2406961849491671,2.085795918367347,2.584357432429166,0.032489841151005144,0.5979464589013157,0.16783333333333328,0.21849999999999994,0.14439999999999995,0.16639439999999994,0.1662613838729959,0.12214403183973917,10.550965222000599,7.029752640000001,0.9703764400000001,0.14560839999999994,0.1448903474280698,3.1689975074593755,5.601973333333334,5.031280469129382,3.5141906600717485,0.0,6.3316757094514555,37.63178936859233,0.2990704499999998,3.1689975074593755,5.601973333333334,5.031280469129382
2024-10-04,1.3949135023925532,2.0176326530612245,2.4079707878989995,0.05179333411621273,0.6135660595277127,0.19111367346938754,0.2397935714285712,0.1608239591836733,0.18415280865306102,0.19947445241449033,0.13357213332565238,9.3411724909157,6.171001200000001,0.8487552000000002,0.16580589599999984,0.1632318302520605,2.952708216415057,5.390173333333335,5.031280469129382,3.340517039921282,0.0,5.899528430352548,37.6290979294465,0.3362385458571424,2.952708216415057,5.390173333333335,5.031280469129382
2024-10-05,1.1279939477985221,2.1062448979591837,2.365608110682504,0.03397171878566588,0.6009298521172385,0.1689375,0.222328125,0.14630625,0.168900525,0.15562094260398418,0.11156949639067792,10.943580363318032,6.9370782,0.9585996999999999,0.14656634999999998,0.14629837411175728,2.9007621439315017,5.659923333333334,5.031280469129382,2.836921779358696,0.0,5.795739871172135,37.63107692881844,0.3021826499999999,2.9007621439315017,5.659923333333334,5.031280469129382
2024-10-06,0.684654669915884,1.9085714285714286,2.3044235941370155,-0.006307625175734605,0.5437196366010852,0.12880261904761897,0.15188988095238085,0.10450023809523803,0.11837203714285707,0.11158432464786756,0.05773680378961118,7.687340393659129,4.483163999999999,0.6128639999999999,0.1117462359999999,0.10802639417728557,2.825736306562903,4.991666666666666,5.031280469129382,3.30715606476891,0.0,5.645837805635688,37.62284429143118,0.2219563184999998,2.825736306562903,4.991666666666666,5.031280469129382
2024-10-07,0.8981527620660823,1.8813061224489795,1.9098546828322376,0.0005320010743073283,0.548802758684108,0.13720420068027206,0.15920864795918363,0.11028111224489791,0.12456484616326527,0.13232924142120342,0.06541950692030049,7.321832544241878,4.216542240000002,0.5755030400000001,0.11903525799999995,0.11452516036503037,2.341906987616685,4.8805733333333325,5.031280469129382,2.207058152740625,0.0,4.6791439729389825,37.62189437173264,0.2351946641785713,2.341906987616685,4.8805733333333325,5.031280469129382
2024-10-08,1.59419913537112,2.0994285714285716,2.5612602757906098,0.05288249985295454,0.6205234041265355,0.1898824149659863,0.24899675170068014,0.1640870680272108,0.18931205118367336,0.21753232126310218,0.14332881564106828,10.81111162538439,6.3518256,0.8774175999999999,0.16473768399999994,0.16426671625372533,3.1406752518384944,5.640893333333334,5.031280469129382,3.512655468869271,0.0,6.2750876756869935,37.62870212957211,0.3392184854999998,3.1406752518384944,5.640893333333334,5.031280469129382
2024-10-09,2.3425475181711284,2.201673469387755,2.3563359183673462,0.05858976806338942,0.6333921785564938,0.19323187074829917,0.26706102891156436,0.17245032993197265,0.20072343391836717,0.265772362385443,0.2328814049196256,12.977963585146018,8.92398222,1.2390863699999997,0.1676435959999999,0.16968955667137792,2.889392372100908,5.896243333333333,5.031280469129382,3.684076405114832,0.0,5.773022999999998,37.63764720673327,0.3517483598571426,2.889392372100908,5.896243333333333,5.031280469129382
2024-10-10,1.658826022140794,2.2153061224489794,2.4686484354817573,0.015545629348431789,0.5885855593321052,0.1463773469387755,0.20368545918367345,0.13118724489795916,0.1528676632653061,0.1621283773072515,0.1504954537954173,13.29795047533894,9.522,1.323,0.126993672,0.12879056847598536,3.027112519602916,5.925416666666664,5.031280469129382,3.398289334097769,0.0,6.048188666930304,37.63978452605495,0.2671182205714285,3.027112519602916,5.925416666666664,5.031280469129382
2024-10-11,1.6251707850456598,2.256204081632653,2.4853174680474006,0.02823831960429493,0.6141314927050465,0.15918207482993185,0.2260085119047617,0.14446524149659853,0.1688999903265305,0.16583635846111056,0.16376362612228065,14.306031965649625,10.34962026,1.4408207100000003,0.13810276399999988,0.14085070498794974,3.047552464166866,6.006056666666664,5.031280469129382,3.1983760282391587,0.0,6.089027796716131,37.64223848527617,0.2926421284285712,3.047552464166866,6.006056666666664,5.031280469129382
2024-10-12,1.3989402831817253,2.2153061224489794,2.4686484354817577,0.05814673357479169,0.6337962697391226,0.19238278911564613,0.26770246598639436,0.17241853741496588,0.20091296938775496,0.1905514494079853,0.16656118379121282,13.29795047533894,8.96655,1.2458250000000002,0.1669069519999999,0.16926860127860535,3.0271125196029165,5.925416666666664,5.031280469129382,3.152050026830531,0.0,6.048188666930305,37.63756804675839,0.3510717291428569,3.0271125196029165,5.925416666666664,5.031280469129382
2024-10-13,1.1701402959429346,2.010816326530612,2.514712170822879,0.011664168741867598,0.5705146262910017,0.14663243197278894,0.18329053996598618,0.12311590986394544,0.14088333397959166,0.14734104318428307,0.08923718917592022,9.228100416730562,5.560308000000001,0.7644780000000001,0.12721497799999984,0.12510254459473188,3.0835969132276304,5.367416666666668,5.031280469129382,3.761920372324891,0.0,6.161044818516054,37.62648565027554,0.2576486762142854,3.0835969132276304,5.367416666666668,5.031280469129382
2024-10-14,1.012844561508472,2.072163265306122,2.228870762542193,0.02649090262468415,0.5906312765489279,0.16156977891156446,0.20882131802721066,0.13840128231292503,0.15928463351020392,0.1473059150435221,0.09139523540685973,10.297078688419147,5.8927872,0.8128511999999998,0.14017428199999987,0.13919037239551957,2.733091716460504,5.561906666666666,5.031280469129382,2.5834985421574954,0.0,5.460733368228373,37.62711893007456,0.2871793074642854,2.733091716460504,5.561906666666666,5.031280469129382
2024-10-15,0.9274451773629225,2.038081632653061,2.4347228658684283,0.02132217682556442,0.5827313897664661,0.15670333333333322,0.19883583333333318,0.13275433333333325,0.15230499599999991,0.14138704931041712,0.08613427308209158,9.688769670929533,5.678394840000001,0.7818631400000001,0.1359522639999999,0.13427923555425764,2.985512219197595,5.456723333333334,5.031280469129382,3.1039299530789464,0.0,5.96507102137765,37.626643970225295,0.2767599659999998,2.985512219197595,5.456723333333334,5.031280469129382
2024-10-16,0.5911758018743731,1.901755102040816,1.680257209918608,-0.036413438159988196,0.5112864103452273,0.09480780612244898,0.11135445153061223,0.0767406581632653,0.08686613185714284,0.0785916469065742,0.03531980840628493,7.59428745794645,3.878596259999999,0.5300087099999999,0.08225310599999999,0.07942093646306696,2.0603693758868857,4.964323333333332,5.031280469129382,1.7919488923130336,0.0,4.11663016430059,37.62007369231046,0.1631613722142856,2.0603693758868857,4.964323333333332,5.031280469129382
2024-10-17,0.7483322360805074,1.9699183673469387,2.07080925295188,-0.013363080646037653,0.5409503536275285,0.11955826530612243,0.14606410714285709,0.09903033673469386,0.1128729280408163,0.10127740808625292,0.05194425007455953,8.57783783915691,4.6018526400000015,0.63127944,0.10372604399999996,0.10132255484845337,2.5392731201504133,5.224856666666667,5.031280469129382,2.0533077107476183,0.0,5.073482669732105,37.62268597148142,0.2084563774285713,2.5392731201504133,5.224856666666667,5.031280469129382
2024-10-18,1.4709421046834257,2.092612244897959,2.428399010751269,0.039215079166578376,0.6055534545289591,0.1750526303854874,0.22872442743764154,0.15094160770975046,0.17403930685714275,0.1935406715504503,0.13766528014736978,10.680246381549303,6.831682980000001,0.9433698300000001,0.15187169866666655,0.1512804260408997,2.9777577650913862,5.621576666666668,5.031280469129382,3.5315040424833892,0.0,5.94957757634061,37.6308394488938,0.312330224285714,2.9777577650913862,5.621576666666668,5.031280469129382
2024-10-19,0.9677480899626772,2.1471428571428572,2.516390718811604,-0.0016810226408017215,0.5658654036127956,0.12903036281179137,0.17346062925170067,0.11320588435374147,0.13115814653061222,0.11538648142506766,0.08020456236986774,11.77318345309095,6.8761065000000015,0.9521577500000002,0.11194382133333332,0.11242242504490382,3.0856551867178497,5.768083333333334,5.031280469129382,3.081818624558603,0.0,6.16515726108843,37.630206169094784,0.2325482579999999,3.0856551867178497,5.768083333333334,5.031280469129382
2024-10-20,0.9838085527420097,1.9153877551020408,1.9038815635435857,-0.0187679142356946,0.5310501269546268,0.11455120748299306,0.13562430697278896,0.09315390646258492,0.10559373532653049,0.11985998556197892,0.06294251648227984,7.781533508604254,4.567768200000001,0.6246747000000001,0.09938203399999984,0.09618707689998589,2.334582613712374,5.018723333333332,5.031280469129382,2.609453644053721,0.0,4.6645098306817845,37.62316093133069,0.1976565955714283,2.334582613712374,5.018723333333332,5.031280469129382
2024-10-21,1.2108147596731438,2.004,2.48747911558265,0.05971713853195243,0.6209681062315483,0.2003692942176869,0.2495164795918365,0.16785654081632637,0.19195529608163248,0.21559318631185287,0.11091920633209196,9.116397045882502,4.7053823999999995,0.6466953999999999,0.17383586299999987,0.1707607434313437,3.050203125242324,5.344373333333334,5.031280469129382,3.4799149462818937,0.0,6.094323833177492,37.6227651314563,0.3516174888749996,3.050203125242324,5.344373333333334,5.031280469129382
2024-10-22,0.7228229527000842,1.7722448979591836,2.225086930590214,-0.08115821168168247,0.45328003960601615,0.04510768707482979,0.048937585034013444,0.03489462585034002,0.038942402448979466,0.05117278395447002,0.01597423558894208,6.025519722250736,2.49696,0.3385600000000001,0.03913440799999985,0.03690606640868333,2.728451896181001,4.3903333333333325,5.031280469129382,3.5465985635203903,0.0,5.451462979946024,37.614453334094165,0.075693337285714,2.728451896181001,4.3903333333333325,5.031280469129382
2024-10-23,0.8117258523001736,1.9631020408163264,2.3102774520821803,0.00841305561174499,0.5635213268438355,0.14413656462585017,0.17541147959183653,0.11911663265306108,0.13567547632653043,0.12704954111112188,0.062209165865319375,8.474005700585394,4.376393279999999,0.6001228799999999,0.12504961999999983,0.12201345415174981,2.8329144395117236,5.200093333333334,5.031280469129382,2.6230628496726403,0.0,5.660179757601342,37.62173605178289,0.2509844560714283,2.8329144395117236,5.200093333333334,5.031280469129382
2024-10-24,0.8709938107167201,2.1062448979591837,2.414388667733953,0.013640961968231308,0.5793610107952558,0.1466306292517006,0.1929714413265305,0.1269876581632652,0.146598536510204,0.12398721533790236,0.079280531532285,10.943580363318032,6.1871238,0.8549672999999999,0.12721341399999994,0.12698082222424079,2.9605779657558147,5.659923333333334,5.031280469129382,2.5434616300753974,0.0,5.915252235948184,37.62791052982333,0.262281803142857,2.9605779657558147,5.659923333333334,5.031280469129382
2024-10-25,1.4109509045888213,2.188040816326531,2.498497126525533,0.04838382663301691,0.6216797485524785,0.18254263605442161,0.25056559948979573,0.1622218520408162,0.18860305157142843,0.1935073321360133,0.14825996637723568,12.665676498775152,7.746734160000002,1.0749063600000002,0.15836985799999984,0.15999223920737146,3.063713659341447,5.865923333333332,5.031280469129382,3.3089683745635203,0.0,6.121317959987556,37.63313508816525,0.3314657404285712,3.063713659341447,5.865923333333332,5.031280469129382
2024-10-26,1.4050486779843452,2.174408163265306,2.2175688933827455,0.013075203920647316,0.5833226944783332,0.1445475850340135,0.19704835884353725,0.12791097619047606,0.14854146208163252,0.1581919605738261,0.11878257286152903,12.36090393682671,7.537156079999998,1.04512068,0.12540621199999988,0.12644325933181505,2.719233108999129,5.834456666666672,5.031280469129382,2.9170469485099666,0.0,5.433043788787726,37.63250180836623,0.2618204044285712,2.719233108999129,5.834456666666672,5.031280469129382
2024-10-27,1.2532009515846705,2.092612244897959,1.6484238535722004,-0.03623410232256179,0.5255141101417231,0.09209831632653061,0.1203360076530612,0.07941307653061223,0.0915651887142857,0.10182520508975045,0.07025729202316305,10.680246381549303,6.6269186399999995,0.9150944400000001,0.07990241399999999,0.07959133490793964,2.0213345946875183,5.621576666666668,5.031280469129382,1.992800062803319,0.0,4.038638441251892,37.629968689170155,0.1643225110714285,2.0213345946875183,5.621576666666668,5.031280469129382
2024-10-28,1.325527056232373,1.9699183673469387,2.2919658436778945,0.016854009346860682,0.5729835551666438,0.15343680272108834,0.18745345238095226,0.12709199319727882,0.14485707991836727,0.1689076031309618,0.08531856114545837,8.57783783915691,4.5321276,0.6217146,0.13311829599999989,0.1300337439630171,2.8104603313211975,5.224856666666667,5.031280469129382,3.1105288021390676,0.0,5.6153163170108416,37.622369331581915,0.267525461142857,2.8104603313211975,5.224856666666667,5.031280469129382
2024-10-29,1.4006740067601158,2.119877551020408,2.49597375557581,0.057216425255258274,0.6265215132137778,0.19404309523809507,0.2571986309523807,0.1687808809523808,0.1950814088571427,0.1942114639299016,0.13844869141607055,11.213407152787719,6.94903968,0.9609252800000001,0.16834739599999984,0.168384655865488,3.0606194448377866,5.6971233333333355,5.031280469129382,2.9720571749892746,0.0,6.115135701160736,37.63091860886868,0.3479661329999997,3.0606194448377866,5.6971233333333355,5.031280469129382
2024-10-30,1.023606623530102,2.1403265306122448,2.5348671500611903,0.05401569674545595,0.6245065453879453,0.189959931972789,0.2544746258503399,0.16630454421768695,0.1925634582857141,0.1695286878861853,0.12704502423896435,11.63067262009886,7.386189120000001,1.0224385200000001,0.16480493599999985,0.16534343907158403,3.1083114044073845,5.750773333333334,5.031280469129382,3.058717711453935,0.0,6.2104245176499155,37.632422648391355,0.3419311032857139,3.1083114044073845,5.750773333333334,5.031280469129382
2024-10-31,0.9591319378961265,1.894938775510204,2.059596341228494,-0.0185149395184888,0.5297114569128426,0.11524615646258489,0.1348162585034012,0.09306670748299307,0.10527149289795905,0.11979899010900884,0.04801895086793636,7.502360899940668,3.4457702399999985,0.4706770399999998,0.09998495599999985,0.09642744435259651,2.5255235943081726,4.936693333333333,5.031280469129382,2.752183085590681,0.0,5.04601103600981,37.61809469293853,0.198074873785714,2.5255235943081726,4.936693333333333,5.031280469129382
2024-11-01,1.2812916321163854,2.058530612244898,2.5959297815998577,0.04068933603523478,0.6047307418043435,0.17760588435374142,0.227871700680272,0.1514676598639455,0.17410470269387748,0.18772225713993843,0.10885615492817766,10.049301394189525,5.466389760000002,0.7534919600000002,0.15408684399999995,0.15268121174757718,3.1831877836252005,5.520693333333335,5.031280469129382,3.400503237085422,0.0,6.3600279649196505,37.62545657060213,0.3148801532142855,3.1831877836252005,5.520693333333335,5.031280469129382
2024-11-02,1.5004442782093155,2.1266938775510202,2.075562105069371,0.032328974313078185,0.6005789292640258,0.16662280612244895,0.22163977040816324,0.1452447857142857,0.16797842412244895,0.19245681869055814,0.12972517942876446,11.350805224784136,6.594822720000001,0.9122611200000001,0.14455817399999996,0.1447374975604264,2.5451011748632233,5.715293333333335,5.031280469129382,2.7463107028936196,0.0,5.08512715741996,37.62933540937113,0.299171248392857,2.5451011748632233,5.715293333333335,5.031280469129382
2024-11-03,1.6833390594156075,2.1335102040816327,2.372583564292507,0.05295761704831253,0.6229257442194852,0.1889954761904761,0.25229113095238087,0.16510359523809515,0.1910594494285713,0.21874376329541026,0.15843998366268777,11.4898868377357,7.112784359999999,0.98425206,0.16396819599999993,0.16433808990360974,2.909315602840133,5.733176666666668,5.031280469129382,3.299369015301637,0.0,5.812829732516642,37.63139356871795,0.3397682219999998,2.909315602840133,5.733176666666668,5.031280469129382
2024-11-04,0.5917879332285096,1.9699183673469387,1.778365846657248,-0.06209824787238537,0.4892860989236179,0.06491778911564611,0.07930994047619029,0.053771527210884226,0.061287782326530475,0.05499164280686429,0.026922675100944406,8.57783783915691,4.392677520000001,0.60258492,0.05632120399999985,0.0550161566117466,2.180672404169143,5.224856666666667,5.031280469129382,1.892840261548609,0.0,4.356996324310258,37.62173605178289,0.1131877174285711,2.180672404169143,5.224856666666667,5.031280469129382
2024-11-05,1.3660918507720758,2.004,2.5419161773537255,0.045422407913374596,0.6058107178126689,0.18443188775510203,0.22966989795918363,0.15450520408163265,0.17668714040816325,0.21195837428610892,0.11892530417957428,9.116397045882502,5.131530240000001,0.70526404,0.16000893,0.1571784059452327,3.116955081028796,5.344373333333334,5.031280469129382,3.7301676155350183,0.0,6.227694634516628,37.62466497085336,0.3236497762499999,3.116955081028796,5.344373333333334,5.031280469129382
2024-11-06,0.6368757131145438,1.901755102040816,2.013761198387434,-0.0518961395882509,0.4948826409318181,0.07724659863945571,0.09072831632653051,0.0625260204081632,0.07077595714285707,0.07773430948583689,0.032061111580575855,7.59428745794645,3.5595775200000004,0.4864149200000002,0.0670173999999999,0.06470983195844221,2.469319505974759,4.964323333333332,5.031280469129382,2.722069282487456,0.0,4.933714936049213,37.61856965278779,0.1329390642857141,2.469319505974759,4.964323333333332,5.031280469129382
2024-11-07,0.9479889596928107,1.9358367346938774,2.4239809907033987,0.051583402083558105,0.6071927672400689,0.19347974489795897,0.23181063775510177,0.15843435714285697,0.17996682746938755,0.17601737356586117,0.08520737132169355,8.071094493202752,4.260230640000001,0.5832974400000003,0.16785864599999978,0.16303236040595126,2.972340289031797,5.0981733333333334,5.031280469129382,2.6976028562773804,0.0,5.938753427223327,37.62149857185826,0.3351576609642852,2.972340289031797,5.0981733333333334,5.031280469129382
2024-11-08,0.995620125788509,2.072163265306122,2.0556118893055895,0.010582528833229188,0.5737566036177678,0.14402389455782305,0.1861440901360543,0.12337141156462576,0.1419869075510203,0.142085381588653,0.08181995542271066,10.297078688419147,5.469243120000001,0.75442752,0.1249518699999999,0.1240748093635076,2.520637769284965,5.561906666666666,5.031280469129382,2.538318196728544,0.0,5.036249128798694,37.62529825065238,0.2559926898214283,2.520637769284965,5.561906666666666,5.031280469129382
2024-11-09,1.5397277407567254,2.1130612244897957,2.3456433086338757,0.03959629813720142,0.60736324356971,0.1749288435374149,0.2310380952380951,0.15182503401360536,0.17537771755102033,0.20785181284915624,0.12926462220857363,11.077672242991202,6.039935999999999,0.8349209999999999,0.15176430399999993,0.15164264655790488,2.876280852321017,5.678666666666667,5.031280469129382,3.4639886363702463,0.0,5.746826106152995,37.62719809004944,0.3132945882857141,2.876280852321017,5.678666666666667,5.031280469129382
2024-11-10,0.7979900301019388,1.901755102040816,2.0390925236939936,-0.03707619918196503,0.5105842215811361,0.09405607142857121,0.1104715178571426,0.0761321785714284,0.0861773669999998,0.09131362777089883,0.04103718352644901,7.59428745794645,3.878596259999999,0.5300087099999999,0.08160091799999979,0.07879120484284108,2.500381349723545,4.964323333333332,5.031280469129382,2.810847192867246,0.0,4.995776683050284,37.62007369231046,0.1618676594999996,2.500381349723545,4.964323333333332,5.031280469129382
2024-11-11,0.7756775975971015,1.9494693877551021,2.206429813126422,0.023615797528436427,0.5785997666602714,0.16156977891156446,0.19510312925170048,0.13291400680272095,0.1511854148571427,0.13598600141197592,0.07136067911086134,8.270096779685444,4.6541952,0.6377292000000001,0.14017428199999987,0.13645855122537992,2.7055741169708867,5.149706666666669,5.031280469129382,2.508193142578413,0.0,5.405753042159734,37.62316093133069,0.2806110386785711,2.7055741169708867,5.149706666666669,5.031280469129382
2024-11-12,1.4392658183600038,2.0994285714285716,2.260246618289329,0.02451628474336018,0.590430596148406,0.15872688775510202,0.20814186224489792,0.13716398979591832,0.15825010812244894,0.1818400526790238,0.11346873709932834,10.81111162538439,6.01555248,0.8309660800000002,0.137707854,0.1373141617004124,2.7715655000824615,5.640893333333334,5.031280469129382,2.894372025657552,0.0,5.537604214808856,37.627277250024314,0.2835601942499999,2.7715655000824615,5.640893333333334,5.031280469129382
2024-11-13,0.8267421528168799,1.976734693877551,2.022697194136519,-0.043097796103561944,0.5099372876285604,0.08612319727891142,0.10562278911564607,0.07149850340136042,0.08154729306122437,0.08875302762647883,0.04654879071318821,8.68294223472014,4.72392,0.6482700000000001,0.07471853599999985,0.07306970062028767,2.4802770259757367,5.249333333333334,5.031280469129382,2.9522049434733177,0.0,4.9556081256344715,37.62316093133069,0.150355015285714,2.4802770259757367,5.249333333333334,5.031280469129382
2024-11-14,0.6349673348655098,1.840408163265306,2.011236597176483,-0.016480671788407578,0.5274607063955357,0.11870467687074814,0.13438265306122432,0.09406785714285701,0.10578602448979577,0.10471861723215221,0.0446754100789117,6.805896058099023,3.5530560000000007,0.4837710000000002,0.10298548999999983,0.0983603321826868,2.466223782896968,4.705333333333334,5.031280469129382,2.3410588539227866,0.0,4.927529663082384,37.619123772611935,0.2018743248214282,2.466223782896968,4.705333333333334,5.031280469129382
2024-11-15,0.3934627406956284,1.8744897959183673,2.033683434198542,-0.0600000432807513,0.4841397842443626,0.0683817176870747,0.0790260416666665,0.05483439625850329,0.06189190561224477,0.05378503484796016,0.02052099302687976,7.233203970749757,3.241349999999999,0.4422249999999999,0.05932642999999988,0.05700979494176483,2.493748601902514,4.852083333333334,5.031280469129382,2.237550198008914,0.0,4.982524413786428,37.61730309318975,0.1170651139285711,2.493748601902514,4.852083333333334,5.031280469129382
2024-11-16,1.049319002050635,1.8199591836734692,1.6211944701032557,-0.027256811367794107,0.5143551797697121,0.10674632653061225,0.11933433673469389,0.08398720408163265,0.09423726832653061,0.1267216163354868,0.047912420561606876,6.5617257085487966,3.1112439600000013,0.4230926600000002,0.09261069599999999,0.0881212330020107,1.9879453091111672,4.6138433333333335,5.031280469129382,1.911421360931008,0.0,3.9719264517529767,37.61714477323999,0.1808141785714285,1.9879453091111672,4.6138433333333335,5.031280469129382
2024-11-17,1.0541764014528543,1.9562857142857142,2.2937642147841077,0.0339529132652642,0.5900769261147386,0.17300083333333327,0.20972270833333323,0.14264408333333328,0.16236356699999996,0.17089671313425217,0.09000025650796879,8.371430418718614,4.6888799400000005,0.6427279899999998,0.15009160599999993,0.1462805057845035,2.812665534626888,5.175043333333334,5.031280469129382,2.7339943139330165,0.0,5.619722326221065,37.62324009130556,0.3008549774999999,2.812665534626888,5.175043333333334,5.031280469129382
2024-11-18,1.2447055306957053,2.1130612244897957,2.3704656222034126,0.05119892072272525,0.6196727604950905,0.18764613945578223,0.2478345238095237,0.16286268707482987,0.18812764653061217,0.18742489019359906,0.1270913934993854,11.077672242991202,6.5855999999999995,0.9103499999999999,0.16279754199999993,0.1626670400834288,2.9067185343707864,5.678666666666667,5.031280469129382,2.936233347116271,0.0,5.807640774398362,37.629493729320885,0.3360710493214284,2.9067185343707864,5.678666666666667,5.031280469129382
2024-11-19,0.49945581035750863,1.9631020408163264,1.9739019203312793,-0.03418384598868658,0.5183665453342465,0.09632389455782303,0.11722436224489784,0.07960352040816317,0.09066950020408153,0.07793691248197812,0.038615717971464694,8.474005700585394,4.428493199999999,0.6072671999999999,0.08356842999999989,0.0815394145327168,2.4204431581352277,5.200093333333334,5.031280469129382,2.280688695924613,0.0,4.836059704811634,37.62197353170752,0.1677284341071427,2.4204431581352277,5.200093333333334,5.031280469129382
2024-11-20,0.7007235208143763,1.894938775510204,2.0842630449008093,-0.012863563533971875,0.5356986316695405,0.12166384353741487,0.14232374149659854,0.09824929251700672,0.11113372310204073,0.11355184216095074,0.044631125968332866,7.502360899940668,3.37886208,0.46153768000000006,0.10555279599999993,0.10179717799296706,2.555770463984141,4.936693333333333,5.031280469129382,2.739657858561921,0.0,5.1064444600069825,37.61777805303902,0.2091050252142855,2.555770463984141,4.936693333333333,5.031280469129382
2024-11-21,0.4189379856447719,1.901755102040816,1.9489930153789508,-0.04267072867203163,0.5046568727811362,0.08771049319727878,0.1030184566326529,0.07099585204081621,0.08036333271428558,0.0664858781387259,0.023800013413208684,7.59428745794645,3.089444640000001,0.4221714400000001,0.07609563799999984,0.0734754846912958,2.389899295774333,4.964323333333332,5.031280469129382,1.8794865968562595,0.0,4.775032887678428,37.61635317349122,0.1509471109285711,2.389899295774333,4.964323333333332,5.031280469129382
2024-11-22,0.7164828678309609,1.9153877551020408,2.1587987755102045,-0.004793908392742713,0.5458573571252321,0.1303637755102041,0.15434579081632654,0.10601280612244898,0.12016982020408164,0.11782777316773207,0.04560441231311522,7.781533508604254,3.3666143400000013,0.46040839000000017,0.11310065999999999,0.1094646732714202,2.647167861864905,5.018723333333332,5.031280469129382,2.489331539456321,0.0,5.289057000000001,37.61754057311439,0.2249409728571428,2.647167861864905,5.018723333333332,5.031280469129382
2024-11-23,0.7557583911383982,1.9426530612244897,2.014209205134866,-0.012096173601598995,0.5402269584986492,0.12153314625850326,0.14618373724489778,0.09974890306122437,0.11338354622448965,0.11517110703099788,0.054849306912170694,8.169989753774054,4.2075075,0.57630125,0.10543940599999985,0.10252632423034955,2.4698688619764178,5.124083333333334,5.031280469129382,2.5065393848439737,0.0,4.934812552580421,37.621181931958745,0.2108017645714283,2.4698688619764178,5.124083333333334,5.031280469129382
2024-11-24,0.4863548089836085,1.9631020408163264,2.2279508908877186,0.015866007704376017,0.5714218175063014,0.15250209183673466,0.1855921683673469,0.12603003061224485,0.14354993130612242,0.11235948482357391,0.04693847069863463,8.474005700585394,3.7338275999999992,0.5120095999999998,0.13230736199999998,0.12909498043517434,2.7319637490425164,5.200093333333334,5.031280469129382,2.2647318937293437,0.0,5.45847968267491,37.61880713271242,0.2655513170357142,2.7319637490425164,5.200093333333334,5.031280469129382
2024-11-25,0.45552880269185925,1.9494693877551021,2.0575064097851654,-0.017339914506969756,0.5351893142746216,0.1154940306122449,0.13946448979591838,0.0950101836734694,0.10807103314285715,0.08888718952002575,0.03472451899055049,8.270096779685444,3.4647897599999995,0.47475396,0.100200006,0.09754391074059068,2.522960873125892,5.149706666666669,5.031280469129382,2.152804970066879,0.0,5.040890703973654,37.61769889306414,0.2005876353214285,2.522960873125892,5.149706666666669,5.031280469129382
2024-11-26,0.4874034069357969,1.8608571428571428,1.8972344977033904,-0.06535833011445458,0.4773708355179787,0.06242642857142855,0.0715548214285714,0.04982335714285712,0.05615410371428569,0.05543998271356244,0.019107516880327222,7.059152303989262,2.9048779799999997,0.39600033,0.05415975599999999,0.05191854404206906,2.3264318313108476,4.794243333333332,5.031280469129382,2.08090004785879,0.0,4.648224519373306,37.61579905366708,0.1065880619999999,2.3264318313108476,4.794243333333332,5.031280469129382
2024-11-27,1.178659016334161,1.976734693877551,2.225450759791304,0.0038557850379628417,0.5597153252664013,0.13870676870748286,0.17011207482993182,0.11515278911564615,0.13133699020408152,0.15301932647193606,0.07341836371128245,8.68294223472014,4.321512,0.5930470000000001,0.12033885199999989,0.11768330001312012,2.7288980317723586,5.249333333333334,5.031280469129382,2.896866799340947,0.0,5.452354361488695,37.62134025190851,0.2421561087857139,2.7288980317723586,5.249333333333334,5.031280469129382
2024-11-28,1.1423434269304862,2.092612244897959,2.3312233702611262,0.014190874280233995,0.5790068318435537,0.14753920068027207,0.19277527636054415,0.12721776360544215,0.14668514357142853,0.14090526452995006,0.09694863252297801,10.680246381549303,6.6083037000000004,0.9125239500000001,0.12800166999999993,0.12750332907020265,2.85859879790101,5.621576666666668,5.031280469129382,2.7739011828171747,0.0,5.711497257139759,37.629889529195275,0.2632405553571427,2.85859879790101,5.621576666666668,5.031280469129382
2024-11-29,1.4124414686724476,2.1403265306122448,2.3395764397806023,0.018252757797332264,0.5865609981775431,0.15092020408163265,0.20217612244897956,0.13212636734693875,0.1529886651428571,0.15774116666373167,0.12004417565925939,11.63067262009886,7.50070368,1.03829028,0.130934952,0.13136278429398981,2.8688415205811983,5.750773333333334,5.031280469129382,2.848306341232464,0.0,5.731962277462475,37.63289760824062,0.2716589301428571,2.8688415205811983,5.750773333333334,5.031280469129382
2024-11-30,1.0750626601797442,2.1607755102040813,2.490588818990879,0.008128398742208637,0.5771775908721091,0.13944948979591834,0.1887830357142857,0.12287341836734693,0.1425257981632653,0.12520977096255284,0.0942823826506381,12.063465078255707,7.50355326,1.0397542100000001,0.12098321999999999,0.12174298346062971,3.054016313861652,5.801843333333335,5.031280469129382,2.8101866800475763,0.0,6.101942606527652,37.63258096834111,0.2519562857142857,3.054016313861652,5.801843333333335,5.031280469129382
2024-12-01,0.7918606595151308,2.058530612244898,2.141716436265026,-0.00378847269265932,0.5575543679988125,0.12844568027210876,0.1647982312925169,0.10954235374149653,0.12591360391836726,0.11662019354180998,0.06762557647321443,10.049301394189525,5.466389760000002,0.7534919600000002,0.11143656399999989,0.110420002012024,2.626221111307006,5.520693333333335,5.031280469129382,2.577301376134628,0.0,5.247205268849314,37.62545657060213,0.2277232853571426,2.626221111307006,5.520693333333335,5.031280469129382
2024-12-02,1.7378902628494959,2.1062448979591837,2.5778616736213045,0.03095841605387528,0.5977330479322929,0.16563130952380936,0.21797705357142835,0.14344296428571415,0.16559505814285697,0.19640112287212236,0.13509772217126817,10.943580363318032,6.6558453,0.9197375499999999,0.14369797399999984,0.14343524253250184,3.161032261161451,5.659923333333334,5.031280469129382,3.5153554915379126,0.0,6.315761100372195,37.629889529195275,0.2962687859999997,3.161032261161451,5.659923333333334,5.031280469129382
2024-12-03,1.4925992854707133,2.092612244897959,2.082334972526554,0.010287750888058805,0.57486625097566,0.14324782312925163,0.18716814625850328,0.12351746258503396,0.14241860742857138,0.169161816170231,0.11835746535918801,10.680246381549303,6.719993340000001,0.9279468900000001,0.12427856799999994,0.12379472199134244,2.553406218051459,5.621576666666668,5.031280469129382,2.939277444078798,0.0,5.101720682690056,37.63036448904454,0.255583847142857,2.553406218051459,5.621576666666668,5.031280469129382
2024-12-04,1.2251958210621907,2.058530612244898,1.9332651755619044,0.006416794971823098,0.5683788113761946,0.13972530612244896,0.17927020408163263,0.11916195918367346,0.13697087216326528,0.15288967984003748,0.09399472195741458,10.049301394189525,5.795470080000001,0.7988526800000002,0.12122251199999999,0.1201166792879814,2.370613463035983,5.520693333333335,5.031280469129382,2.5695459264382268,0.0,4.736499680126665,37.62688145014993,0.2477211042857142,2.370613463035983,5.520693333333335,5.031280469129382
2024-12-05,0.9719330837268281,1.9835510204081632,2.1811844937812657,-0.0008031631693655034,0.5552846261194614,0.1333391666666665,0.16415812499999985,0.11094824999999987,0.12662591699999987,0.13770438147529135,0.0615145411025308,8.789334476262022,4.0389978,0.5544863,0.11568204199999989,0.113256535454157,2.6746177356762844,5.273523333333334,5.031280469129382,2.7421457511608605,0.0,5.343902009764101,37.61999453233559,0.2330864234999997,2.6746177356762844,5.273523333333334,5.031280469129382
2024-12-06,0.2757417945471274,1.7926938775510204,1.38276,-0.08384237146499313,0.4521803846031921,0.041828537414965915,0.04597193027210876,0.032594690476190416,0.03646091008163259,0.03775540018491307,0.008246258834038156,6.249737149517919,1.76849568,0.2400932799999999,0.036289491999999944,0.03435567458834423,1.6955715716520303,4.487843333333332,5.031280469129382,1.4361502718418993,0.0,3.387762,37.61065365530005,0.0704741404285713,1.6955715716520303,4.487843333333332,5.031280469129382
2024-12-07,0.6945940979845209,1.8199591836734692,1.7786680833695712,-0.028061074335380173,0.5135038720645742,0.1058206292517006,0.11829947704081625,0.08325887244897953,0.09342004879591831,0.11100259430687505,0.03136872087940762,6.5617257085487966,2.3254143000000003,0.31622905000000007,0.09180758199999993,0.08735705133641582,2.1810430136583707,4.6138433333333335,5.031280469129382,2.123595897115185,0.0,4.35773680425545,37.613265934471,0.179246169642857,2.1810430136583707,4.6138433333333335,5.031280469129382
2024-12-08,0.8925357723417691,1.894938775510204,2.096487566409085,-0.03152262907386273,0.5159308642284657,0.1004746598639455,0.11753639455782305,0.08113802721088428,0.09177848326530605,0.10088778028653526,0.04142030686022313,7.502360899940668,3.529405439999999,0.4821012399999998,0.08716953999999989,0.08406800686686743,2.570760448613782,4.936693333333333,5.031280469129382,2.5033194963072174,0.0,5.136394537702259,37.61849049281292,0.1726869353571427,2.570760448613782,4.936693333333333,5.031280469129382
2024-12-09,0.6722509318897985,1.894938775510204,2.1207252220986295,-0.03416972723514973,0.5131264782995911,0.09746862244897958,0.11401989795918366,0.07871051020408162,0.08903262122448978,0.08752008393863679,0.03610238358833976,7.502360899940668,3.5461324800000003,0.48438608000000005,0.08456156999999999,0.08155282966312657,2.6004812099539145,4.936693333333333,5.031280469129382,2.432112510727267,0.0,5.195776794141643,37.61856965278779,0.1675204248214285,2.6004812099539145,4.936693333333333,5.031280469129382
2024-12-10,0.1463125756634639,1.8199591836734692,1.3419585318567933,-0.07626673278983401,0.4624784610641186,0.05033647959183673,0.056272385204081635,0.03960436224489796,0.044437803979591836,0.03541529563621351,0.006557075063350419,6.5617257085487966,1.5235473000000002,0.20718454999999997,0.043670789999999994,0.04155377323772493,1.6455398890279396,4.6138433333333335,5.031280469129382,0.9892738602008704,0.0,3.287798403049143,37.60930793572712,0.0852633482142857,1.6455398890279396,4.6138433333333335,5.031280469129382
2024-12-11,0.6645429070975158,1.7858775510204081,1.557815380389129,-0.05270472648905329,0.48454634670841407,0.07794965986394549,0.08530340136054411,0.060594829931972724,0.06772972408163257,0.07818595856676659,0.024246693464953308,6.174085967260535,2.500853760000002,0.3393759600000001,0.0676273599999999,0.06394154184745034,1.9102284365111089,4.4556266666666655,5.031280469129382,1.7038843922329872,0.0,3.8166476819533655,37.61437417411929,0.1311561857142855,1.9102284365111089,4.4556266666666655,5.031280469129382
2024-12-12,0.5749561250011034,1.8472244897959185,2.2809681092123433,0.01653548559431897,0.5629808319820407,0.15637073129251694,0.17776106717687068,0.12421146768707476,0.13978835283673463,0.12190599256455986,0.049150896787509765,6.889288820338854,3.371297220000001,0.45921087000000027,0.13566370599999994,0.1297310941810939,2.796974660696963,4.735256666666667,5.031280469129382,2.6302771172296926,0.0,5.588371867570241,37.61817385291341,0.2662840133571426,2.796974660696963,4.735256666666667,5.031280469129382
2024-12-13,0.35154740359290565,1.7517959183673468,1.8923995771785456,-0.043588261864399014,0.49123917734485645,0.08908687074829919,0.09539018707482978,0.06841199319727881,0.07616624889795906,0.07630992310678104,0.014597282929592227,5.809346386036914,1.5114481199999996,0.20467201999999995,0.07728975199999985,0.07260367774326935,2.320503142461645,4.290243333333333,5.031280469129382,2.1162946462025505,0.0,4.636378964087437,37.60954541565176,0.148889374285714,2.320503142461645,4.290243333333333,5.031280469129382
2024-12-14,0.3895004686678824,1.7790612244897959,2.165510731806932,-0.009446935470978954,0.5297239401029743,0.12822124149659855,0.13971276785714276,0.09943194387755096,0.11105314304081626,0.10210349080482432,0.026291067427283234,6.099350519735677,2.0680783200000006,0.28052772000000004,0.11124184599999991,0.10504353475577145,2.6553982144111914,4.423123333333335,5.031280469129382,2.373083650847834,0.0,5.3055012929269845,37.612236854797594,0.2154523294285713,2.6553982144111914,4.423123333333335,5.031280469129382
2024-12-15,0.598729678855131,1.806326530612245,1.9887897601544247,-0.028213856252077646,0.5121970762814657,0.10591166666666652,0.11740208333333316,0.0829308333333332,0.09291050999999986,0.1033153159362012,0.03484480232734386,6.40383173776952,2.7530354999999997,0.3740692499999999,0.09188656399999984,0.08721188346933735,2.4386989638914214,4.551416666666667,5.031280469129382,2.523088177492653,0.0,4.87253491237834,37.61548241376757,0.1789219739999997,2.4386989638914214,4.551416666666667,5.031280469129382
2024-12-16,0.3515993626157202,1.7858775510204081,1.9265407545772462,-0.06026960855932002,0.47654287765544684,0.06918708333333326,0.07571416666666658,0.05378316666666661,0.06011600399999994,0.057582526552708735,0.016846458181536277,6.174085967260535,2.3592960000000005,0.32016600000000006,0.0600251469999999,0.05675366373609523,2.362367826007571,4.4556266666666655,5.031280469129382,2.17301165607803,0.0,4.720024848714252,37.61366173434539,0.1164124893749998,2.362367826007571,4.4556266666666655,5.031280469129382
2024-12-17,0.33498852266903967,1.6972653061224487,1.2343705633646747,-0.07842475237944072,0.4495542967943107,0.04899435374149652,0.05061209183673462,0.03688442857142851,0.04079695126530606,0.042819512419206625,0.007866683767677627,5.270048748144483,1.4043656400000009,0.18950494000000012,0.0425063919999999,0.03950330085389532,1.513613089853079,4.010723333333332,5.031280469129382,1.0998018798875029,0.0,3.024207880243453,37.60922877575225,0.080998205142857,1.513613089853079,4.010723333333332,5.031280469129382
2024-12-18,0.31143984161398436,1.7858775510204081,1.8764921811088366,-0.045806338426211665,0.4918446806234019,0.08594022108843528,0.09404778911564615,0.06680636054421762,0.0746726473469387,0.06272068592296157,0.016759381960836314,6.174085967260535,2.154823680000001,0.29241828000000003,0.0745597899999999,0.07049614139043887,2.300997133787104,4.4556266666666655,5.031280469129382,1.6298333800749023,0.0,4.597405843716649,37.61263265467198,0.1446009080357141,2.300997133787104,4.4556266666666655,5.031280469129382
2024-12-19,0.5852315215952651,1.8199591836734692,1.6801661490471702,-0.03640285537795687,0.5046741450196579,0.09621933673469366,0.10756595663265281,0.07570464795918351,0.0849438828367345,0.09428433654803403,0.02940053346413058,6.5617257085487966,2.5659744000000004,0.3489424000000001,0.0834777179999998,0.07943099184087901,2.060257714987742,4.6138433333333335,5.031280469129382,1.87690060432802,0.0,4.116407065165567,37.614453334094165,0.1629828482142853,2.060257714987742,4.6138433333333335,5.031280469129382
2024-12-20,0.3886788680259975,1.8267755102040817,2.0742180900350626,-0.05659607338627472,0.48386516851200956,0.0728858163265306,0.08182464285714285,0.057483530612244885,0.0645476789387755,0.05644183536756401,0.017047597156065297,6.642126647267929,2.4954131999999998,0.33948720000000004,0.063234084,0.06024412436936915,2.543453113244398,4.6446266666666665,5.031280469129382,2.0287166066493496,0.0,5.081834320585903,37.614057534219775,0.1236235583571428,2.543453113244398,4.6446266666666665,5.031280469129382
2024-12-21,0.9173835117921364,1.9358367346938774,2.2674265948162464,0.0032273747946650333,0.5559441883853378,0.13895284013605425,0.16648123299319706,0.11378402380952367,0.12924816404081615,0.13637726154135865,0.053291789875984506,8.071094493202752,3.438981359999999,0.4708545599999999,0.12055233799999987,0.11708620726391453,2.780369749615403,5.0981733333333334,5.031280469129382,2.6680315486196906,0.0,5.555195157299804,37.61769889306414,0.2407027614642853,2.780369749615403,5.0981733333333334,5.031280469129382
2024-12-22,0.5216503218357368,1.9358367346938774,2.0228677923061085,-0.03304644016785477,0.5175005533165898,0.09804999999999998,0.11747499999999998,0.08028999999999999,0.09120203999999998,0.07865255230532905,0.0321110420155641,8.071094493202752,3.5929656000000003,0.4919376,0.08506596,0.08262013652247767,2.4804862173079503,5.0981733333333334,5.031280469129382,2.1300637228825035,0.0,4.956026091149965,37.61841133283803,0.1698483149999999,2.4804862173079503,5.0981733333333334,5.031280469129382
2024-12-23,0.8000641699486978,1.9699183673469387,2.159507564537768,0.032936132164344295,0.5900322478604251,0.17146761904761895,0.2094816666666665,0.14202695238095228,0.16187966742857135,0.15146490445768443,0.06885711907302312,8.57783783915691,4.078914840000001,0.5595431400000003,0.14876142399999992,0.1453143970532032,2.6480369949938907,5.224856666666667,5.031280469129382,2.4175002029189288,0.0,5.290793533117532,37.6203111722351,0.2989631759999998,2.6480369949938907,5.224856666666667,5.031280469129382
2024-12-24,0.4630548629677575,1.9222040816326529,1.8666953938304376,-0.009980347503646528,0.5408925260611225,0.12434899659863939,0.14781107142857133,0.10135616326530608,0.11497167453061219,0.10375671407936532,0.03732781073321674,7.876880773417691,3.1415664000000008,0.42979940000000016,0.10788237399999995,0.10453670588014177,2.288984091753219,5.045493333333334,5.031280469129382,2.1445751491987797,0.0,4.573403714884572,37.6164323334661,0.2148433923214283,2.288984091753219,5.045493333333334,5.031280469129382
2024-12-25,0.3262424495549172,1.8131428571428572,2.0174409688537516,-0.04186170948441505,0.49832625446333323,0.09004952380952366,0.10024380952380937,0.07068038095238083,0.0792462994285713,0.06942048401370778,0.015561332083990022,6.482297998930856,1.8371663999999999,0.24972939999999996,0.07812492799999984,0.07424418554562791,2.473831723708055,4.582773333333334,5.031280469129382,2.1764401939470273,0.0,4.942730373691691,37.61089113522467,0.1523286239999997,2.473831723708055,4.582773333333334,5.031280469129382
2024-12-26,0.27753442778983145,1.7722448979591836,1.5956925346184854,-0.06867534697215678,0.4664837949141869,0.059604268707482845,0.0646650085034012,0.0461089625850339,0.05145760224489783,0.047355188204258755,0.009608640927456084,6.025519722250736,1.623024000000001,0.2200640000000002,0.05171131399999985,0.048766834253996576,1.956674259304924,4.3903333333333325,5.031280469129382,1.4234745398320234,0.0,3.909446709815289,37.61002037550102,0.1000194491785711,1.956674259304924,4.3903333333333325,5.031280469129382
2024-12-27,0.4002499368141252,1.8199591836734692,1.6945884406048721,-0.03984113829829393,0.5010347424106923,0.09226191326530611,0.10314185586734692,0.07259097704081632,0.0814502096632653,0.07765965997975711,0.019675895874748682,6.5617257085487966,2.0848542000000005,0.28351570000000004,0.08004434699999999,0.07616405941362105,2.077942654936335,4.6138433333333335,5.031280469129382,1.7355237093547151,0.0,4.151741679481937,37.61207853484784,0.1562794955357143,2.077942654936335,4.6138433333333335,5.031280469129382
2024-12-28,0.3822069383082271,1.8267755102040817,1.914889479890398,-0.02749105060703516,0.5146754519844737,0.10634341836734693,0.1193855357142857,0.08387084693877549,0.09417773130612243,0.08603230676120775,0.025146825906150014,6.642126647267929,2.414916,0.328536,0.09226114199999995,0.0878986673248564,2.34808076958959,4.6446266666666665,5.031280469129382,2.125928557784409,0.0,4.6914792257314755,37.61366173434539,0.1803718809642856,2.34808076958959,4.6446266666666665,5.031280469129382
2024-12-29,0.19320371530451885,1.73134693877551,1.7267069932936063,-0.07248717585415235,0.45888437932983905,0.05561484693877549,0.058762857142857124,0.04239320408163264,0.04708415902040814,0.04358033714124405,0.009531914817155597,5.600928548675294,1.7069875200000004,0.23084992,0.048250181999999996,0.04514497192612017,2.1173271503380136,4.187573333333332,5.031280469129382,1.8646762050103671,0.0,4.230432133569335,37.61065365530005,0.0925713324642857,2.1173271503380136,4.187573333333332,5.031280469129382
2024-12-30,0.3887322930604161,1.7654285714285713,1.9377808212847352,-0.014588935150899138,0.5230999015961469,0.12257511904761897,0.13240425595238087,0.09459098809523804,0.10548028414285708,0.0971627623200843,0.02161391408448359,5.952582624289966,1.7721140400000008,0.24017634000000018,0.10634339799999994,0.1001577921090801,2.3761506499052047,4.357256666666666,5.031280469129382,2.11133592040155,0.0,4.747563012147602,37.61081197524979,0.2054113844999998,2.3761506499052047,4.357256666666666,5.031280469129382
2024-12-31,0.7789974446296897,1.8608571428571428,2.1792977342075774,0.01801719892427986,0.5656682078242553,0.1576804081632653,0.18073744897959185,0.1258468163265306,0.1418373947755102,0.15107299507789654,0.05177348585197269,7.059152303989262,2.8884662399999983,0.39376303999999973,0.13679995199999997,0.13113896474838133,2.6723041484336045,4.794243333333332,5.031280469129382,2.4468035116396885,0.0,5.339279448808565,37.6157198936922,0.2692265039999999,2.6723041484336045,4.794243333333332,5.031280469129382
