date,et_penman_monteith,et_camargo,et_hargreaves_samani,et_makkink,et_turc,et_global_radiation,et_jensen_heise,et_radiation_temperature,et_stephens_stewart,et_hicks_hess,et_garcia_lopez,et_mccloud,et_ivanov,et_lungeon,et_net_radiation,et_priestley_taylor,et_hargreaves_samani_corr,et_thornthwaite,et_thornthwaite_camargo,precomputed_et_penman_monteith,precomputed_et_camargo,precomputed_et_hargreaves_samani,precomputed_et_garcia_lopez,precomputed_et_priestley_taylor,precomputed_et_hargreaves_samani_corr,precomputed_et_thornthwaite,precomputed_et_thornthwaite_camargo
2024-01-01,4.613655446326407,1.7115795918367347,2.4208708526318903,4.222822958411432,4.929320467427075,5.029591836734694,5.24548469387755,3.8063571428571423,4.2174892653061224,5.703830070789227,3.786656259755076,5.406568383749877,5.119357306526249,0.6914504133793749,5.016368159999999,4.743720773062643,6.186528717177219,4.028614885605275,0,5.777879763114257,4.166596129032259,5.93113358894813,25.18934366269037,8.338851642857142,6.186528717177219,4.028614885605275,0
2024-01-02,4.060252249102658,1.7565673469387755,2.4760731189796026,3.9280308553698235,4.631337766223694,4.648857142857143,4.993135714285714,3.5761114285714277,3.983677611428571,4.571787748965004,2.83196118779435,5.859082703767654,4.908510159470003,0.6648840915783338,4.5281512799999994,4.318260854700753,6.327597954985635,4.028614885605275,0,5.623346842492847,4.166596129032259,6.066379141500026,27.11205208586835,7.776905579999998,6.327597954985635,4.028614885605275,0
2024-01-03,4.303762501889545,1.7333918367346939,2.480011797817675,4.22198254942979,4.933083849742765,5.007959183673469,5.298515306122449,3.8202224489795915,4.243978946938776,4.69326159147408,2.298029239103722,5.6214293441991146,3.8261255496607807,0.5175061362001301,5.177764799999999,4.9165441571122095,6.337663237779628,4.028614885605275,0,6.042922180283891,4.166596129032259,6.076028904653304,26.103335888218993,8.339178985714284,6.337663237779628,4.028614885605275,0
2024-01-04,4.4065606134136965,1.739526530612245,2.3329620509102416,4.290807491569727,5.006080680785785,5.081510204081632,5.397906122448979,3.884958367346938,4.319045897142857,6.0877296501782485,3.465961236119932,5.683383058558142,4.465372661003519,0.60420495387392,4.79322888,4.556630377469967,5.961878019370535,4.028614885605275,0,5.600467852032165,4.166596129032259,5.715757024730091,26.369091328100986,8.471983937142856,5.961878019370535,4.028614885605275,0
2024-01-05,4.981104551308294,1.7504326530612244,2.5903076897959187,4.913140072581795,5.6570702097345125,5.786734693877551,6.190714285714286,4.441591836734694,4.944238530612245,6.803924714913361,4.590101464707545,5.79521371367934,5.326091542067519,0.7211678447379201,5.338027199999999,5.084831431302404,6.619524082346473,4.028614885605275,0,6.461634519618053,4.166596129032259,6.346253840000002,26.845274196529584,9.66865757142857,6.619524082346473,4.028614885605275,0
2024-01-06,5.892101006071563,1.7933755102040816,2.7365989717327177,5.7150471406522305,6.5029702892243995,6.656367346938775,7.318864285714285,5.188198775510204,5.804045882448978,7.278926549935826,5.274725530695261,6.257353063958261,5.869952785079461,0.7969459910699103,6.50069664,6.24104508056532,6.993371045636873,4.028614885605275,0,7.281432409072595,4.166596129032259,6.704667480745158,28.770104421776292,11.216377105714283,6.993371045636873,4.028614885605275,0
2024-01-07,5.470306758306569,1.8472244897959185,2.898928392133461,5.3667838136454185,6.1505320273349176,6.199918367346939,7.048020408163266,4.9248408163265305,5.542446269387756,6.101756022402375,4.175170209954551,6.889288820338854,5.721501258250003,0.7793366763750004,6.10383504,5.915956851142317,7.408203427075205,4.028614885605275,0,7.801644076353658,4.166596129032259,7.10237456072698,31.324707676579862,10.557852685714286,7.408203427075205,4.028614885605275,0
2024-01-08,3.8835872325037584,1.8492693877551019,2.6138557192052745,4.064530338101919,4.79039003360788,4.726734693877551,5.380005102040817,3.7573081632653063,4.229435828571429,4.193458469720188,2.586730300861864,6.914505335811756,5.164029930638279,0.7034883828463797,4.3631724,4.230368503158295,6.679701005876091,4.028614885605275,0,5.960798551731131,4.166596129032259,6.403946512052923,31.42256511065341,8.052368014285715,6.679701005876091,4.028614885605275,0
2024-01-09,5.5506334948264335,1.8983469387755103,2.7569948518255556,5.35096406168478,6.14347730398833,6.128530612244898,7.183678571428571,4.954859183673469,5.6066341959183665,5.943328066953799,4.254166169957679,7.548184237775816,6.165451461078,0.842340211713,6.3248976,6.183741595660209,7.045492660372854,4.028614885605275,0,7.317869612139229,4.166596129032259,6.754637386972611,33.90850236194668,10.540095557142855,7.045492660372854,4.028614885605275,0
2024-01-10,4.9245887667511115,1.8410897959183674,2.620093150022681,4.741329360819496,5.495993177213996,5.499020408163265,6.227900000000001,4.358751836734695,4.90209240489796,5.668868871357398,3.457866538806481,6.814189706428276,5.082094087875001,0.6919874938125,5.6081680799999996,5.429765428762165,6.69564074294688,4.028614885605275,0,6.45422436659479,4.166596129032259,6.419228217555568,31.022452117078867,9.353114691428573,6.69564074294688,4.028614885605275,0
2024-01-11,3.5280671025542056,1.7333918367346939,2.2792646808782333,3.8900037540738195,4.587169927987137,4.625061224489795,4.893402040816326,3.528136326530612,3.9194932995918363,4.491166282896459,1.4622673041098135,5.6214293441991146,2.5441696211932796,0.34411400603888,4.26458328,4.049433069613826,5.824654539902908,4.028614885605275,0,5.405127340629847,4.166596129032259,5.584198468151672,26.097897972968717,7.7015830114285695,5.824654539902908,4.028614885605275,0
2024-01-12,1.4377851616824526,1.6481877551020407,1.8510105701840953,2.2840413138457265,2.8997007986248082,2.818734693877551,2.8160755102040813,2.083736326530612,2.2906037975510203,2.162023911513503,0.35595603535656584,4.827621987108603,1.2210208063643997,0.1642276159274,1.7591980799999998,1.643208983177307,4.730252353525171,4.028614885605275,0,3.352545943897524,4.166596129032259,4.534975896951034,22.63693793954678,4.614138925714285,4.730252353525171,4.028614885605275,0
2024-01-13,3.5320616543893837,1.6740897959183672,1.9293250251693015,3.403433907327746,4.068571481092011,4.110204081632653,4.18,3.067918367346939,3.3835944489795917,5.0649748159737875,1.9918192999615485,5.056287507109069,2.963612495339996,0.39929873630666624,4.251176399999999,3.9911881509113014,4.930384724985356,4.028614885605275,0,3.845199447639375,4.166596129032259,4.726846311664788,23.656437371246277,6.763489714285713,4.930384724985356,4.028614885605275,0
2024-01-14,5.549060588670022,1.7858775510204081,2.578274197396377,5.123885065372935,5.884506634184465,5.9900816326530615,6.555183673469387,4.656440816326531,5.204725420408163,5.4456681160304194,3.1419588334340767,6.174085967260535,4.652794380288002,0.6314029971480001,6.790515359999999,6.510487231832455,6.5887725260555765,4.028614885605275,0,6.593168187875948,4.166596129032259,6.316771783621125,28.421962024569535,10.078764428571429,6.5887725260555765,4.028614885605275,0
2024-01-15,5.354755613987926,1.8533591836734695,2.1842559104219,5.069798771178135,5.841414288233231,5.858122448979592,6.684338775510204,4.663286530612244,5.25157908244898,6.1369651157024965,3.1825423958753984,6.96521560080307,4.35179214143418,0.5929830153690299,6.4899336,6.296840016406099,5.581859891781635,4.028614885605275,0,5.183082228943028,4.166596129032259,5.351426980533654,31.62033285064089,9.987715234285712,5.581859891781635,4.028614885605275,0
2024-01-16,4.789046857539676,1.9426530612244897,2.7178984166089384,4.649831019118892,5.417329305655172,5.3043265306122445,6.3802040816326535,4.353551020408163,4.948636408163265,5.158183325626402,3.3113615165157224,8.169989753774054,5.671619931250003,0.7768403635416672,5.34939816,5.268269686573297,6.945581829134621,4.028614885605275,0,6.432840432796764,4.166596129032259,6.658851120691899,36.27267637996726,9.200464457142855,6.945581829134621,4.028614885605275,0
2024-01-17,4.525650575176837,1.9515142857142855,2.798427909502204,4.354710316714815,5.1098008776662835,4.969020408163265,6.007358163265305,4.090535102040816,4.653804504489795,5.4473673519739405,3.428595755821626,8.300367396703512,5.58873557421894,0.7658703503064899,4.78515456,4.719331092742722,7.151374723795764,4.028614885605275,0,6.814845165437895,4.166596129032259,6.8561483782804,36.76040375601873,8.633458259999998,7.151374723795764,4.028614885605275,0
2024-01-18,5.226816894616312,1.9426530612244897,2.937758980397545,5.268430637422239,6.064672935862068,5.992244897959184,7.20765306122449,4.918163265306123,5.590425306122449,6.268601317208931,3.592523094315336,8.169989753774054,5.063213201849999,0.6935070459750001,5.79270648,5.704854833950276,7.507434887167128,4.028614885605275,0,7.932909082815184,4.166596129032259,7.197509501973986,36.269929583425466,10.39367314285714,7.507434887167128,4.028614885605275,0
2024-01-19,3.8581010729310163,1.7136244897959183,2.4807908298162777,4.164715464732665,4.869249639500747,4.960367346938775,5.180308163265305,3.756776326530612,4.1635863477551025,4.205819025269173,1.2992491602009686,5.4263577725909515,2.3851127422060796,0.3221900412476799,4.93182648,4.665586733437133,6.339654051880972,4.028614885605275,0,6.490286820634165,4.166596129032259,6.077937533049879,25.26297338139624,8.227441234285713,6.339654051880972,4.028614885605275,0
2024-01-20,3.177371690059592,1.6638653061224489,2.139201626762353,3.407490054116703,4.070660573607714,4.123183673469388,4.164026530612245,3.0659371428571425,3.3770554677551017,4.2970438040284895,1.1230096943991648,4.9647586432239095,1.9571369770814402,0.26351285754024,4.10944536,3.8504071842111642,5.46672379545142,4.028614885605275,0,4.658425503753199,4.166596129032259,5.241043985567765,23.248770671343262,6.770879845714285,5.46672379545142,4.028614885605275,0
2024-01-21,4.329483582635604,1.6734081632653062,2.13703441024198,4.691628693875578,5.4083664959671305,5.613673469387755,5.706352040816326,4.189071428571428,4.619714326530612,6.105981471503502,2.2893946464902353,5.050133426838016,2.824434265968752,0.3805294912031252,5.414331359999999,5.082532006774898,5.4611854796734205,4.028614885605275,0,5.024933553337724,4.166596129032259,5.23573430509285,23.6287989411283,9.236235214285712,5.4611854796734205,4.028614885605275,0
2024-01-22,3.7521697211158282,1.6556857142857142,2.0898139076037716,3.885917955850509,4.566288230495291,4.689959183673469,4.709869387755101,3.4767640816326533,3.8255943967346937,6.157784358199718,3.219004882064044,4.892729934900752,3.8949809731200005,0.52414061552,4.0077533999999995,3.749076572950503,5.34051361678027,4.028614885605275,0,4.52929940100197,4.166596129032259,5.12004407362924,22.93769998834273,7.688898719999998,5.34051361678027,4.028614885605275,0
2024-01-23,0.07221247252490653,1.3482693877551022,1.1679688864582598,0.6707578182983366,1.1787987205415755,0.9905591836734693,0.7840369387755103,0.6500311020408163,0.6835845188571429,1.0930296210343617,0.16594208923764947,2.8249693311181283,0.9257981206749993,0.12176610761249984,-0.5698576799999999,-0.4982184470151661,2.9847412343322706,4.028614885605275,0,1.3035975226042926,4.166596129032259,2.8615237718227364,13.057770567600608,1.523064363428571,2.9847412343322706,4.028614885605275,0
2024-01-24,3.278107234693232,1.4757346938775509,2.0991886517075367,3.6534814890859426,4.276901344684856,4.588285714285714,4.0363928571428564,3.172842857142857,3.405321771428571,5.084454396419617,2.431776704595593,3.547476547586609,3.1770536263593736,0.42208508928906235,4.043931167999999,3.6423850706020064,5.364470749210974,4.028614885605275,0,4.639390459138619,4.166596129032259,5.143012196683465,16.686911588717443,7.248638699999999,5.364470749210974,4.028614885605275,0
2024-01-25,2.6463191965433874,1.4130244897959183,1.9722221595859262,2.7544807170219134,3.331711235786734,3.545591836734694,2.9652520408163268,2.3902640816326532,2.5406159069387755,4.150180726271394,1.941771970199714,3.1714655421457802,2.9812485520343714,0.39416072898489535,3.0514311839999997,2.7093466400337345,5.040008232437041,4.028614885605275,0,3.9857758604616498,4.166596129032259,4.831944290985519,14.8282769339559,5.527705448571428,5.040008232437041,4.028614885605275,0
2024-01-26,3.6608910453018306,1.4443795918367348,2.187791964366065,3.6851329812216154,4.2992724231633055,4.659673469387755,3.9980877551020413,3.181765714285714,3.398611092244898,5.385385277243686,2.6749975266074646,3.354206259644927,3.231916860658126,0.42834784792218766,4.4676816,3.995645054981651,5.590896267781321,4.028614885605275,0,4.96209438950112,4.166596129032259,5.360090312696858,15.739011327359432,7.313008474285712,5.590896267781321,4.028614885605275,0
2024-01-27,3.9173673832925364,1.5657102040816326,2.37184281486755,4.337390964133689,5.011471217767184,5.315142857142857,5.006764285714286,3.807848571428571,4.1401673485714285,4.625366197452435,2.2849080629772573,4.166154665604166,3.4782454896696007,0.4651577388116,4.878052079999999,4.480253126615556,6.0612377033066585,4.028614885605275,0,5.600815273278408,4.166596129032259,5.8110148964254975,19.63323176080973,8.555393339999998,6.0612377033066585,4.028614885605275,0
2024-01-28,2.99592548356214,1.4757346938775509,2.0818056615286884,3.391953069050283,4.007094220840381,4.270285714285714,3.7566428571428565,2.9529428571428564,3.1693093714285707,3.0557655725356345,0.8914306502297836,3.547476547586609,1.9378168898804997,0.2574472171967499,3.9854627279999995,3.5897223114921095,5.320048566253573,4.028614885605275,0,4.346800465707298,4.166596129032259,5.100423870745287,16.68202198444037,6.746257799999998,5.320048566253573,4.028614885605275,0
2024-01-29,2.576052370508694,1.5043632653061225,2.2752671553429478,3.0132322531067066,3.6241872148637713,3.7857142857142856,3.405357142857143,2.6478571428571427,2.8539514285714285,2.81986045088912,0.6310737288973834,3.7336505594605827,1.5146984642906256,0.201665478944271,3.2566661999999997,2.9519454895204795,5.8144388745381885,4.028614885605275,0,4.980782753619265,4.166596129032259,5.574404530590223,17.58053524315111,6.016635,5.8144388745381885,4.028614885605275,0
2024-01-30,5.063994381113803,1.734073469387755,2.655939010952233,4.920344066471478,5.660914956178043,5.812693877551021,6.152681632653062,4.435195102040816,4.92756756244898,4.711267212520668,2.5436579540013513,5.62827960428104,4.220642269089997,0.5708917713066664,6.0815052,5.775427633557123,6.787244740653541,4.028614885605275,0,6.268285069833831,4.166596129032259,6.50705057683297,26.134139184061908,9.680523994285712,6.787244740653541,4.028614885605275,0
2024-01-31,3.2432955120776312,1.5997918367346937,2.5075387785305137,3.2088936915084885,3.850310003704705,3.9414693877551015,3.805748979591836,2.8609118367346933,3.1250438302040813,3.230877716558017,1.164829609847551,4.427726520175906,2.593995387973754,0.34773722987062566,3.8681635439999997,3.5779719215354477,6.40800836027636,4.028614885605275,0,5.708076526766948,4.166596129032259,6.143470007399759,20.83682167792386,6.388801354285714,6.40800836027636,4.028614885605275,0
2024-02-01,3.639857537251022,1.4798367346938774,2.2592361796351454,3.7991490546850897,4.447978248316517,4.694285714285714,4.353285714285714,3.3355999999999995,3.616031314285714,4.232397599946345,1.7695331534032663,4.011799693409832,2.904266111992503,0.38780980324875025,4.362801119999999,3.9891283522320244,5.773471760793617,4.108329941062229,0,5.300893008901528,4.027751724137931,5.535128640106108,18.90832717562433,7.523179199999999,5.773471760793617,4.108329941062229,0
2024-02-02,3.079526133968676,1.528816326530612,2.0473543229750373,3.3941229946781357,4.041516265594897,4.164285714285715,4.009107142857143,3.017928571428571,3.294748285714286,3.5297723629700397,1.531177295290348,4.3954904491027715,3.1130401986856198,0.4171986407184368,3.816034608,3.526785736248015,5.232008266592132,4.108329941062229,0,4.315192234922404,4.027751724137931,5.016018091288841,20.691312056037617,6.744325499999999,5.232008266592132,4.108329941062229,0
2024-02-03,1.4284641501907143,1.5013877551020405,1.8603767365541715,1.6747182889718366,2.252947466822322,2.1394693877551023,2.017358163265306,1.5335555102040817,1.667705892244898,1.5525004114425835,0.5344711900417389,4.176314584079821,2.42609475679914,0.32448146882318996,1.549817784,1.4238399821344985,4.754187565581337,4.108329941062229,0,3.3988511831366215,4.027751724137931,4.55792300455772,19.67626671301228,3.444712431428571,4.754187565581337,4.108329941062229,0
2024-02-04,2.0769245899254463,1.53534693877551,1.8291394542655972,2.1065980545613376,2.7071731447426637,2.634857142857143,2.5491,1.914497142857143,2.0920149257142855,2.104473875229635,1.0644547584156103,4.44934846968087,3.6455055078796215,0.4887897900432703,2.294627088,2.1236708218686813,4.674360777748049,4.108329941062229,0,3.154475532365592,4.027751724137931,4.481391662950713,20.93996000477804,4.27326948,4.674360777748049,4.108329941062229,0
2024-02-05,4.722713873545318,1.6528979591836732,2.4486559912347383,4.501840201369828,5.222906867681468,5.338938775510204,5.618477551020408,4.060615510204082,4.506624411428572,4.1785015505093925,2.7516714966968854,5.539873658678493,5.12037577159875,0.6921975746414585,5.7442401599999995,5.446066078339214,6.257533561442411,4.108329941062229,0,5.802548507965217,4.027751724137931,5.999207178525109,25.761143692227545,8.875851737142856,6.257533561442411,4.108329941062229,0
2024-02-06,5.04089412618844,1.714938775510204,2.4135263664386555,4.777146482558032,5.523567320298593,5.5898775510204075,6.133044897959184,4.3516669387755105,4.866332238367346,5.214935130603475,3.1298583805489373,6.219366073395875,4.851741968865005,0.6585678089775006,6.00496848,5.7615835568465705,6.167759903178752,4.108329941062229,0,5.880904449846526,4.027751724137931,5.913139597774705,28.609466092635103,9.412965668571427,6.167759903178752,4.108329941062229,0
2024-02-07,3.292702667514262,1.6966530612244897,2.2912202285495153,3.44951732198905,4.1349771930600285,4.088571428571428,4.431857142857143,3.161314285714286,3.527471314285714,3.0648560307143646,1.4123661481770562,6.010861154770001,3.6831004873575,0.49934486622625,3.99231672,3.817273033029709,5.8552069086579595,4.108329941062229,0,4.930010114143971,4.027751724137931,5.613489559946312,27.741255251214188,6.859015199999999,5.8552069086579595,4.108329941062229,0
2024-02-08,5.712348495463559,1.7554285714285711,2.4785751085270444,5.373489576341799,6.154585108722063,6.223714285714285,7.010485714285713,4.917908571428571,5.5255873371428565,5.605216667031071,3.4029233833255823,6.707156131896243,5.031907671250005,0.6847888566666673,6.7143336,6.490705509942619,6.33399178230133,4.108329941062229,0,6.369864290293396,4.027751724137931,6.072509015891259,30.593531610161858,10.567451159999996,6.33399178230133,4.108329941062229,0
2024-02-09,5.3872128894041,1.7972244897959182,2.4778760307560623,4.955131943664608,5.725656231074319,5.70669387755102,6.600383673469387,4.578275918367345,5.168274847346938,5.291484911521234,3.3443470043250976,7.250843441330943,5.3736113729999975,0.7331932079999997,6.251216879999999,6.088603036801824,6.332205291005844,4.108329941062229,0,6.352975147703125,4.027751724137931,6.070796275352353,32.749778983229255,9.772071531428567,6.332205291005844,4.108329941062229,0
2024-02-10,5.579954326936116,1.807673469387755,2.643979581983291,5.1495280817600335,5.930803998485474,5.914367346938776,6.885216326530612,4.762739591836734,5.382708127346939,6.417865709635659,4.395042949804366,7.39351666322547,5.859328631774401,0.7999771226624001,6.052810559999999,5.906236615466996,6.756682453253137,4.108329941062229,0,6.8018387488286844,4.027751724137931,6.477749975859063,33.308213657718724,10.149061062857143,6.756682453253137,4.108329941062229,0
2024-02-11,5.571159654367616,1.8050612244897957,2.6337066837565892,5.251138919958988,6.036548427414634,6.031183673469387,7.009828571428571,4.852257959183673,5.48230499265306,5.183867526623169,3.600067203686031,7.357587302995382,5.932628733588479,0.8098557403780802,6.49104744,6.3309509090997445,6.730430090464335,4.108329941062229,0,6.6741765528893255,4.027751724137931,6.4525813752036445,33.16879689484109,10.344069462857142,6.730430090464335,4.108329941062229,0
2024-02-12,4.890059348336854,1.8128979591836734,2.2238086173910023,4.486866161092189,5.238889963719363,5.165877551020408,6.033355102040817,4.167791020408163,4.713011382857143,4.58886225505341,2.9803544742844776,7.4659026028097735,5.57450656589472,0.76133227902912,5.73624744,5.602472026263003,5.6829367242117605,4.108329941062229,0,5.25471464693961,4.027751724137931,5.448331112607956,33.58777887174337,8.873985394285713,5.6829367242117605,4.108329941062229,0
2024-02-13,5.472443530526682,1.8057142857142854,2.595072798351013,4.910723201608698,5.680782067847597,5.648285714285715,6.567464285714284,4.545271428571429,5.1358263428571425,5.401791352025207,3.2074095516700303,7.366553240929474,5.0743257873749945,0.6927174937291659,6.396277199999999,6.239235442894546,6.631701303979138,4.108329941062229,0,6.860860808842152,4.027751724137931,6.3579283559599835,33.199882733159775,9.688637699999996,6.631701303979138,4.108329941062229,0
2024-02-14,1.99547329057178,1.547755102040816,1.7947629527070776,2.3910946257334476,3.004876371627907,2.963673469387755,2.893775510204081,2.164040816326531,2.3687691428571425,2.1861062083339466,0.3716903390320204,4.553503478436395,1.2354422556180005,0.16579680320300008,2.58509004,2.3988259197309465,4.586511723819106,4.108329941062229,0,3.3143215545198372,4.027751724137931,4.397169234132341,21.404257835844746,4.819268571428571,4.586511723819106,4.108329941062229,0
2024-02-15,0.979523294226891,1.445224489795918,1.2891457829302448,1.217207170973821,1.7692685291588472,1.6142285714285713,1.456612857142857,1.130873714285714,1.2196221737142856,1.4418370934316656,0.2453060354063324,3.761032765426149,1.154571175158747,0.15376500231812468,1.1187539519999998,1.014982563876962,3.294408455558606,4.108329941062229,0,1.6551309856557015,4.027751724137931,3.1584071681791,17.71045181402227,2.567680596,3.294408455558606,4.108329941062229,0
2024-02-16,2.7876493090919183,1.4739591836734691,1.8170992622305513,3.1158244282657783,3.7390974268096895,3.8808979591836734,3.5825081632653064,2.751044081632653,2.9797475951020407,3.1276601599038805,0.7393670345593483,3.9680676609724124,1.6356559480312498,0.21831405904687504,3.702084288,3.38056553919144,4.643592100557294,4.108329941062229,0,3.650753829524595,4.027751724137931,4.451893192464851,18.69708576560325,6.21173525142857,4.643592100557294,4.108329941062229,0
2024-02-17,3.5760769808796673,1.5549387755102038,1.931439619845364,3.6009704390688353,4.262638536301467,4.384938775510204,4.304272448979591,3.210933469387755,3.518173719183673,3.84493347494178,1.2957179720026752,4.61491451425011,2.4602315276246403,0.33033426169744007,4.68270984,4.351913615050624,4.935788565786871,4.108329941062229,0,4.268705838642934,4.027751724137931,4.732027068621142,21.68734743317318,7.141300534285714,4.935788565786871,4.108329941062229,0
2024-02-18,4.264787051124105,1.5340408163265302,2.148410371165957,4.386778091042938,5.072750237321902,5.334612244897959,5.155953061224489,3.8741363265306115,4.232586034285714,4.491231938460708,1.3822903194572973,4.438524328727967,2.216330729940599,0.29713770509009985,5.58583416,5.168228263713719,5.490256716110985,4.108329941062229,0,5.399127835090111,4.027751724137931,5.263605409356594,20.884657590596227,8.649382268571427,5.490256716110985,4.108329941062229,0
2024-02-19,4.596512169813308,1.5072653061224486,2.205400540042834,4.616957668585612,5.303401159287814,5.639632653061224,5.3416897959183665,4.052022857142856,4.410201247346938,4.248149963171577,1.2131444123419386,4.222341703691761,2.020341673400001,0.270331119525,6.178503119999999,5.683584090122568,5.635894933849976,4.108329941062229,0,5.7174079785319405,4.027751724137931,5.403231323104944,19.888445696846997,9.091711388571428,5.635894933849976,4.108329941062229,0
2024-02-20,2.481100277184523,1.5366530612244897,1.9552530664377172,2.8423125103646476,3.4708529315027254,3.504489795918367,3.393734693877551,2.5476979591836733,2.7844348408163264,2.626155406563681,0.668418088400489,4.4601990072509095,1.8360098388618753,0.2461957238728124,3.1502618399999998,2.9163729247872463,4.99664376218795,4.108329941062229,0,4.0801113058019425,4.027751724137931,4.790370012772407,20.982113900775843,5.685241885714285,4.99664376218795,4.108329941062229,0
2024-02-21,2.684122245505704,1.5235918367346937,2.007577884839594,3.1567672623882,3.7940430248572916,3.8873877551020404,3.727858163265305,2.8113881632653057,3.0670081126530606,3.3258992003026284,0.8598026930070277,4.352873806076598,1.8488353090724956,0.24767990026208278,3.406623336,3.1448662733794253,5.130359689789939,4.108329941062229,0,4.273960437552161,4.027751724137931,4.918565817857005,20.490509219923148,6.288847945714284,5.130359689789939,4.108329941062229,0
2024-02-22,3.333706044218217,1.6006530612244898,2.1839852877302572,3.8662427679661215,4.549222736238422,4.653183673469388,4.721225510204082,3.468816734693878,3.824105745306123,3.1646840785172374,1.032357794819459,5.025591916841104,2.453216412330619,0.33045623236760335,4.25665176,3.9936684062878456,5.581168316247341,4.108329941062229,0,4.775948466434168,4.027751724137931,5.350763954939131,23.519248417240423,7.651727717142856,5.581168316247341,4.108329941062229,0
2024-02-23,2.794047124543796,1.6378775510204078,2.053983674713747,3.2110029303534824,3.875277469365269,3.859265306122449,4.019461224489795,2.918478367346938,3.2329050906122445,3.101944421491054,0.9169276158970755,5.386851164848037,2.2765957844800004,0.30744954262166674,3.488046672,3.2971825986492487,5.24894955648507,4.108329941062229,0,4.500299884504316,4.027751724137931,5.032260003048681,25.092419850599757,6.395884662857142,5.24894955648507,4.108329941062229,0
2024-02-24,0.6912988525007318,1.577142857142857,1.7620453268241778,1.458682214166923,2.04159027451341,1.8517551020408165,1.8473877551020408,1.36785306122449,1.5032547918367347,1.24446372043494,0.15356603615939507,4.810016128320011,0.914004068499001,0.12291680131650018,0.850489872,0.7940916779893238,4.502901922056087,4.108329941062229,0,2.911114548873845,4.027751724137931,4.317011050719236,22.557135411945456,3.0299832,4.502901922056087,4.108329941062229,0
2024-02-25,4.752995328662492,1.7397551020408162,2.4002420892782754,4.769378770229986,5.520555445210375,5.555265306122449,6.194644897959184,4.364551836734694,4.894989531428572,5.328900900300062,2.2558461793357676,6.5139530524600975,3.4750458851376007,0.4724478852896,5.68729968,5.482079422559644,6.133811969917346,4.108329941062229,0,6.077663584085651,4.027751724137931,5.880593118731775,29.807117937713272,9.402357805714283,6.133811969917346,4.108329941062229,0
2024-02-26,3.8282645057180797,1.72734693877551,2.1893231958705126,3.836839242873412,4.544705666762364,4.506081632653061,4.984321428571428,3.5240959183673466,3.9466643510204076,4.802331496305237,2.2869378825373987,6.36495550794849,3.8793948913125003,0.5270034006354167,4.3515852,4.184920135141508,5.594809325623551,4.108329941062229,0,4.991469956781147,4.027751724137931,5.363841829882757,29.20239854431777,7.607264785714286,5.594809325623551,4.108329941062229,0
2024-02-27,3.8897423086073593,1.768489795918367,2.440820984424063,3.966363622624595,4.687267115788973,4.618571428571428,5.2459999999999996,3.666971428571428,4.1262212571428565,3.764729297657565,1.6503870747690412,6.872528920824411,3.662657762400001,0.4988569729000001,4.66375824,4.519139071561654,6.237511223373108,4.108329941062229,0,5.937625076174075,4.027751724137931,5.980011411838955,31.24894535356377,7.862887799999998,6.237511223373108,4.108329941062229,0
2024-02-28,4.294957145723594,1.816816326530612,2.2860440648199654,4.235198188057319,4.976393761554414,4.880326530612244,5.713665306122449,3.942935510204081,4.46064791510204,4.366836999348802,1.928602602770506,7.520656758168792,3.7996536107625003,0.51905706429375,5.096046479999999,4.980612509093819,5.841979236672543,4.108329941062229,0,5.502145004769214,4.027751724137931,5.6008079588089155,33.79168369278042,8.390076891428569,5.841979236672543,4.108329941062229,0
2024-02-29,4.178040247780955,1.7900408163265304,2.4625163219729678,3.9572179931643037,4.681363992774347,4.590448979591836,5.285512244897959,3.6732253061224482,4.143283817142856,3.9900028624057695,1.6504239226513218,7.154355888878939,3.501579463228124,0.477556023558854,4.8976156799999995,4.764132178392096,6.29295359801661,4.108329941062229,0,6.042881888442815,4.027751724137931,6.0331649888337715,32.36320136749336,7.8492234342857135,6.29295359801661,4.108329941062229,0
2024-03-01,3.4218683470535627,1.431061224489796,1.9437431130585743,3.826465364785886,4.502762720254211,4.6272244897959185,4.622859183673469,3.4206538775510205,3.760246755918367,3.677327372961767,0.9109388738724423,4.827621987108603,1.8371479715275028,0.2470968798379171,4.47637608,4.181235456291551,4.967230108404633,3.987615957266737,0,5.330568771309028,3.601238709677419,4.762170626993507,22.63948814356308,7.574553462857143,4.967230108404633,3.987615957266737,0
2024-03-02,4.729872623505879,1.483142857142857,2.016814119999964,4.897606826977028,5.631196983021468,5.814857142857142,6.050742857142856,4.395154285714285,4.867864868571428,6.304253977855601,3.4316735200360817,5.3737463166443185,4.1888627035116,0.5656470933186001,5.53780032,5.233415330443055,5.153962863001806,3.987615957266737,0,5.511049006620418,3.601238709677419,4.941194593999911,25.043963163839024,9.63422208,5.153962863001806,3.987615957266737,0
2024-03-03,4.946374113395973,1.4991224489795918,2.2828906407795273,4.943225809864419,5.683034424875278,5.84730612244898,6.158978571428571,4.4494689795918365,4.938996622040817,4.78990342125963,2.7348079435887884,5.553383638325261,4.44308922249696,0.6006913268961599,5.925881759999999,5.619721318808351,5.83392067032548,3.987615957266737,0,6.1758492011246275,3.601238709677419,5.593082069909842,25.81598244607121,9.72364091142857,5.83392067032548,3.987615957266737,0
2024-03-04,4.730961895432018,1.555938775510204,2.243200307248899,4.6159037496965105,5.355723695537903,5.403836734693877,5.9365734693877545,4.20989469387755,4.708887017142857,4.319888481220573,1.920912743881284,6.24213050451661,3.59902799686063,0.4885881595809382,5.769764639999999,5.537950609883173,5.7324921336009265,3.987615957266737,0,6.0949981514682925,3.601238709677419,5.495840752759803,28.69772879978404,9.103347205714286,5.7324921336009265,3.987615957266737,0
2024-03-05,4.525968005426291,1.5494285714285714,2.0529985365151995,4.3482268831244015,5.074968256784847,5.1053061224489795,5.582122448979592,3.966726530612245,4.433108767346939,4.729819877478593,1.7959139012750376,6.159065975632472,3.0595158080099982,0.4151535396683331,5.630673359999999,5.397145118151001,5.246432038564161,3.987615957266737,0,5.595669246372477,3.601238709677419,5.029846414462239,28.353090252958808,8.5877568,5.246432038564161,3.987615957266737,0
2024-03-06,3.2558391195992225,1.4594693877551022,1.821312079455605,3.3988284596728278,4.0651772540242055,4.099387755102041,4.188336734693877,3.067579591836734,3.3861066612244892,3.8719794271485575,1.2815566208023133,5.118242285480214,2.504818201697498,0.33763617153291636,4.027245192,3.78597289356467,4.654357943235221,3.987615957266737,0,4.317999210843514,3.601238709677419,4.462214594666232,23.926361801245054,6.754949485714285,4.654357943235221,3.987615957266737,0
2024-03-07,3.8102561670628217,1.542326530612245,2.0299124081632653,3.696940926367108,4.394017144688748,4.367632653061225,4.750830612244898,3.38367918367347,3.777965985306123,4.531976904290026,1.9821837078548314,6.069710258953798,3.507102666719992,0.47564559111999877,4.40791368,4.218837015407563,5.187435501899512,3.987615957266737,0,5.002753801617239,3.601238709677419,4.973285400000001,27.985094346265505,7.335061611428571,5.187435501899512,3.987615957266737,0
2024-03-08,3.4666528554431366,1.5358163265306122,2.028321554655877,3.410425807052887,4.093849098095237,4.045306122448979,4.37923469387755,3.125571428571429,3.4867638367346934,3.346294966447219,1.2144354787836609,5.9889401400403255,2.8970434143906254,0.3927230643776041,4.24176384,4.054268574654299,5.183370080194928,3.987615957266737,0,5.371174637419904,3.601238709677419,4.969387808906897,27.64657784426348,6.783692142857141,5.183370080194928,3.987615957266737,0
2024-03-09,1.6438222813612318,1.4144897959183673,1.7760580429884885,2.298776838927476,2.9115696680514134,2.846857142857143,2.8065714285714285,2.0894857142857144,2.291258057142857,2.0999229881851873,0.21665143982269164,4.6657754391325374,0.7561006019999995,0.10156396699999994,2.203863408,2.0507141742611825,4.538711379161953,3.987615957266737,0,4.18603384255597,3.601238709677419,4.351342205321797,21.909795443183185,4.642171199999999,4.538711379161953,3.987615957266737,0
2024-03-10,2.6296281568805937,1.483142857142857,1.7570558413814445,2.760270585574983,3.4056961340798804,3.337918367346939,3.4733244897959183,2.5229624489795923,2.7943137991836733,2.7638235649987797,0.6273874286855704,5.3737463166443185,1.7468248454015993,0.2358841686335999,3.3665434559999996,3.1815015195840686,4.490151305912377,3.987615957266737,0,3.841088059030751,3.601238709677419,4.30478681138454,25.03367983678673,5.53035888,4.490151305912377,3.987615957266737,0
2024-03-11,4.298813177381604,1.4908367346938776,1.9487807098572547,4.7172118204171385,5.445409099262006,5.596367346938776,5.8577071428571434,4.243735918367347,4.705218705306122,6.293058173663171,3.344772744854388,5.459501182877944,4.112185367228401,0.5556121372713999,4.93556376,4.67214153407591,4.980103672984384,3.987615957266737,0,5.212550759192575,3.601238709677419,4.774512739150274,25.41266480347228,9.288653065714284,4.980103672984384,3.987615957266737,0
2024-03-12,4.120709527523281,1.46065306122449,2.3158820891072995,4.61263761124929,5.328363948637096,5.512,5.636799999999999,4.126719999999999,4.555998719999999,5.097818882508414,2.461104874142365,5.130724041087716,3.6566319193343997,0.4929389664224,5.1173889599999995,4.812079592870367,5.918230224583254,3.987615957266737,0,6.778472447663503,3.601238709677419,5.673911118312884,23.985819028724247,9.08513424,5.918230224583254,3.987615957266737,0
2024-03-13,4.317978581961929,1.5766530612244898,2.354561945050455,4.768426788382199,5.519561538414986,5.554183673469388,6.193438775510204,4.363702040816326,4.894036457142858,4.647747874769307,2.239003158678333,6.5139530524600975,3.9545844091334406,0.5376432723622401,5.07144,4.8884423946419995,6.017076488649119,3.987615957266737,0,6.567187301659281,3.601238709677419,5.768676765373615,29.809201995032183,9.40052712857143,6.017076488649119,3.987615957266737,0
2024-03-14,4.058832072182012,1.6340612244897958,2.2795583323133215,4.415389397823021,5.162485978195259,5.094489795918367,5.913933673469388,4.095777551020408,4.6266003183673465,4.074215491738987,1.9300172452523652,7.330754911514198,4.0419749537974194,0.55169891142957,4.87271136,4.750889204084865,5.825404965326899,3.987615957266737,0,6.648999747302776,3.601238709677419,5.584917914167638,33.055903583729496,8.734096157142856,5.825404965326899,3.987615957266737,0
2024-03-15,4.762887910522621,1.6719387755102042,2.4033557223809003,4.619146627635022,5.382582922554912,5.284857142857142,6.294464285714285,4.312642857142857,4.8936779999999995,4.255801472877301,2.3827289793545066,7.924991624599264,4.898575996875006,0.6703073953125008,5.52537672,5.4264914044952235,6.141768850633722,3.987615957266737,0,6.346022444303276,3.601238709677419,5.8882215198332055,35.34455564384079,9.1368549,6.141768850633722,3.987615957266737,0
2024-03-16,4.583025921694946,1.6636530612244897,2.3483044171538854,4.35217772689989,5.101820310768266,4.994979591836735,5.916223469387755,4.062897551020408,4.605782091428572,4.02081907115722,2.1708299740622157,7.791016066350024,4.698023444790479,0.6425131791850798,5.353547519999999,5.249492630987451,6.001085393548537,3.987615957266737,0,6.000934850794403,3.601238709677419,5.75334582202702,34.8338277882732,8.619899425714284,6.001085393548537,3.987615957266737,0
2024-03-17,3.4965678685844965,1.5742857142857145,2.192505384666954,3.659446714363759,4.361285426749999,4.296244897959183,4.782612244897959,3.3721469387755096,3.780825208163265,3.7266000317222976,1.649044082264344,6.482297998930856,3.6266767035839997,0.4929808193639999,4.2540528,4.098570458876176,5.602941400224415,3.987615957266737,0,6.032833317762481,3.601238709677419,5.371638192434037,29.67931566348975,7.267568399999998,5.602941400224415,3.987615957266737,0
2024-03-18,4.583297984669855,1.633469387755102,1.904791346480673,3.7428208601286075,4.459277880676057,4.339510204081632,5.035469387755103,3.4879836734693876,3.939751248979592,4.960615066065652,2.993056731491596,7.321832544241878,5.146173600000001,0.7023856000000002,5.16431304,5.034620570810109,4.86768897746946,3.987615957266737,0,4.250285383022951,3.601238709677419,4.666738798877648,33.02601713621581,7.438763828571427,4.86768897746946,3.987615957266737,0
2024-03-19,4.319447916637715,1.609795918367347,1.7583522176883097,4.000892929019466,4.724690081516588,4.651020408163265,5.309183673469388,3.703265306122449,4.1707542857142865,5.269867793556027,3.386768368658674,6.973703395538306,5.3951832,0.7351871999999999,5.1,4.948842061155669,4.493464191951699,3.987615957266737,0,4.435565259969055,3.601238709677419,4.307962933336358,31.658569764352787,7.930735714285714,4.493464191951699,3.987615957266737,0
2024-03-20,2.4111347486691206,1.4997142857142858,1.917293045602205,2.8699907073630078,3.5232879773406047,3.452571428571429,3.638228571428572,2.6278628571428575,2.917217005714286,2.1652962256273094,0.40488923166975305,5.560150978076048,1.4557385446425042,0.19681977910708381,3.1112917199999996,2.950925408153412,4.899637034733558,3.987615957266737,0,4.821216851456294,3.601238709677419,4.697367961725402,25.832221554401325,5.74215264,4.899637034733558,3.987615957266737,0
2024-03-21,4.183762015077071,1.6015102040816327,2.114455816935804,3.952003324348694,4.6720395931298135,4.603428571428571,5.224457142857142,3.6532114285714288,4.11012864,4.0568635902430055,1.5989762282560085,6.855809793912057,3.2904051206250005,0.4481192909375002,5.0560053599999994,4.898065324881875,5.403485947403757,3.987615957266737,0,5.651916549555462,3.601238709677419,5.18041675149272,31.18069089650874,7.83502848,5.403485947403757,3.987615957266737,0
2024-03-22,0.9747572154938997,1.3227551020408164,1.3498335584402863,1.1831019368137432,1.7365442169702812,1.5679346938775511,1.4311102040816328,1.1049502040816328,1.1942514808163267,1.9925959540846434,0.3391808935700316,3.863163533730503,1.1664402309062578,0.1555170832760427,0.630182928,0.5735976803396725,3.44949589674379,3.987615957266737,0,2.313356172881889,3.601238709677419,3.3070922181787012,18.19809452456865,2.501833577142857,3.44949589674379,3.987615957266737,0
2024-03-23,0.5803882066531644,1.1641428571428574,1.0111363471238515,0.9282190988918751,1.440734813167176,1.3154816326530612,1.0343905102040818,0.8605235510204082,0.9037835368163265,1.6091491462822887,0.3965349807672622,2.787377238733697,1.4949978615673205,0.19650871560122007,0.0991524456,0.086528872071098,2.5839561171397025,3.987615957266737,0,1.3664856153782836,3.601238709677419,2.4772840504534357,12.865608423766608,2.019390642,2.5839561171397025,3.987615957266737,0
2024-03-24,0.4469734866319263,1.183673469387755,1.2089019902948193,0.9920306539697107,1.5105721398857141,1.3879510204081633,1.1129795918367347,0.9165714285714286,0.966328163265306,0.9528821274828545,0.08123547930161873,2.9016813158887884,0.5252347799999996,0.06916671999999995,0.6124671599999999,0.5374223924377671,3.089345667110155,3.987615957266737,0,1.802733968152127,3.601238709677419,2.9618098762223073,13.450862523671727,2.1409825371428575,3.089345667110155,3.987615957266737,0
2024-03-25,4.053648354872197,1.3955510204081631,1.958544261287664,4.039279446569954,4.713792534279937,4.917102040816327,4.7733,3.5792791836734694,3.913649544489796,4.035043456676714,1.5321486752644191,4.487441259209601,2.7449350748400008,0.3681630991400001,5.22991536,4.845001007032776,5.0050544014547595,3.987615957266737,0,4.962757034457441,3.601238709677419,4.798433440154777,21.11007447572,7.982438297142856,5.0050544014547595,3.987615957266737,0
2024-03-26,1.7243671768749915,1.3547142857142858,1.5685726124505317,1.7554999515726921,2.335411743460016,2.238979591836735,2.100627551020408,1.6006591836734694,1.7390382612244897,1.9976256765402969,0.7288972001991854,4.125761556295486,2.5602235814568783,0.342254416805313,1.906359192,1.7488879575931893,4.00848293966323,3.987615957266737,0,2.9602403995741935,3.601238709677419,3.843002900503803,19.44117776124663,3.5998748999999997,4.00848293966323,3.987615957266737,0
2024-03-27,1.067244248040297,1.2902040816326532,1.2101527945510708,1.2200466703558677,1.7682697486576089,1.6256938775510203,1.44165306122449,1.1287836734693877,1.213344293877551,1.5185274395668966,0.429009333708703,3.6128768059663425,1.8893010239999997,0.2511948706666665,1.1103189599999999,1.0023496476350027,3.0925420939011405,3.987615957266737,0,1.7389528415117008,3.601238709677419,2.9648743466501237,16.99948716746888,2.5738016142857134,3.0925420939011405,3.987615957266737,0
2024-03-28,0.5015822999339455,1.2523265306122449,1.1460594389976198,1.3684996093660198,1.913099682373894,1.8236326530612244,1.562130612244898,1.244199183673469,1.3285735053061223,1.1360058160708095,0.07978888401439625,3.3419738019436385,0.45637907320000637,0.06047746845000093,0.6554646479999999,0.5859370641692132,2.9287517024060308,3.987615957266737,0,1.5563409291810717,3.601238709677419,2.807845625544168,15.667669695048998,2.860819251428571,2.9287517024060308,3.987615957266737,0
2024-03-29,2.022810844626507,1.3476122448979593,1.5492522222392748,2.021788634112507,2.609645978687848,2.5613061224489795,2.3885387755102037,1.8252930612244895,1.980832966530612,1.479991511215271,0.39712844524751506,4.065905016007288,1.87294340590698,0.25023117902782993,2.6789390159999997,2.453399551373998,3.9591097363223473,3.987615957266737,0,2.5533240983280776,3.601238709677419,3.7956679444862234,19.158342468803266,4.111176137142857,3.9591097363223473,3.987615957266737,0
2024-03-30,3.884169504233498,1.4446734693877552,1.925462142576786,3.696203825597399,4.370879521612789,4.46065306122449,4.504838775510205,3.316874285714286,3.6534566497959187,3.6389047444635776,1.4774497133439966,4.9647586432239095,3.0405315820703387,0.4093832853883898,4.809573359999999,4.506402737116482,4.920513139285648,3.987615957266737,0,4.573098953129837,3.601238709677419,4.717382249313125,23.25327503999584,7.325054691428571,4.920513139285648,3.987615957266737,0
2024-03-31,3.7921134414862423,1.440530612244898,2.236382468827727,3.8349933477726346,4.51412327794306,4.6272244897959185,4.657781632653061,3.434622857142857,3.780864969795918,3.5838862227956563,2.0997509917637642,4.922614023354142,4.37460481880928,0.58881743881488,4.45639632,4.171567994189368,5.715069166516251,3.987615957266737,0,5.2939227319466715,3.601238709677419,5.479137048627932,23.072266987884547,7.591274331428571,5.715069166516251,3.987615957266737,0
2024-04-01,3.7386571815106437,1.243542857142857,1.852701306161967,3.700652210546642,4.377881407824109,4.456326530612245,4.534102040816326,3.3271102040816323,3.669769763265306,3.0497525728274786,1.9691633285615413,5.062449086727325,4.8679750776068715,0.6559104136636452,4.550011919999999,4.272315996285413,4.734573024604712,3.89698420340741,0,4.884493209630923,3.048994666666667,4.53911820009682,23.69146084164102,7.3340532,4.734573024604712,3.89698420340741,0
2024-04-02,2.864984555048381,1.2663183673469387,1.6947631673469385,2.874445945857851,3.5240940018440785,3.4720408163265306,3.606336734693878,2.621718367346938,2.902725697959184,2.2294381872113616,1.2795028719737547,5.347632185035452,4.409072017387496,0.5952776112312496,3.491508552,3.297881893278189,4.3309625510206144,3.89698420340741,0,3.967910245097241,3.048994666666667,4.1521697600000005,24.932148456265768,5.749440171428571,4.3309625510206144,3.89698420340741,0
2024-04-03,3.4810547103581317,1.2789714285714284,1.9242419660388808,3.5841817558838613,4.2664114486650115,4.281102040816326,4.497176530612244,3.2528297959183665,3.6089302481632646,3.1714468958628697,1.7475857887119608,5.512952218533254,4.277481532596248,0.5781494427243747,4.1578504800000005,3.939997160711679,4.917394981543542,3.89698420340741,0,5.293782072129895,3.048994666666667,4.714392816795259,25.64245564856466,7.11335718,4.917394981543542,3.89698420340741,0
2024-04-04,4.206802940579256,1.3594448979591836,1.9700596475375518,3.9060708746002737,4.621785635540372,4.5623265306122445,5.134769387755101,3.6033771428571426,4.048019764897958,3.8777789881690237,2.0921400811601556,6.690839315207357,4.468200942950002,0.6080243738250002,4.88428224,4.7204797077321095,5.0344819389241255,3.89698420340741,0,5.806610181502804,3.048994666666667,4.826646136467003,30.525517410185508,7.744464925714286,5.0344819389241255,3.89698420340741,0
2024-04-05,3.7648038596230933,1.3548897959183672,1.818871476217669,3.5603972594661055,4.259782203873594,4.175102040816326,4.681234693877551,3.2904530612244893,3.693982187755102,3.8751464528924213,2.3835708537839695,6.6179034698692,5.075719440173126,0.6904381305496875,4.104414719999999,3.962499068546764,4.648120988462391,3.89698420340741,0,5.100357939829624,3.048994666666667,4.456235116733289,30.234493705019062,7.078672028571428,4.648120988462391,3.89698420340741,0
2024-04-06,3.4452762642051296,1.193942857142857,1.6550833390849442,3.582329122387234,4.239731727143301,4.376285714285714,4.250364285714285,3.1864314285714284,3.484418502857143,4.985378113015432,2.2934803405911457,4.4929096441782175,3.32707515426756,0.4462634315712601,3.9438593759999994,3.6541057237818566,4.229560860480778,3.89698420340741,0,4.920859327524078,3.048994666666667,4.054954180758115,21.137369888957124,7.105463819999999,4.229560860480778,3.89698420340741,0
2024-04-07,3.557371475246459,1.2405061224489795,1.9056246516416528,3.6605370742217045,4.335273167076689,4.4130612244897955,4.477591836734693,3.289812244897959,3.6267669551020405,3.075285716947167,1.5728573660104914,5.025591916841104,3.8462707460392207,0.5181051834698701,4.41134088,4.138800563244109,4.869818486486008,3.89698420340741,0,5.3102486563559035,3.048994666666667,4.668780396522051,23.52505155025028,7.256868685714284,4.869818486486008,3.89698420340741,0
2024-04-08,4.8355303415001645,1.1504163265306122,1.2989566073520706,1.04518877263836,1.5979748888107606,1.3942244897959184,1.2975494897959183,0.99253,1.076695912653061,0.8710547834598321,0.20149163058365802,4.0461464393196795,1.611778938294377,0.2152965858615627,6.6708,6.105649036646239,3.319479990026802,3.89698420340741,0,2.126530439643161,3.048994666666667,3.182443688012574,19.0645863342982,2.236623081428571,3.319479990026802,3.89698420340741,0
2024-04-09,2.7954113998527443,1.1833142857142855,1.5181694419678513,2.905434118180469,3.534129647606044,3.5866938775510198,3.4479632653061216,2.5973077551020403,2.834765838367346,2.8018143199525514,0.9133812445295607,4.379460531192845,2.336455162787499,0.3130787333812499,3.6419140799999994,3.36444487286722,3.879677777963308,3.89698420340741,0,3.967503061725113,3.048994666666667,3.719515132821237,20.614618032759868,5.806448639999998,3.879677777963308,3.89698420340741,0
2024-04-10,3.5215287228871026,1.268342857142857,1.7864037268901845,3.568538351974185,4.247304752063904,4.27461224489796,4.448016326530612,3.2309616326530617,3.5784601861224496,2.99335401502896,1.282076386214704,5.3737463166443185,3.295942922287501,0.4450708141312501,4.35279696,4.113545636251819,4.5651497455403565,3.89698420340741,0,4.773205450810825,3.048994666666667,4.376689130880952,25.040203113145587,7.082300160000001,4.5651497455403565,3.89698420340741,0
2024-04-11,2.643870556977752,1.2612571428571429,1.5440209821266107,2.5109310536901246,3.14446086846493,3.0545306122448976,3.158269387755102,2.3006955102040814,2.545168613877551,2.859199354642675,1.0983637743514412,5.282900711151504,2.9389636966809602,0.3966188153001601,3.053838792,2.8807225012969684,3.945741316793374,3.89698420340741,0,4.008796453049841,3.048994666666667,3.782851406210197,24.645767350199257,5.051175839999998,3.945741316793374,3.89698420340741,0
2024-04-12,2.945507889348688,1.2627755102040814,1.5901292519747166,2.8008822418680577,3.4466543451489358,3.3898367346938776,3.5097602040816325,2.5551693877551025,2.8273924653061226,3.2506531125040077,1.4709510208820982,5.302237445464526,3.466275785718751,0.4678431444947917,3.3485090399999997,3.15992718098332,4.063570871891098,3.89698420340741,0,4.172145682035449,3.048994666666667,3.895816667338056,24.7317951556642,5.6079572142857135,4.063570871891098,3.89698420340741,0
2024-04-13,3.6847753455268304,1.2961795918367345,1.791599206803127,3.3709440549500935,4.048564415071657,4.017183673469388,4.284364285714285,3.078072244897959,3.424486878367347,3.5327234198227457,1.9368148927037092,5.746019564159016,4.31594374951404,0.58421404731234,4.2583898399999995,4.052816580903,4.578426779978602,3.89698420340741,0,4.879740426662548,3.048994666666667,4.389418056667663,26.63347241756863,6.7056853628571425,4.578426779978602,3.89698420340741,0
2024-04-14,1.5264729679730158,1.2389877551020407,1.4374506084517407,1.530544336311344,2.1196198346261395,1.927469387755102,1.9529265306122447,1.4357828571428572,1.5824334563265305,1.4680977409025942,0.4893762779892538,5.007264081345022,2.503662517800001,0.3372055488000001,1.672941984,1.568956554997146,3.673401023868157,3.89698420340741,0,3.0071962737349733,3.048994666666667,3.5217539907067654,23.43869544031591,3.168238165714285,3.673401023868157,3.89698420340741,0
2024-04-15,2.5081155562267745,1.2470857142857141,1.5187095234206838,2.4529838362155356,3.0808765151644804,2.998285714285714,3.060514285714286,2.2424914285714284,2.4749230628571426,1.941729764823097,0.6298027707920224,5.105790894831306,2.4525789925000008,0.33056478000000006,3.1080134399999997,2.9210383769690553,3.881057954610868,3.89698420340741,0,3.604535695402164,3.048994666666667,3.720838332380676,23.871592582169487,4.939205039999999,3.881057954610868,3.89698420340741,0
2024-04-16,3.254174746681956,1.308326530612245,1.662109277754966,3.043989879798673,3.7105519571946144,3.6299591836734697,3.9124795918367354,2.797808163265306,3.11865546122449,2.7388197881822673,1.1246824030770928,5.916445826883861,3.264652424671877,0.4423667390078127,3.9666514799999995,3.786585087282711,4.247515627171434,3.89698420340741,0,4.382581076188301,3.048994666666667,4.072167730499667,27.345422693734307,6.078986485714286,4.247515627171434,3.89698420340741,0
2024-04-17,1.2931985245592268,1.2207673469387754,1.3039286166794757,1.6866341639943783,2.2781663326380364,2.12,2.112,1.5648000000000002,1.7192448,1.3809506157093183,0.23308087708438432,4.792474476353023,1.248565512479999,0.16788595895499994,1.62340548,1.5151362802299004,3.332185946006495,3.89698420340741,0,2.66606353253158,3.048994666666667,3.194625110864716,22.48018687361568,3.4674696,3.332185946006495,3.89698420340741,0
2024-04-18,2.112611387417464,1.0876571428571427,1.2558886587036269,1.8002857110616626,2.3626976412726775,2.3406530612244896,2.04144693877551,1.6115175510204078,1.726750109387755,2.7752605393011085,1.051265563732548,3.4790206379439215,2.498256395339379,0.3316297891190631,2.223109176,1.9974684474993671,3.209419967281744,3.89698420340741,0,2.55697365826837,3.048994666666667,3.076927213823886,16.350033836111404,3.689338679999999,3.209419967281744,3.89698420340741,0
2024-04-19,2.7854175712201523,1.0284408163265306,1.6526259173865554,3.1868750246594724,3.766698634600226,4.105877551020408,3.3544244897959183,2.736218775510204,2.895210749387755,3.7514071070972377,1.9146594050995651,3.0169962421409653,3.191417733570002,0.42101119872000037,3.388404912,2.9888039167688545,4.223280926179133,3.89698420340741,0,4.609573835371883,3.048994666666667,4.048933497597062,14.049550010234016,6.363191417142857,4.223280926179133,3.89698420340741,0
2024-04-20,3.157146440848511,1.0724734693877551,1.906817051335772,3.4643151434069903,4.071865049510363,4.389265306122448,3.766072448979592,2.9971228571428563,3.20138435755102,2.901047884871357,1.3321207139437912,3.354206259644927,2.987736263040541,0.39598493823008996,4.009031663999999,3.5854541522221406,4.8728656605812315,3.89698420340741,0,5.451677541560355,3.048994666666667,4.671701775772642,15.7380559464849,6.888623117142855,4.8728656605812315,3.89698420340741,0
2024-04-21,3.0215663884662085,1.0932244897959185,1.7715934674710934,3.337720078776063,3.9501246157377046,4.207551020408163,3.691530612244898,2.905591836734694,3.1168902857142853,2.415163968113203,1.0607791946172553,3.525940611104193,2.9110573963440007,0.38664673382400017,3.9385802639999996,3.5447896874113143,4.527302168869572,3.89698420340741,0,4.677392483260805,3.048994666666667,4.340403995304179,16.580910965516598,6.642397285714285,4.527302168869572,3.89698420340741,0
2024-04-22,3.0508332580437654,1.1276408163265306,1.9253889439218863,3.2547202238221242,3.877604244671674,4.064775510204082,3.696644897959184,2.8591477551020406,3.088100453877551,2.670639646530484,1.4961575735207178,3.8303700848795663,3.827113830720002,0.5100763067866669,3.745847184,3.4059761058893208,4.92032608032705,3.89698420340741,0,5.098060978412241,3.048994666666667,4.717202912608622,18.052546967217893,6.479425491428569,4.92032608032705,3.89698420340741,0
2024-04-23,3.229683674975835,1.1934367346938775,1.917129772744325,3.2670771032120483,3.912398353894246,4.004204081632653,3.8871,2.914758367346939,3.187050288979592,2.689167127655482,1.7201136449223282,4.487441259209601,4.624009632724997,0.6201930721208327,3.86533692,3.5808536048508763,4.899219791400272,3.89698420340741,0,4.949897281182992,3.048994666666667,4.696967943223598,21.11776259840567,6.500436994285715,4.899219791400272,3.89698420340741,0
2024-04-24,2.899453138744636,1.1868571428571428,1.9050648048283252,3.014347717873599,3.648164892993498,3.7121632653061223,3.5808367346938774,2.693069387755102,2.9411679673469386,2.451925556755352,1.4113107096632975,4.4169549799646,4.137795729281254,0.5546382225885422,3.428371776,3.1702853159031488,4.868387799514786,3.89698420340741,0,4.665944633116676,3.048994666666667,4.667408771829398,20.793828795703423,6.015438,4.868387799514786,3.89698420340741,0
2024-04-25,3.51092386723246,1.254677551020408,1.8530591399458152,3.1816608191198164,3.8409631295677307,3.8397959183673467,3.946658163265306,2.882744897959183,3.185584530612245,3.4170282184468572,1.8163366775420167,5.199919788786085,4.044668907329373,0.5455186446590624,3.820461,3.5977453147375504,4.7354874678420895,3.89698420340741,0,4.9670896786112655,3.048994666666667,4.539994892867249,24.289642005277145,6.338469214285714,4.7354874678420895,3.89698420340741,0
2024-04-26,3.287987500645329,1.254677551020408,1.8504043260611556,3.2523442620080156,3.914522557000754,3.9219999999999997,4.03115,2.94446,3.2537829599999997,2.8860087160664207,1.3397725899233695,5.199919788786085,3.532389938089994,0.47642578801499924,3.975045264,3.7433180117335807,4.72870309835854,3.89698420340741,0,4.764453957660565,3.048994666666667,4.5334905988498315,24.287496244431367,6.474166019999998,4.72870309835854,3.89698420340741,0
2024-04-27,3.467968690196729,1.2956734693877552,1.9111421161106563,3.306594062284016,3.9813695016354678,3.9436326530612247,4.204061224489797,3.020971428571429,3.3606893387755106,2.949146856699466,1.5815042919039166,5.73902600107797,4.219808687160001,0.57117627936,4.086760559999999,3.888980180474428,4.883918351559928,3.89698420340741,0,5.162950802747771,3.048994666666667,4.682298184471109,26.60351919413374,6.582019628571428,4.883918351559928,3.89698420340741,0
2024-04-28,3.2864994403011334,1.308326530612245,1.9147490249884387,3.0666167442549206,3.7341459742227663,3.6559183673469384,3.9404591836734695,2.817816326530612,3.1409581224489793,2.907041414186794,1.6915629453691639,5.916445826883861,4.626019418728501,0.6268346086047503,3.711677184,3.5431853654412535,4.893135797145009,3.89698420340741,0,5.119900094029948,3.048994666666667,4.6911351112216755,27.351245948404102,6.1224595714285694,4.893135797145009,3.89698420340741,0
2024-04-29,3.219558885395836,1.2906122448979591,1.8744869585120434,3.1276611041460454,3.79367274,3.7424489795918365,3.9719387755102042,2.859795918367347,3.1788220408163266,2.7809280812263455,1.5605769378598697,5.669556823158878,4.397714856250006,0.5949984760416674,3.7642896,3.5775702935308473,4.790246198470911,3.89698420340741,0,4.854071645973151,3.048994666666667,4.592493048354507,26.31017962281633,6.237786857142857,4.790246198470911,3.89698420340741,0
2024-04-30,4.255680144177263,1.7658612244897958,2.415558358727025,3.539058699515211,4.300602004678292,3.8289795918367346,5.759724489795919,3.6042979591836732,4.253609093877551,3.5969100698883167,2.1545292999547865,17.790728120660926,6.684046765925634,0.9357634215084385,3.7379715599999996,3.9121243436129776,6.172952653808724,3.89698420340741,0,5.029694117049487,3.048994666666667,5.918117978881212,67.0736512153934,7.194033514285714,6.172952653808724,3.89698420340741,0
2024-05-01,3.4851256101991424,1.0898530612244899,1.7052851519495402,3.195182279706063,3.8601993957666094,3.835469387755102,4.014578571428571,2.908443673469387,3.2247208212244898,3.2020700235845596,2.143583054187341,5.459501182877944,5.179374381234376,0.6998038786432292,3.731299944,3.532152007789586,4.35785145334885,2.914197985605275,0,5.268909759256418,2.348925806451613,4.177948622276374,25.417170240885515,6.365976762857142,4.35785145334885,2.914197985605275,0
2024-05-02,3.6427105534689495,1.0933142857142857,1.7287662091800355,3.219191638452152,3.8862129657571396,3.859265306122449,4.054048979591837,2.9323134693877546,3.2533257012244894,3.4537078083796557,2.3810212995214166,5.512952218533254,5.351613868741247,0.7233304345818746,3.8016326159999996,3.602443566731844,4.417857229662037,2.914197985605275,0,5.542675869656735,2.348925806451613,4.235477212491088,25.64699757808137,6.41244528,4.417857229662037,2.914197985605275,0
2024-05-03,3.058225308793608,1.0881224489795918,1.708516481193889,2.9131413794409617,3.5659678204009957,3.510979591836735,3.668311224489796,2.659732653061224,2.9479907020408165,2.694350757724229,1.8498992709229447,5.43297031893171,5.3032393190625005,0.7164132510937499,3.3093924479999997,3.1311433621382037,4.366109106227394,2.914197985605275,0,4.92947352040728,2.348925806451613,4.185865378925029,25.30371578764665,5.824228242857141,4.366109106227394,2.914197985605275,0
2024-05-04,3.3622405170389187,1.0816326530612244,1.735786083603357,3.1441218979769294,3.8046165625000006,3.7857142857142856,3.928571428571429,2.8571428571428568,3.162857142857143,3.0635598837206626,2.2702116446123024,5.3346227467031815,5.6882655,0.7679158425,3.6165368879999997,3.415086957848256,4.43579649918715,2.914197985605275,0,5.382449586997709,2.348925806451613,4.252675904828226,24.881299184188748,6.26715,4.43579649918715,2.914197985605275,0
2024-05-05,3.0757920814369863,1.0292816326530612,1.7524542220576822,3.0659022916105476,3.706730637698376,3.7554285714285713,3.6828000000000003,2.748548571428571,3.011006262857143,2.831904762797409,2.1474145741517816,4.603687592931582,5.5312168650051605,0.7426046941608601,3.2665479599999996,3.0349554287977187,4.478391880554752,2.914197985605275,0,5.311996883811208,2.348925806451613,4.293512844041322,21.649210470659177,6.114385439999998,4.478391880554752,2.914197985605275,0
2024-05-06,3.737205173792411,0.9912081632653061,1.6737303057844646,3.077423622635182,3.705053782978634,3.816,3.5838,2.7295199999999995,2.9660515199999997,2.9842980730738167,1.9641191946981646,4.135822968899299,4.6219962443118705,0.6179353283228118,4.431871384230215,4.066954314304821,4.277213131914181,2.914197985605275,0,5.341023270432911,2.348925806451613,4.100639249171938,19.49646904039258,6.137162639999999,4.277213131914181,2.914197985605275,0
2024-05-07,3.653757112194564,1.0405306122448978,1.6972581214673013,2.918887090897628,3.5577240137003847,3.5693877551020408,3.544132653061225,2.6298979591836735,2.887688571428572,2.7096006281599574,1.712623139560578,4.751792334570133,4.661751868453128,0.6266307535963546,4.301112699971223,4.010439687168788,4.337338399322015,2.914197985605275,0,5.13759587069784,2.348925806451613,4.158282397594889,22.312278644117907,5.832443571428571,4.337338399322015,2.914197985605275,0
2024-05-08,3.713951623442089,1.0712489795918367,1.6149215854589078,3.1245760722919247,3.7811628139738422,3.774897959183673,3.8746122448979587,2.8318857142857143,3.128589844897959,3.305782340050424,2.1502731534489183,5.180956196823453,4.943216868000003,0.6666192123750004,4.17035401571223,3.925689984881662,4.126927611016209,2.914197985605275,0,5.06332581502712,2.348925806451613,3.956557884374325,24.210707403749392,6.228782485714285,4.126927611016209,2.914197985605275,0
2024-05-09,3.5839647534361663,1.0392326530612244,1.610673643437413,2.483169151679333,3.104630117217838,3.058857142857143,3.0328857142857144,2.2520114285714286,2.4721060114285716,2.540803724801882,1.5553156049989596,4.734463019006787,4.5090650795850005,0.6060224540975001,4.039595331453238,3.7650555506078023,4.116072007018866,2.914197985605275,0,4.734093646922612,2.348925806451613,3.9461504264216622,22.23397184685088,4.996154879999999,4.116072007018866,2.914197985605275,0
2024-05-10,3.3146797636650907,1.0383673469387755,1.5220684617954308,2.909453177685409,3.5472310080000002,3.560734693877551,3.5271428571428576,2.620163265306122,2.8757299591836736,2.623555982616165,1.4525559055775423,4.72294526637329,4.0748571500000015,0.5476137333333335,3.9088366471942444,3.6421890307676055,3.8896417122665103,2.914197985605275,0,4.448533720904298,2.348925806451613,3.7290677313988057,22.180506807836075,5.814283371428571,3.8896417122665103,2.914197985605275,0
2024-05-11,3.3907852683027926,1.0491836734693878,1.6500564942173073,2.7812469885067013,3.417377676343949,3.3984897959183678,3.4065051020408164,2.5168061224489797,2.7683584897959186,2.744158495712984,1.8497171794640535,4.8689533392228155,5.013834158062501,0.67457896509375,3.778077962935251,3.532319511592682,4.216714772430843,2.914197985605275,0,4.909550337108247,2.348925806451613,4.042638410832404,22.836680838033253,5.568544157142857,4.216714772430843,2.914197985605275,0
2024-05-12,3.4584382783839787,1.0457224489795918,1.7010997436912483,2.8629687621425592,3.501253196206792,3.4980000000000007,3.493050000000001,2.58522,2.8416247200000004,2.995760104100405,2.2666049762647673,4.821746218931814,5.608826941990141,0.7543539552616901,3.6473192786762585,3.4063793766520596,4.347155654209097,2.914197985605275,0,5.096489861390648,2.348925806451613,4.1676943720435595,22.628896174994317,5.72527494,4.347155654209097,2.914197985605275,0
2024-05-13,3.4830720952031,1.0578367346938775,1.6653510760470307,2.9964453677378002,3.643770344722433,3.640775510204081,3.683709183673469,2.7099734693877546,2.985999208163265,3.123316639054396,2.7526289371455004,4.98900308564802,6.611058706437505,0.8902883739895838,3.516560594417266,3.296659207533679,4.255800033672239,2.914197985605275,0,5.282185046106347,2.348925806451613,4.080110136315225,23.375227284266984,5.981983071428571,4.255800033672239,2.914197985605275,0
2024-05-14,3.0959350288190763,1.033608163265306,1.344293694590058,1.7324258827903827,2.3232300891581383,2.1805714285714286,2.148685714285714,1.6000457142857143,1.7543989028571427,2.133036744036268,1.1213202342674078,4.66009665671782,3.850947753161878,0.5172582941728129,3.3858019101582735,3.1500859311607523,3.4353387901135757,2.914197985605275,0,3.448683750171945,2.348925806451613,3.2935195517456424,21.89695177999741,3.555213119999999,3.4353387901135757,2.914197985605275,0
2024-05-15,1.9445197184866692,0.8791510204081633,1.3677042140621858,2.158921249870701,2.712051501916194,2.8295510204081635,2.3116897959183675,1.8856555102040815,1.9952242677551022,2.1356913103890953,0.8681935268753193,3.0169962421409653,2.54193466784928,0.33533152063488,2.391354504,2.109337547772402,3.4951643073818355,2.914197985605275,0,3.9972374385301954,2.348925806451613,3.350875324452356,14.047048292330985,4.385170902857143,3.4951643073818355,2.914197985605275,0
2024-05-16,2.4508539568419057,0.9951020408163265,1.6586545650664928,2.5479611458471925,3.1579028205263153,3.1799999999999997,3.0,2.28,2.4796799999999997,2.2547512775007195,1.2715258668938236,4.181403830841306,3.9758542848,0.5317820148,2.784881928,2.5588775243408257,4.238687118523978,2.914197985605275,0,5.014144175982159,2.348925806451613,4.063703684412908,19.706213504695658,5.120765999999998,4.238687118523978,2.914197985605275,0
2024-05-17,3.073753284516869,1.078604081632653,1.7251045680314927,2.803846045391878,3.4494962227212618,3.3941632653061222,3.5110377551020404,2.557149795918367,2.829110649795918,3.1339542703145766,2.4111068737531425,5.289338441067246,5.8884002906481,0.79468639899135,2.8949231999999996,2.7311726285298823,4.40849991591156,2.914197985605275,0,5.294339483503505,2.348925806451613,4.226506191677157,24.68606950095649,5.613581648571428,4.40849991591156,2.914197985605275,0
2024-05-18,2.732752854779715,1.0405306122448978,1.714541219548188,2.7328703659396516,3.3644526227682463,3.3508979591836736,3.3271887755102045,2.468916326530612,2.7109270285714286,2.565509636716491,1.915652254902823,4.751792334570133,5.507260950816,0.740283733936,2.8583978159999996,2.6652247552312884,4.381505308301465,2.914197985605275,0,4.925577301426742,2.348925806451613,4.200625987893061,22.31576947235172,5.475427328571428,4.381505308301465,2.914197985605275,0
2024-05-19,2.410176166422224,0.9976979591836733,1.5060626383651528,2.5302684202393535,3.140441672467682,3.1562040816326533,2.9864836734693876,2.266511836734694,2.4663984097959184,2.3322587585382855,1.2096157100921268,4.212069812860214,3.6661145300100006,0.490495803335,2.7507482399999996,2.529682174923985,3.8487388750970544,2.914197985605275,0,4.295107118387951,2.348925806451613,3.689853463994624,19.847452804725844,5.086724297142857,3.8487388750970544,2.914197985605275,0
2024-05-20,2.497253730913827,1.0180326530612245,1.4668191723438588,2.6064246623170924,3.2260792136501433,3.2254285714285715,3.1234928571428573,2.3448257142857143,2.562711325714286,2.711924034779383,1.2919207331999103,4.4601990072509095,3.4364147981578212,0.46079852670297,2.7528176159999997,2.548436660166564,3.748452307047232,2.914197985605275,0,4.326547111825827,2.348925806451613,3.5937069722424555,20.98865558841524,5.232528179999999,3.748452307047232,2.914197985605275,0
2024-05-21,2.3156018192896757,0.9946693877551019,1.5116789053331043,2.5512086161441285,3.1611212576951835,3.1843265306122452,3.002579591836735,2.2825012244897955,2.482166909387755,2.4538576162894987,1.25690752686747,4.176314584079821,3.6096837189756004,0.48278224576260004,2.55974508,2.3516747753206,3.863091229681684,2.914197985605275,0,4.385171561166811,2.348925806451613,3.703613318066106,19.68105511577441,5.127013851428571,3.863091229681684,2.914197985605275,0
2024-05-22,2.381610808137606,1.0007265306122448,1.4820175757338334,2.7001974844398564,3.3175917553406764,3.3552244897959183,3.1858806122448975,2.4138624489795912,2.6284626073469384,2.402561551289732,1.3144117522243144,4.248131157561573,3.8789161466274993,0.5191422006879166,2.7355673759999997,2.518231695458396,3.787291784553888,2.914197985605275,0,4.2732391108457675,2.348925806451613,3.6309430605478914,20.015496760434985,5.412781722857142,3.787291784553888,2.914197985605275,0
2024-05-23,2.7450409731535403,0.9903428571428571,1.658636755004001,2.76120282415515,3.3771685013935078,3.439591836734694,3.2270510204081635,2.4589836734693877,2.671566024489796,2.8276549743389454,2.1903384437076463,4.125761556295486,5.435137459185,0.7265770906975002,2.651303136,2.432297200830691,4.238641604958914,2.914197985605275,0,4.818873338883383,2.348925806451613,4.063660049759803,19.45278669324929,5.530242599999999,4.238641604958914,2.914197985605275,0
2024-05-24,0.8680991607106934,0.8237714285714285,1.4622523509128447,1.2117927174889824,1.7207132691600469,1.6892938775510205,1.2781261224489797,1.0849728979591835,1.1309675892244897,1.3080707370654998,0.4793984862418806,2.5815143614237503,2.158239026429996,0.28266581461333273,0.6656715839999999,0.5747537033222448,3.736781807607546,2.914197985605275,0,4.623608710637292,2.348925806451613,3.5825182597364695,11.79254881235847,2.5691922359999997,3.736781807607546,2.914197985605275,0
2024-05-25,1.1774821413227003,0.7926204081632653,1.17847287472573,1.1683634597898358,1.664258005834334,1.6548979591836737,1.1958979591836736,1.0404000000000002,1.074756930612245,1.236442371124499,0.3242468690913399,2.3647932091014967,1.4918562573811207,0.19455833220352003,1.4213863199999999,1.2119079715744885,3.011584147076233,2.914197985605275,0,2.776314276433791,2.348925806451613,2.887258543078039,10.636202935104816,2.489970085714286,3.011584147076233,2.914197985605275,0
2024-05-26,0.3172714687458242,0.7329142857142857,0.760536587755102,0.5274667784308329,0.9945068030831561,0.8529755102040817,0.5608716326530613,0.5140384489795919,0.5211751180408164,0.6715945036889405,0.11019911070697656,1.998958904544044,0.8721159640286406,0.11276125891144001,0.2472397992,0.20553682416858934,1.943549130469188,2.914197985605275,0,1.2946259895179375,2.348925806451613,1.86331464,8.632715335632964,1.256807592,1.943549130469188,2.914197985605275,0
2024-05-27,1.018795172878979,0.8371836734693878,1.1513630880585222,1.2550340168542755,1.7698780599301307,1.734938775510204,1.338030612244898,1.1244367346938775,1.1765045387755102,1.1336008812820342,0.14654861010600156,2.6808387564406333,0.772570278203126,0.10136522084635438,1.381628352,1.1992531218859965,2.942305162800431,2.914197985605275,0,2.9896373047795164,2.348925806451613,2.8208395657433796,12.30867212496339,2.6507589428571423,2.942305162800431,2.914197985605275,0
2024-05-28,1.4637688177856627,0.7982448979591836,1.0917504124354127,1.5291928629546403,2.0328729611569503,2.1135102040816323,1.540270408163265,1.333904081632653,1.380249771428571,1.984388652755443,0.4861714564293628,2.4025308530778346,1.4025463660312496,0.183053949546875,1.493921784,1.27668951022235,2.789965136380107,2.914197985605275,0,2.6191812541791135,2.348925806451613,2.674788510466762,10.838428179800074,3.1862063571428565,2.789965136380107,2.914197985605275,0
2024-05-29,1.7188080623679425,0.6455183673469388,1.1381945843818635,2.4784978673913503,2.8759683620561494,3.5628979591836734,2.0032897959183673,2.0113567346938774,1.9765290710204082,2.048568060303478,1.0740495436576896,1.5630196939394392,2.5115734865999984,0.3203037654749997,2.167392696,1.7311987030196536,2.908653088354026,2.914197985605275,0,3.0035835726911424,2.348925806451613,2.7885767317355663,6.159390992765957,5.087168897142855,2.908653088354026,2.914197985605275,0
2024-05-30,1.749011378289878,0.6550367346938776,1.2025793488280287,2.3127909636017017,2.722268812614466,3.320612244897959,1.9015204081632653,1.8883632653061222,1.8624649959183674,2.5138427168939494,1.3121749495076809,1.605463461960902,2.529634428879121,0.32311363946652,1.80690756,1.4498160263203428,3.0731881744623375,2.914197985605275,0,3.285162496682158,2.348925806451613,2.9463194046286705,6.405544033493858,4.7577281142857135,3.0731881744623375,2.914197985605275,0
2024-05-31,2.004376318310128,0.6918122448979591,1.3847824018041321,2.462753410797365,2.903657563938044,3.465551020408163,2.1234673469387753,2.0263665306122447,2.025793733877551,2.54311507612327,1.359772017591745,1.7805640718649303,2.7081562896825,0.34796080786375005,2.0640552719999996,1.6846989369375247,3.5388075685611873,2.914197985605275,0,3.963666479868835,2.348925806451613,3.392716884420124,7.410609212781454,5.0319231942857146,3.5388075685611873,2.914197985605275,0
2024-06-01,1.9428981682361361,0.6598530612244897,1.353238228917162,2.4728305970964066,2.9435079192412066,3.422285714285714,2.2341714285714285,2.055954285714286,2.0815142399999997,1.9994523361160725,1.091253615375443,1.9747621102157664,2.8862815091712015,0.3729437453952001,2.3236893359999997,1.9280854432013614,3.4581965226589726,1.970559581185188,0,4.068450623677162,1.933888,3.3154336608470474,8.50518763108132,5.034800879999999,3.4581965226589726,1.970559581185188,0
2024-06-02,2.1163542862873994,0.7280326530612243,1.3902423792213408,2.438130461199869,2.9590237632781413,3.270857142857143,2.403771428571428,2.072365714285714,2.147908937142857,2.1399698881095226,1.3300737456901306,2.4408707187483993,3.5804973382567193,0.46767278673612,2.388412008,2.0457883021135848,3.5527605256344574,1.970559581185188,0,4.30260185932477,1.933888,3.406093829092286,11.051641262941768,4.940559359999999,3.5527605256344574,1.970559581185188,0
2024-06-03,1.6004602786026902,0.7487999999999999,1.2684087612275843,1.8316825042992146,2.3538131293737905,2.472612244897959,1.8789520408163265,1.5913359183673468,1.6602126318367345,1.5676124626735948,0.6850507026718068,2.603615818278663,2.5820428618806264,0.3383091260426044,1.90579656,1.6474795189750495,3.241415054389451,1.970559581185188,0,3.6852959718266023,1.933888,3.107601465007582,11.910558490517683,3.764424779999999,3.241415054389451,1.970559581185188,0
2024-06-04,1.929125864468477,0.7421387755102041,1.1115630319075787,2.2890700432036013,2.8161756366470243,3.061020408163265,2.3015408163265305,1.960208163265306,2.0408019428571427,2.761848930835174,1.1142607237356454,2.550265909083451,2.3645692599424986,0.30950849832374977,2.1600250319999996,1.8617969669981551,2.8405962302254486,1.970559581185188,0,3.4178082758658532,1.933888,2.723329428173568,11.628342676169495,4.648493314285713,2.8405962302254486,1.970559581185188,0
2024-06-05,1.952291283544934,0.7491918367346939,1.3014886721206054,2.416084899343859,2.949820840257913,3.2124489795918367,2.442673469387755,2.0680897959183677,2.1578638040816327,2.0206433494088243,0.9288649996684257,2.6067885781617037,2.7173691980400023,0.35606073384000025,2.3909244719999996,2.0672059136386154,3.3259506744861818,1.970559581185188,0,3.7820860966155054,1.933888,3.1886472466954836,11.927761793856376,4.8915136285714285,3.3259506744861818,1.970559581185188,0
2024-06-06,2.149098599474473,0.7793632653061224,1.4209478737010819,2.449159566072859,3.0008935342132412,3.2124489795918367,2.5593520408163264,2.1147612244897958,2.226750832653061,2.151124239209861,1.2059137842064187,2.8630684109996944,3.4361565584693814,0.45222082130739666,2.3875964159999996,2.0912506552805645,3.6312283312043103,1.970559581185188,0,4.105107113956919,1.933888,3.4813222905676513,13.263680286653232,4.947379328571428,3.6312283312043103,1.970559581185188,0
2024-06-07,1.8998198530093775,0.7801469387755102,1.406181555999953,2.2717522816562554,2.8196699386525355,2.9896326530612245,2.384655102040816,1.9692089795918366,2.073967964081633,1.8813516210186192,1.1247415337890514,2.8700505189579353,3.6678356195793755,0.4827652025340625,2.132647008,1.868562714553892,3.593493047471318,1.970559581185188,0,3.9605808475060016,1.933888,3.445144812199886,13.300477301761855,4.605578177142856,3.593493047471318,1.970559581185188,0
2024-06-08,2.0138368312348884,0.7703510204081633,1.423930300800663,2.3842064832044834,2.9294785922227353,3.1432244897959185,2.4701,2.0555502040816322,2.158633733877551,1.9338195273403838,1.0915751964854699,2.7839846817936955,3.4228628160434393,0.4498898813672399,2.3627414639999995,2.061585120964471,3.638849915345566,1.970559581185188,0,4.305387009981863,1.933888,3.4886292369616254,12.85537958451192,4.8244415657142845,3.638849915345566,1.970559581185188,0
2024-06-09,2.24658277181208,0.8013061224489795,1.4714266260222069,2.5076674943068182,3.0724912940902676,3.255714285714286,2.6798214285714286,2.177642857142857,2.3075151428571425,2.3449090233886554,1.406745258283585,3.0651418176719116,3.773793062043001,0.4981912644405001,2.44213908,2.1586630072522572,3.760226642081739,1.970559581185188,0,4.844504992656934,1.933888,3.604995233754408,14.295828862362155,5.0551875,3.760226642081739,1.970559581185188,0
2024-06-10,2.3416655231366037,0.8436244897959184,1.512972789580481,2.517129913955929,3.10249529619217,3.2124489795918367,2.807862244897959,2.214165306122449,2.373471257142857,2.3879027564660893,1.6456223790010882,3.4960097650315105,4.553256922273124,0.604545041316354,2.413610496,2.1699653759132915,3.86639774726993,1.970559581185188,0,4.687086283042352,1.933888,3.706783334472179,16.441227836155267,5.066366014285713,3.86639774726993,1.970559581185188,0
2024-06-11,2.239476399764617,0.7981714285714285,1.4447890285714284,2.443246978721849,3.004764855080577,3.1799999999999997,2.6055,2.1222,2.2467672,2.5088699429285817,1.5245557564452965,3.0354236198551052,3.8084942219187488,0.5025531401114581,2.21272884,1.9533580775109183,3.692154336032579,1.970559581185188,0,4.33759344401957,1.933888,3.5397331199999997,14.145444587870482,4.931879399999999,3.692154336032579,1.970559581185188,0
2024-06-12,2.193831453198093,0.8083591836734693,1.480378069682595,2.4925040024702843,3.0604893785259613,3.227591836734694,2.684077551020408,2.1697942857142856,2.303762488163265,2.120902529798365,1.436864005819703,3.1330759087880993,4.297083634642498,0.567825985357083,2.3198778,2.05652407168966,3.7831020314090873,1.970559581185188,0,4.389831913804807,1.933888,3.6269262707223575,14.640555690938305,5.024642502857143,3.7831020314090873,1.970559581185188,0
2024-06-13,2.4163807794685215,0.7527183673469388,1.4550283790314509,2.481564405062379,3.018719056006431,3.290326530612245,2.5158581632653068,2.1238126530612247,2.218422577959184,2.6748680190272407,1.8981314627462638,2.635517967980053,4.212732772942321,0.5522876295037201,2.2174306319999997,1.9201535408972183,3.718320967597128,1.970559581185188,0,4.712092132493217,1.933888,3.564819528627055,12.084352247299025,5.016783831428571,3.718320967597128,1.970559581185188,0
2024-06-14,2.3052006276429733,0.8130612244897959,1.4450418291171276,2.520310625683366,3.091403135454546,3.255714285714286,2.725892857142857,2.1960714285714285,2.3347157142857142,2.2697810237566176,1.9097834576128505,3.17919973205058,5.3661672649125,0.70955486906875,2.39157156,2.124136642579268,3.692800367122585,1.970559581185188,0,5.171253499815692,1.933888,3.5403524813369636,14.876307908596075,5.077246499999999,3.692800367122585,1.970559581185188,0
2024-06-15,2.199106872282676,0.8463673469387756,1.481166328599254,2.393735831048511,2.9764376805245902,3.058857142857143,2.683714285714286,2.1123428571428575,2.2659552,1.9756337210046082,1.3842477381180909,3.525940611104193,4.643867162016,0.6167985807359999,2.4454430639999996,2.200940636820986,3.785116424873811,1.970559581185188,0,4.5661580122473495,1.933888,3.6288575050681726,16.587741758951452,4.8289716,3.785116424873811,1.970559581185188,0
2024-06-16,2.2876661171183357,0.8342204081632653,1.4413729980706176,2.4578538410796655,3.037161731422981,3.1518775510204082,2.719237755102041,2.158144081632653,2.30765250122449,2.3658773610792188,1.590878959425741,3.3953054070203947,4.39502344551,0.5828077925849999,2.4075822959999997,2.156554442700371,3.6834246796078913,1.970559581185188,0,4.768479528019734,1.933888,3.5313638452730136,15.946377069668502,4.953754208571428,3.6834246796078913,1.970559581185188,0
2024-06-17,2.487870513733608,0.8303020408163265,1.433385084093524,2.5333471391805324,3.1131155621895554,3.2492244897959184,2.7878959183673473,2.218668571428571,2.369876444081633,2.5851229993510687,2.109728876334782,3.354206259644927,5.310054883387504,0.7037775659812503,2.4051457199999997,2.151028086385628,3.6630115877009417,1.970559581185188,0,4.6703201585107745,1.933888,3.511793456029134,15.747142249066226,5.09941445142857,3.6630115877009417,1.970559581185188,0
2024-06-18,2.3339719826334546,0.7585959183673469,1.4306721543277683,2.4556247482111138,2.995746541913853,3.2492244897959184,2.507420408163265,2.1064783673469387,2.204283702857143,2.5022136725024398,1.9061812765245967,2.6841056200076845,4.554716697779998,0.5976366508799996,2.2455051119999996,1.9494282344327964,3.656078703245216,1.970559581185188,0,4.664630489230807,1.933888,3.5051467781030334,12.340067201788,4.965122777142856,3.656078703245216,1.970559581185188,0
2024-06-19,2.4219196205226527,0.7691755102040816,1.5149760280540603,2.4415194542476715,2.9874246744204447,3.2167755102040814,2.523347959183673,2.1018289795918363,2.20645794122449,2.4849440621694354,1.9703150833545093,2.7738317656564857,4.801310398469374,0.6309615635990623,2.2443210959999997,1.9572767120351884,3.871517017606337,1.970559581185188,0,4.864317798805772,1.933888,3.711691268732448,12.808012038965211,4.9351533171428565,3.871517017606337,1.970559581185188,0
2024-06-20,2.1943566067260774,0.7421387755102041,1.4977004192102257,2.381006285135046,2.9098054273152623,3.1778367346938774,2.3893734693877553,2.035014693877551,2.118684137142857,2.3008643933820343,1.841315713983129,2.550265909083451,4.690318908502498,0.6139357330837497,2.033625,1.7528486017154745,3.8273692473513026,1.970559581185188,0,4.3695555436335,1.933888,3.6693660270650534,11.637088265388671,4.825891645714285,3.8273692473513026,1.970559581185188,0
2024-06-21,1.9995163531819817,0.7178448979591836,1.43044730296868,2.313575424047467,2.8259247193037216,3.1259183673469386,2.2589183673469386,1.9651999999999998,2.030096424489796,2.1093998990639036,1.4932468669734156,2.3647932091014967,4.027149568170002,0.5251950378200003,2.1188566079999998,1.806587820444537,3.6555040962237033,1.970559581185188,0,4.901427374439625,1.933888,3.5045958922732665,10.645637138677971,4.703276828571428,3.6555040962237033,1.970559581185188,0
2024-06-22,2.3364381368199094,0.7938612244897959,1.5076666550617264,2.287247967579897,2.8425417069551897,2.991795918367347,2.4357734693877555,1.9903910204081636,2.104630207346939,2.2616669075847073,1.6366938187000908,2.995030995451528,4.512543465348241,0.5950981355180401,2.303993136,2.030300756901281,3.852837935294916,1.970559581185188,0,4.83599618183048,1.933888,3.6937833049012303,13.942976923498614,4.632560022857142,3.852837935294916,1.970559581185188,0
2024-06-23,1.6058281831572558,0.8788897959183672,1.4597366922849664,1.949996636475873,2.5307246452310976,2.487755102040816,2.280051020408163,1.7569183673469386,1.9003951836734694,1.3842735437168172,1.1675258423815835,3.9009856872326085,5.79995969820174,0.77359479617029,1.7884373999999998,1.6297691386839288,3.7303530489948913,1.970559581185188,0,4.36670157586544,1.933888,3.5763548960981684,18.39630170565134,3.974015571428571,3.7303530489948913,1.970559581185188,0
2024-06-24,2.577527003268348,0.8718367346938775,1.5287860967828222,2.4328048854090696,3.0273528692885905,3.076163265306122,2.7932142857142854,2.162020408163265,2.3344596734693877,2.504407893058393,1.9387549129703057,3.81640110491334,5.281433571093749,0.7038017983072914,2.462619864,2.238184847258622,3.906808609755416,1.970559581185188,0,5.109124080771872,1.933888,3.745525937117915,17.99170750752752,4.901451171428572,3.906808609755416,1.970559581185188,0
2024-06-25,1.9087252150861564,0.809142857142857,1.2003833195155877,2.0169122510158703,2.5722052189060305,2.6391836734693874,2.1972448979591834,1.775224489795918,1.8852435918367343,2.2857106953014057,1.1861247869418203,3.140716478657991,3.2944730802499973,0.43538578837499975,2.022846456,1.7937847362497268,3.067576227674508,1.970559581185188,0,3.87672434023436,1.933888,2.9409391328131904,14.675096570297695,4.109813999999999,3.067576227674508,1.970559581185188,0
2024-06-26,1.9220937298616538,0.8557714285714285,1.534908456604019,2.0496375429777007,2.625191030410423,2.630530612244898,2.3376979591836733,1.8284669387755104,1.9662392424489796,1.6745361827840175,1.0852227497430258,3.6305195938644417,4.341664391429997,0.5773704837799997,2.101891152,1.8986476727701054,3.922454283216084,1.970559581185188,0,4.685032137578094,1.933888,3.760525718679847,17.0946227244173,4.16703744,3.922454283216084,1.970559581185188,0
2024-06-27,1.758715031640968,0.8557714285714285,1.263053181146251,2.0210896805700993,2.5957193328990225,2.5959183673469384,2.3069387755102038,1.804408163265306,1.9403676734693875,1.5862105588009798,0.9049553126238896,3.6305195938644417,3.822066101628635,0.5082723939907373,2.0287290000000002,1.8325599738436045,3.227728884417066,1.970559581185188,0,3.663596612055076,1.933888,3.0944802938083154,17.092565373689638,4.112207999999999,3.227728884417066,1.970559581185188,0
2024-06-28,1.5368638141999937,0.803265306122449,1.3667994262979206,1.6221217819287954,2.1641975690985915,2.1567755102040818,1.780357142857143,1.4446326530612246,1.5316361632653062,1.6092925487855156,0.899904012270955,3.0838632616143005,3.5257263234375054,0.46556958515625063,1.386293424,1.2263630663445513,3.492852124771808,1.970559581185188,0,3.6290792610190463,1.933888,3.348658594429906,14.389502661658184,3.3512873142857145,3.492852124771808,1.970559581185188,0
2024-06-29,2.562313543471489,0.8632163265306122,1.3320185140172565,2.2848828743267315,2.871046710476911,2.907428571428571,2.6098285714285714,2.03136,2.188595931428571,2.4196477307885176,1.7081206230213812,3.7155065987400553,4.769460440079182,0.6348729493365302,2.4252246239999997,2.196985431477929,3.4039696003694755,1.970559581185188,0,4.278493353996301,1.933888,3.263445359342279,17.506286803564635,4.618149119999999,3.4039696003694755,1.970559581185188,0
2024-06-30,1.0219349033203566,0.6747428571428571,1.0251215333554384,1.2104870544569208,1.6858202925810055,1.7435918367346939,1.1695224489795917,1.0599722448979592,1.0789451559183674,1.1246467357419059,0.4194451345005328,2.0682988465251806,2.0101797365378395,0.26037538196963994,0.970772352,0.81128520756736,2.6196952215792164,1.970559581185188,0,2.4820756363554204,1.933888,2.5115477567208244,9.021549499541113,2.58010272,2.6196952215792164,1.970559581185188,0
2024-07-01,0.0029314350234964596,0.523265306122449,0.7145969784971815,0.5240016990846341,0.9111986524411213,0.9241469387755102,0.42807183673469396,0.4850899591836735,0.4586265756734694,0.46936194158723626,0.07092839024120581,1.210302054432414,0.6458041086000017,0.08105571810000016,-0.16321223999999998,-0.12456299487431732,1.8261505870396424,1.1900090666666634,0,1.3856160388315286,1.8639999999999992,1.7507625973180945,4.0687068737981384,1.2756826697142851,1.8261505870396424,1.1900090666666634,0
2024-07-02,1.669966013671713,0.6555102040816326,1.3971796981846116,1.8899660471049913,2.336255392356729,2.6932653061224485,1.6591530612244896,1.578355102040816,1.5796031510204078,1.4857153517365937,0.5735049136114541,1.7958082481514506,1.962162181860001,0.2522302703100002,2.2533640079999997,1.8417525086811437,3.570488824911484,1.1900090666666634,0,3.914382655935261,1.8639999999999992,3.423090260552298,7.494559664215193,3.9148349142857137,3.570488824911484,1.1900090666666634,0
2024-07-03,2.3255818518867164,0.7885714285714287,1.5165603822280231,2.3030787714006675,2.839121451090909,3.058857142857143,2.3547428571428575,1.980754285714286,2.071730468571429,2.1741716600921484,1.3307438507976468,2.671062003267557,3.6525950393599995,0.4791569473933333,2.484347496,2.155316296416263,3.875565830282464,1.1900090666666634,0,4.227956142796131,1.8639999999999992,3.715572936458657,12.268458250703606,4.671460079999999,3.875565830282464,1.1900090666666634,0
2024-07-04,1.4344727340216286,0.8836734693877552,1.340430826746061,1.443833205519351,1.9973064615907228,1.9015102040816325,1.6727908163265304,1.314912244897959,1.411257820408163,1.1353692749702278,0.863156737605245,3.547476547586609,5.050073926546877,0.6709238039036459,1.4580398159999999,1.3132623275505013,3.425467242103666,1.1900090666666634,0,2.817831057177812,1.8639999999999992,3.2840555255278496,16.69430188614913,3.0040327285714277,3.425467242103666,1.1900090666666634,0
2024-07-05,1.0460909207304605,0.8522448979591837,1.2651952723888655,1.1353706071162173,1.6694481791478264,1.5447877551020408,1.3028681632653059,1.045792163265306,1.1133804166530612,0.843151839377865,0.6256188877538418,3.2299337696636927,4.7604127616900005,0.6298952250733335,1.031102496,0.9176885395274003,3.2332029926177746,1.1900090666666634,0,2.6650649238945143,1.8639999999999992,3.09972841735272,15.127719418296016,2.4136131137142853,3.2332029926177746,1.1900090666666634,0
2024-07-06,2.021506108534231,0.7722448979591838,1.3710953683387175,2.315468770602231,2.842589783389151,3.0956326530612244,2.324644897959184,1.9812048979591836,2.0621539395918367,2.3407068979484906,1.3817523651478927,2.544061756305713,3.45647901338496,0.45238028958416,2.1281940959999996,1.8337271383403346,3.5038303926847054,1.1900090666666634,0,4.248638110943442,1.8639999999999992,3.3591836524298575,11.599636045776004,4.699657491428572,3.5038303926847054,1.1900090666666634,0
2024-07-07,1.9411255238762428,0.8106122448979592,1.5483401254984548,2.0812911471150617,2.62367935854389,2.7538367346938775,2.1900795918367346,1.8112971428571427,1.9065570318367346,1.8425599294318082,1.082767925244095,2.8526270843422346,3.59689857454392,0.47329617163732,2.083404672,1.823909410472512,3.9567788756431033,1.1900090666666634,0,4.599972012424133,1.8639999999999992,3.793433307471214,13.210551745141126,4.239220937142857,3.9567788756431033,1.1900090666666634,0
2024-07-08,1.3490089710307764,0.7138775510204082,1.2373726538815732,1.548974498659656,2.032543889975993,2.1762448979591835,1.4874428571428568,1.334079183673469,1.3630372016326529,1.6470170497303636,0.6549347247696365,2.137439375931038,2.1721562979144,0.28183650205239996,1.42662096,1.1982318727787689,3.162102368561229,1.1900090666666634,0,3.375057738853831,1.8639999999999992,3.0315630020098547,9.403186131263976,3.233597297142857,3.162102368561229,1.1900090666666634,0
2024-07-09,-0.014208813888556085,0.5889795918367348,0.44979869802856054,0.11814785174048958,0.5510315382212028,0.32989795918367343,0.17786479591836735,0.18318673469387753,0.17851015102040815,0.1708312507979344,0.0015329328371830057,1.4724750957469266,0.041880557466239955,0.00532208363103998,-0.11089986719999999,-0.08767754837752299,1.1494593192682558,1.1900090666666634,0,0.5308046677989764,1.8639999999999992,1.1020068101699734,5.622333048061842,0.467383307142857,1.1494593192682558,1.1900090666666634,0
2024-07-10,1.2342568642408223,0.7302040816326532,0.9950447030958879,1.4358824527317293,1.9269904915177867,2.014,1.41455,1.24982,1.2838543199999999,1.041056666974444,0.12752103671223905,2.244140924325602,0.6824048458962537,0.08876218202437544,1.787505528,1.5123595129691088,2.542833965672035,1.1900090666666634,0,2.3455276341664235,1.8639999999999992,2.437859522584925,9.980833297856636,3.0107183399999995,2.542833965672035,1.1900090666666634,0
2024-07-11,1.6608242849759007,0.8604081632653061,1.3821735682945038,1.9433092515567454,2.503706456784922,2.5310204081632652,2.1585306122448977,1.7230040816326528,1.8382887183673466,1.193814800284069,0.36522544858512235,3.3095715692077365,1.98067617792,0.2623603229866666,2.2507058879999997,2.0094525609317735,3.532140701797888,1.1900090666666634,0,3.39439236186754,1.8639999999999992,3.3863252423215338,15.513131092688228,3.965959028571428,3.532140701797888,1.1900090666666634,0
2024-07-12,1.523097002187373,0.8073469387755103,1.1066647495315491,1.5844725194593976,2.1137449339585968,2.135142857142857,1.6899857142857142,1.4011371428571426,1.4734612799999998,1.9244215620506533,0.6388385417663858,2.8249693311181283,2.0243358582074995,0.26625188845125003,1.658866392,1.4503232414589762,2.828078683264525,1.1900090666666634,0,2.99293909504455,1.8639999999999992,2.7113286363522953,13.06196186076738,3.2829537599999985,2.828078683264525,1.1900090666666634,0
2024-07-13,1.6982424144005235,0.7710204081632654,1.0957203300891132,1.885540308536359,2.404166342053113,2.5504897959183674,1.9116642857142858,1.6308697959183673,1.6968764718367344,2.223272181873641,0.9583766368318478,2.5347838152923985,2.520416772304201,0.3298115307507,1.90744692,1.6426710313302644,2.8001102498803765,1.1900090666666634,0,3.088954069512623,1.8639999999999992,2.6845148087183275,11.547015797403072,3.8703167742857127,2.8001102498803765,1.1900090666666634,0
2024-07-14,2.3076707057445325,0.8351020408163267,1.4460996625347695,2.335213043520516,2.895644871045685,3.0415510204081633,2.5049755102040816,2.034969795918367,2.1565721534693876,2.1307152644524274,1.2774083321073364,3.068876992011638,3.7730520637404013,0.4981205302234001,2.5879395119999997,2.28790786009736,3.6955036574732927,1.1900090666666634,0,4.558616250580743,1.8639999999999992,3.542944173210185,14.3147180295859,4.723340502857142,3.6955036574732927,1.1900090666666634,0
2024-07-15,1.8667104728403179,0.7595918367346939,1.2002285934164,2.3108260993068277,2.830405480180898,3.1064489795918364,2.287342857142857,1.969957551020408,2.0425406106122446,1.9322448757354236,0.8465632493897352,2.449804914403685,2.5275467473506263,0.3301987129959378,2.360559888,2.0229959848970953,3.067180825559239,1.1900090666666634,0,3.735443128662476,1.8639999999999992,2.94056005387018,11.095392408272833,4.694329131428572,3.067180825559239,1.1900090666666634,0
2024-07-16,1.7910839056215004,0.753061224489796,1.3578171640769818,2.378265544700991,2.8948990095067257,3.2016326530612242,2.333265306122449,2.0206530612244897,2.090859428571428,1.4872462136352111,0.669625591057432,2.4025308530778346,2.577529684468753,0.33640740886979215,2.47272276,2.113162310899175,3.46989797869886,1.1900090666666634,0,4.346749868867963,1.8639999999999992,3.3266520519886056,10.842810003045114,4.826597142857143,3.46989797869886,1.1900090666666634,0
2024-07-17,1.730162903494488,0.7714285714285715,1.3222975380218804,2.4558384000459985,2.985038175185841,3.2751836734693875,2.4563877551020403,2.094881632653061,2.179937534693877,1.248283569476438,0.6064964059568719,2.5378726966645564,2.8421770376249977,0.3719375604374997,2.531345016,2.180342034542517,3.3791276733046733,1.1900090666666634,0,3.162523554993598,1.8639999999999992,3.239628968153607,11.564576692376944,4.970764799999999,3.3791276733046733,1.1900090666666634,0
2024-07-18,2.1178943946352797,0.7742857142857144,1.4038578478411807,2.5713792593173115,3.1044364457697964,3.4179591836734695,2.5747551020408164,2.1907183673469386,2.2816309224489797,2.1275185706154303,1.2716625146422524,2.559600518421728,3.508204188106246,0.45928418655937453,2.47893048,2.137778518584397,3.587554817747515,1.1900090666666634,0,4.187701434224927,1.8639999999999992,3.4394517272108924,11.681977821074613,5.192859599999999,3.587554817747515,1.1900090666666634,0
2024-07-19,2.002382887676254,0.7326530612244898,1.322584795282406,2.5969677713347505,3.102922894154779,3.5131428571428565,2.4774285714285713,2.1841142857142852,2.2453755428571425,2.1144069843148237,1.2296398282276464,2.260599221112358,3.2493627480156233,0.42280894914843736,2.46005028,2.083641470325239,3.379861758433389,1.1900090666666634,0,3.9497212416977496,1.8639999999999992,3.2403327484418942,10.079748726664471,5.256539999999998,3.379861758433389,1.1900090666666634,0
2024-07-20,1.7607012072091732,0.7187755102040817,1.4259246932594816,2.556925343188035,3.0523976131186754,3.482857142857143,2.4002142857142856,2.142942857142857,2.1930408,1.4597800066143125,0.9688540544602637,2.16890585771438,3.6469858917625206,0.47355064374042,2.486323848,2.092900712784788,3.643946579715905,1.1900090666666634,0,4.071490988205903,1.8639999999999992,3.4935154984857304,9.581195937487028,5.1844806,3.643946579715905,1.1900090666666634,0
2024-07-21,2.152273972746363,0.7175510204081632,1.466685119870535,2.527201384255955,3.0215019326372006,3.446081632653061,2.3699938775510203,2.1183648979591836,2.167005364897959,2.2494171178246227,1.2457368982734642,2.160996073071209,3.0386255964290405,0.3944828969248401,2.5233792239999997,2.1229231623630302,3.748109736325242,1.1900090666666634,0,4.237898045995026,1.8639999999999992,3.5933785436828107,9.535622376591332,5.127402754285713,3.748109736325242,1.1900090666666634,0
2024-07-22,1.991559701589616,0.7677551020408163,1.4878058904388336,2.603006575611644,3.1325776959343385,3.467714285714286,2.586064285714286,2.21214,2.2993929257142858,1.8593951313388168,1.2464299212901322,2.5102077234419675,3.904488733681249,0.5106857066552082,2.448942072,2.1060769114850966,3.802083806651066,1.1900090666666634,0,4.608863777084572,1.8639999999999992,3.6451244315751423,11.421946944470614,5.25592098,3.802083806651066,1.1900090666666634,0
2024-07-23,2.0282657837031723,0.7653061224489797,1.4581694863036916,2.656164547230635,3.1850997822222222,3.5391020408163265,2.6292857142857144,2.253673469387755,2.3408155102040817,1.8222741681448422,1.4783338703754156,2.491932151494948,4.711716064453127,0.6160488623046878,2.557601856,2.197229341529189,3.726348058477388,1.1900090666666634,0,4.399971311420283,1.8639999999999992,3.5725152414440444,11.327913044528088,5.359325657142856,3.726348058477388,1.1900090666666634,0
2024-07-24,2.510390412638707,0.7473469387755102,1.584655403968188,2.6061305541730047,3.122407038529571,3.502326530612245,2.5292744897959185,2.201179183673469,2.273575577142857,2.5099926914839057,2.1187511996755437,2.361914985263791,4.799790219960629,0.625920164055938,2.6305742879999996,2.2424920881717503,4.049582468565477,1.1900090666666634,0,4.7814426600839015,1.8639999999999992,3.88240573972206,10.633032292038264,5.268831968571427,4.049582468565477,1.1900090666666634,0
2024-07-25,2.6407870167251337,0.7587755102040817,1.5361526799745264,2.6281038583585654,3.1523275365430177,3.5131428571428565,2.583485714285714,2.2265371428571425,2.3079916799999998,2.6861104176539112,2.1102670109954476,2.44384515785027,4.527909942299999,0.5914558737166664,2.7224118239999995,2.332284286644804,3.925633892571889,1.1900090666666634,0,4.6075170493382975,1.8639999999999992,3.76357406593759,11.071063865497402,5.307320159999999,3.925633892571889,1.1900090666666634,0
2024-07-26,2.1969218082764668,0.7681632653061226,1.4750508285902493,2.229701916274726,2.752933548452986,2.991795918367347,2.232557142857143,1.9091044897959184,1.9846512881632654,2.1914034901589314,1.701460644345402,2.5132666564485677,4.524549352119998,0.5918210320199998,2.1154746959999997,1.819612756907296,3.769488281644083,1.1900090666666634,0,3.997765878026056,1.8639999999999992,3.613874530046111,11.44050383303701,4.535260045714285,3.769488281644083,1.1900090666666634,0
2024-07-27,2.19089592035571,0.7938775510204082,1.490615017802873,2.1418258377285952,2.6772807712830184,2.849020408163265,2.210678571428571,1.8518632653061224,1.9399248734693872,2.1474374419224658,1.6955852130350946,2.713687120140389,4.740938493910501,0.6223913600017502,2.0600523839999996,1.7911509877383691,3.8092625238011135,1.1900090666666634,0,4.082271901113256,1.8639999999999992,3.652006793617039,12.495142821658227,4.359364071428571,3.8092625238011135,1.1900090666666634,0
2024-07-28,2.910577019729468,0.8538775510204083,1.683098336677365,2.671669293355034,3.250365085832962,3.433102040816326,2.9019428571428576,2.326736326530612,2.4781762873469386,2.8755229242284623,2.2671243294500556,3.245706529014077,5.0674593859276795,0.67066635148128,2.848046448,2.5363819721583694,4.301153108753228,1.1900090666666634,0,5.423206885415304,1.8639999999999992,4.123590924859545,15.207597415729428,5.367061697142857,4.301153108753228,1.1900090666666634,0
2024-07-29,3.1627518247010586,0.8493877551020408,1.4525608133547436,2.566726271863019,3.140287309840826,3.3097959183673473,2.7805408163265306,2.236297959183674,2.379028848979592,3.8554403426052124,2.708897531679688,3.202515653153078,4.493375857417497,0.5943388274862497,2.860981272,2.5434754678622973,3.712015110387159,1.1900090666666634,0,5.145628670320687,1.8639999999999992,3.558773992719122,14.98966961984062,5.166071228571428,3.712015110387159,1.1900090666666634,0
2024-07-30,0.3944659990422751,0.6726530612244899,0.6902103711512997,0.6691080151417815,1.1288440949590852,1.0487510204081631,0.6668473469387756,0.6229185306122448,0.627360485877551,0.94790967829955,0.30433729164933615,1.8900535015392934,1.6673273734300031,0.21493235328000035,-0.07830336,-0.06452600664636879,1.7638306799302634,1.1900090666666634,0,1.313794450904472,1.8639999999999992,1.6910154093206844,8.026168513141048,1.534375378285714,1.7638306799302634,1.1900090666666634,0
2024-07-31,2.444297216951366,0.7877551020408164,1.4947909995196313,2.7202409207871487,3.2644207508221577,3.5866938775510198,2.75769387755102,2.3211999999999993,2.4272307918367346,2.465347113715723,1.265244524080524,2.6645639841049045,3.0597549556875023,0.4013405530312503,2.9310846479999997,2.542023504145654,3.819934233440248,1.1900090666666634,0,4.927325972944152,1.8639999999999992,3.6622379488230967,12.232214308835731,5.475947657142855,3.819934233440248,1.1900090666666634,0
2024-08-01,2.801455032993056,0.9195306122448978,1.714008299527897,2.725565816113891,3.2768932843902863,3.575877551020408,2.798292857142857,2.33376612244898,2.448790633469388,2.8319017265725326,1.8610968064563091,2.76035211784266,3.9720625967749994,0.5218682702958333,2.84206272,2.4769086303584817,4.380143432674805,1.860896325945194,0,4.552477415008381,2.29143064516129,4.199320333843348,12.734931308725756,5.482854591428571,4.380143432674805,1.860896325945194,0
2024-08-02,2.8111322631711118,0.9481632653061223,1.8601790281474744,2.721362238115527,3.2864972196136355,3.5347755102040814,2.8678367346938773,2.347624489795918,2.480692114285714,2.8252332206603223,2.424405904727172,2.9732256667810075,5.3361523309999965,0.7034807291249996,2.8143684959999997,2.4776277686169292,4.753682322299016,1.860896325945194,0,5.120421422611505,2.29143064516129,4.557438618961313,13.835091600401656,5.468531142857143,4.753682322299016,1.860896325945194,0
2024-08-03,3.556366175233273,1.0185714285714285,1.839627420023775,3.004706544292863,3.6085396461307897,3.796530612244898,3.348826530612245,2.6289183673469387,2.822985551020408,3.489292470414227,3.3119961860728977,3.5691440224615665,6.319305863268002,0.8397624954780001,3.3332457599999996,3.004553893960185,4.701162745014168,1.860896325945194,0,5.599204995628202,2.29143064516129,4.507087179058249,16.804741302956273,6.002099999999999,4.701162745014168,1.860896325945194,0
2024-08-04,3.0433652434658973,1.0298367346938775,1.8363277172648262,2.789126209236486,3.3903791626681112,3.521795918367347,3.1463591836734697,2.454625306122449,2.6422400130612247,3.015913249340203,2.5014664074341337,3.6750044133082995,5.581382199068399,0.7426106859114,2.932781112,2.653190051277361,4.6927303638096145,1.860896325945194,0,5.434490928802806,2.29143064516129,4.499002907298825,17.31445170959734,5.586849462857143,4.6927303638096145,1.860896325945194,0
2024-08-05,3.2197654706191883,1.060816326530612,1.822481283089805,2.967469182798155,3.5860733072021276,3.70134693877551,3.422,2.6258612244897956,2.844980963265306,3.203957119876242,2.7238183590392215,3.9825917783638976,5.889984729999998,0.7862636737499997,3.1436750879999997,2.8719099774381758,4.657345839863966,1.860896325945194,0,5.206619733978292,2.29143064516129,4.465079143570023,18.78270465687551,5.926855114285713,4.657345839863966,1.860896325945194,0
2024-08-06,2.985523810043749,1.0547142857142855,1.9529980180909183,2.7652894889412423,3.3747211193306637,3.465551020408163,3.1827489795918362,2.450079183673469,2.6511936097959183,2.6989370508493193,2.3754784558261264,3.9200353993511365,6.063211717874373,0.8088677897498954,2.9275591199999997,2.6693966001543323,4.990880992422298,1.860896325945194,0,5.31672442993626,2.29143064516129,4.78484514432275,18.48767325812304,5.53910724,4.990880992422298,1.860896325945194,0
2024-08-07,3.827368350327049,1.1359183673469386,1.8199382494570342,3.0468855101200347,3.9802858504061365,3.7121632653061223,3.7121632653061223,2.7456,3.018703151020408,3.90330831358347,4.235016931658133,4.839395012777871,8.053363376999998,1.083279134708333,3.1562439359999996,2.948941705466717,4.6508471245026,1.860896325945194,0,5.674560053699433,2.29143064516129,4.458848711169734,22.717694920907995,6.078317142857142,4.6508471245026,1.860896325945194,0
2024-08-08,3.5666563634014175,1.1255918367346938,1.9748725989718487,2.846065749196222,3.717918250904931,3.4871836734693877,3.450995918367347,2.564724897959184,2.8143861942857145,3.354203637903196,3.59548008254831,4.711455533522645,7.882572024287497,1.0592283248812497,2.994949704,2.789881884085293,5.046781422901259,1.860896325945194,0,6.381001931291964,2.29143064516129,4.83843786748103,22.144620971522684,5.692607588571429,5.046781422901259,1.860896325945194,0
2024-08-09,0.3828303162733338,0.8664897959183673,1.2775037853329438,0.09323422175260243,0.5751089701985654,0.2732204081632653,0.19924469387755103,0.17248971428571427,0.1785055121632653,0.21810685619696044,0.06927757526321901,2.4054585713129515,1.8192293906525019,0.23745172510875032,-0.43866364799999996,-0.37494342988010293,3.26465736314378,1.860896325945194,0,2.6418409592035346,2.29143064516129,3.129884274065713,10.855667603140756,0.4119530708571427,3.26465736314378,1.860896325945194,0
2024-08-10,1.2930551612172452,0.5998775510204081,1.02129931817725,1.4237789844335786,1.7641529251619867,2.2173469387755103,1.022908163265306,1.1622244897959184,1.097933142857143,1.4112149031934849,0.37291696774245314,1.2044204989451297,1.1267684367043196,0.14137656121072,1.6696469760000001,1.2731115594329183,2.609927561343485,1.860896325945194,0,2.0392383560884393,2.29143064516129,2.5021833295342626,4.035028542375639,3.0587991428571426,2.609927561343485,1.860896325945194,0
2024-08-11,2.0934185014643516,0.6134897959183673,1.425406348316051,2.627034993396708,2.924115822640542,3.919836734693878,1.8619224489795918,2.076034285714286,1.9725890546938778,1.918259563924784,1.0747726328732023,1.247718086286875,2.428026467796901,0.30535483601615,2.9157985199999996,2.237917418788769,3.642621950657543,1.860896325945194,0,3.713403954006063,2.29143064516129,3.4922455533743255,4.299147360565934,5.433033497142856,3.642621950657543,1.860896325945194,0
2024-08-12,2.7010477661289896,0.6867142857142856,1.3506778615245603,2.7388558605875377,3.1176777836051297,3.9436326530612247,2.163417346938776,2.2047138775510207,2.1558931934693883,2.9600515973486994,2.4348305225788733,1.5087806935923282,3.8802764395518756,0.4938195221128125,2.9229124079999997,2.320608820586879,3.451653510922665,1.860896325945194,0,3.380302870662856,2.29143064516129,3.309160760735173,5.8482287060596745,5.60495934,3.451653510922665,1.860896325945194,0
2024-08-13,2.4524971544691008,0.6308571428571428,1.2546057694103325,2.7384156829597064,3.052938465485232,4.045306122448979,1.9921224489795917,2.1707265306122445,2.0774127673469382,3.467955992458852,2.5752359597893375,1.3052270520877376,3.284520906920001,0.41427293365333345,2.7661375919999998,2.14061273725294,3.206141547268014,1.860896325945194,0,3.6447013644896495,2.29143064516129,3.0737841350553152,4.645459862166736,5.640742799999998,3.206141547268014,1.860896325945194,0
2024-08-14,2.314844800467762,0.7261428571428571,1.7257104369769516,2.7200899582550218,3.1379673139087636,3.8506122448979596,2.2649591836734695,2.213738775510204,2.1951192489795917,2.181868354777007,1.4861590211358742,1.67129991096234,3.3584131737337484,0.42997068083062484,2.9208181439999996,2.3593760075782138,4.410048212313184,1.860896325945194,0,4.679859289618059,2.29143064516129,4.227990570593532,6.788184141993467,5.545803599999999,4.410048212313184,1.860896325945194,0
2024-08-15,3.2005514211233654,0.9519183673469387,1.9574122043073259,3.0332485451303373,3.6081604952448973,3.917673469387755,3.1932734693877554,2.60784,2.758136737959184,3.2880441430940444,2.5732179458545295,3.0023349179383887,4.884532003199999,0.6442253296999999,3.4034919359999996,3.0001642153976467,5.002161432996434,1.860896325945194,0,5.748380872186559,2.29143064516129,4.795659900552948,13.981561374948615,6.067977994285714,5.002161432996434,1.860896325945194,0
2024-08-16,3.3812784904738136,1.0561224489795917,1.9809079237258242,3.141342850590932,3.764286708,3.9155102040816328,3.601530612244898,2.770408163265306,2.9986897959183674,3.3460823930250667,2.7640691296728037,3.9343837066844345,5.698088867187501,0.7602713216145836,3.34803372,3.054135156148562,5.062204678490201,1.860896325945194,0,5.527726982101012,2.29143064516129,4.85322441312827,18.554156006965197,6.2609451428571425,5.062204678490201,1.860896325945194,0
2024-08-17,3.402046849353736,1.0556530612244897,2.0163924709169234,3.088619099256878,3.7095637795630836,3.852775510204081,3.5420091836734686,2.7252934693877546,2.949571528163265,3.364069305624451,2.9349706657671604,3.9295951116700043,6.015406341023099,0.80256985235385,3.084774984,2.813573612145356,5.152885339945191,1.860896325945194,0,5.7264162480156555,2.29143064516129,4.940161553746463,18.532759378237778,6.159761511428571,5.152885339945191,1.860896325945194,0
2024-08-18,3.3540569121418837,1.0565918367346938,2.0596641001472387,3.2355303073276342,3.8619137990498533,4.028,3.7069000000000005,2.85076,3.0859617600000004,3.2676548398308376,3.0374975212966806,3.939178137069064,6.4148642702756415,0.8559499491059404,3.340661568,3.0478565096908707,5.2634658678495825,1.860896325945194,0,5.980546609844291,2.29143064516129,5.046177045360735,18.579717911484245,6.441727319999999,5.2634658678495825,1.860896325945194,0
2024-08-19,3.5410630519473316,1.0997755102040814,2.070625485357583,3.243548856899833,3.91578929605263,3.9847346938775514,3.84000612244898,2.8893085714285713,3.1549084310204085,3.4354161305992625,3.402065138186444,4.406209644189814,7.112842196584375,0.9533286478682292,3.3395004,3.0872383563546086,5.2914776572063404,1.860896325945194,0,5.939322713064611,2.29143064516129,5.07303243912608,20.756754939176258,6.455331102857143,5.2914776572063404,1.860896325945194,0
2024-08-20,3.65786832688028,1.1115102040816325,2.0531217112257596,3.2809490407706354,3.9283435022295756,4.015020408163265,3.916538775510204,2.9302073469387757,3.2068407379591832,3.6828835383001453,3.4893688114187222,4.54242595465601,6.878592020919998,0.9230227843199997,3.20854668,2.976535467158689,5.246746811193722,1.860896325945194,0,6.334421540341314,2.29143064516129,5.030148192503111,21.37711601303077,6.5270641371428555,5.246746811193722,1.860896325945194,0
2024-08-21,3.2192823326357347,1.0678571428571426,1.915232122995462,3.102603665788984,3.728476706198675,3.854938775510204,3.591275510204081,2.745734693877551,2.979140326530612,3.3416225354905156,2.5702904582316375,4.056013696122083,5.36411778867187,0.7165929673828119,3.133060968,2.8684586269444803,4.894370352755611,1.860896325945194,0,5.6076209063499025,2.29143064516129,4.692318701338882,19.12600986647835,6.185856599999999,4.894370352755611,1.860896325945194,0
2024-08-22,4.0386013628659665,1.1373265306122449,2.0916954379864348,3.419267090835515,4.338201303090253,4.146979591836735,4.152847959183674,3.0695473469387755,3.375757190204082,4.128254412234008,4.3960849365763615,4.857108405611532,7.914182025127503,1.0647042596045835,3.4903433039999996,3.262420350813224,5.34532186242953,1.860896325945194,0,6.686733208280969,2.29143064516129,5.124653823066764,22.796001585559956,6.793097631428572,5.34532186242953,1.860896325945194,0
2024-08-23,4.1315580987030005,1.2011632653061224,2.117305011466182,3.0599575768084444,4.1863265455244685,3.660244897959184,3.900232653061225,2.8031951020408163,3.1181722971428574,4.350439193083179,4.984382639678222,5.732040949963162,9.01194453786875,1.2197675781864585,2.799629496,2.663802823732502,5.41076705608572,1.860896325945194,0,7.479279907437134,2.29143064516129,5.1873972780921465,26.59439214259486,6.108211851428572,5.41076705608572,1.860896325945194,0
2024-08-24,1.6880790327013526,0.8918367346938775,1.3922159150913824,1.9558196630116247,2.4780587963529412,2.634857142857143,1.9885714285714284,1.6902857142857142,1.7610788571428568,2.3299019064202926,0.8933543800697177,2.5689692947585083,2.2536852096000004,0.29509772760000014,1.9948290960000001,1.72118904907413,3.557803891050302,1.860896325945194,0,4.328399191552163,2.29143064516129,3.410928991973887,11.726729433178033,4.0048884,3.557803891050302,1.860896325945194,0
2024-08-25,0.15032064259991015,0.667469387755102,0.7422178287443366,0.2223390992816736,0.6492819762160165,0.47635102040816324,0.2521065306122449,0.2626222040816326,0.2549711079183673,0.325685461744579,0.03524667546145585,1.435294069032535,0.4994371936958405,0.06336865116264002,-0.018036611039999997,-0.014196283899890833,1.8967355928697165,1.860896325945194,0,1.0967525727786538,2.29143064516129,1.8184336804236252,5.405625574244558,0.6726115954285713,1.8967355928697165,1.860896325945194,0
2024-08-26,3.108252804072482,0.6590204081632651,1.1872792368062184,3.314990906773639,3.6460966259008267,4.7981224489795915,2.4986448979591835,2.6290089795918368,2.5441854171428573,3.865992109079465,2.9518005444272775,1.404172768143947,3.4895430835199996,0.4421572995449999,4.041266928,3.1685614471500583,3.0340887808304746,1.860896325945194,0,3.159699694959332,2.29143064516129,2.908834130175235,5.2327140416608,6.755483005714285,3.0340887808304746,1.860896325945194,0
2024-08-27,3.0969080678150185,0.6885918367346938,1.6433349232029628,3.365924438982582,3.733418702105157,4.8046122448979585,2.64480306122449,2.689676326530612,2.631923074285714,3.5532858469741555,3.00653770990635,1.5161485334582867,3.9999450895331257,0.5091972639846876,3.579425208,2.8442204182703694,4.199537816436028,1.860896325945194,0,5.088073489703266,2.29143064516129,4.02617056184726,5.891672034001953,6.832982648571428,4.199537816436028,1.860896325945194,0
2024-08-28,3.0133216297081518,0.8115714285714284,1.7253145116261834,3.2419657767618237,3.7320465813899046,4.400081632653061,2.9659040816326527,2.6807289795918363,2.731374749387755,3.5849234471678457,2.339521716521182,2.086006444206074,3.52967327576,0.4573963059599999,3.6533033999999995,3.057092838589208,4.409036426182701,1.860896325945194,0,5.357409321095673,2.29143064516129,4.2270205534841505,9.124938297132044,6.518034359999999,4.409036426182701,1.860896325945194,0
2024-08-29,3.256326788243466,0.9739795918367345,1.9071885105806057,3.2729307309446045,3.8650655574545456,4.183755102040816,3.5029081632653063,2.822061224489796,3.0002260408163264,3.0874207544627366,2.204451318774907,3.17919973205058,4.553745264843747,0.6021303410156247,3.7955676959999995,3.3711324207517204,4.873814923646184,1.860896325945194,0,5.497696531403174,2.29143064516129,4.672611850922484,14.873154420734636,6.52451477142857,4.873814923646184,1.860896325945194,0
2024-08-30,3.5423214058007404,1.0664489795918366,1.9143150682785475,3.6019176374866353,4.24492577511771,4.454163265306122,4.143212244897959,3.170019591836734,3.438506468571428,3.443518860875877,3.1155370871061248,4.041221816275399,6.301363785050002,0.8416759548000002,3.809227536,3.4860039418190545,4.892026821982275,1.860896325945194,0,5.656111129710166,2.29143064516129,4.690071917282442,19.0603367336983,7.144388794285713,4.892026821982275,1.860896325945194,0
2024-08-31,3.6715618599021536,1.0800612244897958,1.9918958762770993,3.6537992602592695,4.62018820273712,4.49742857142857,4.244978571428571,3.2254199999999997,3.508228491428571,3.513468395004391,3.798870001442205,4.186499279346479,7.626248610862502,1.0200822288937503,3.7651761839999995,3.460111992130812,5.0902843606126655,1.860896325945194,0,6.064182037432279,2.29143064516129,4.880144896878894,19.74468491409837,7.24324194,5.0902843606126655,1.860896325945194,0
2024-09-01,4.096565394190802,1.3114285714285714,2.5508772327620433,3.611470340286451,4.524322101972154,4.397918367346938,4.314938775510204,3.2196081632653057,3.5273628734693876,4.072729672955374,4.315084382430505,4.609297635398817,7.731657523999995,1.0380778758749996,3.803748912,3.5345571122230792,6.518759659285122,3.979098322518517,0,6.720297764705297,3.3497099999999995,6.249649220267007,21.683619453780516,7.161445799999998,6.518759659285122,3.979098322518517,0
2024-09-02,3.310416279594277,1.3241020408163264,2.3541646822877267,2.927264968462839,3.7287672561362317,3.5802040816326532,3.551494897959184,2.6365163265306126,2.894445036734694,3.2087891694816935,3.34070960589308,4.7402324240891325,7.672222456241876,1.0312014636444793,2.858135064,2.6642533214989843,6.016061284766098,3.979098322518517,0,6.415345772402972,3.3497099999999995,5.767703471604931,22.272896506155195,5.848500471428572,6.016061284766098,3.979098322518517,0
2024-09-03,3.68934776228858,1.3499999999999999,2.4129904775011446,3.363559739825265,4.026253485569621,4.066938775510204,4.124489795918367,3.0310204081632657,3.3411820408163266,3.7577909665739315,3.666760724880502,5.0194751966145885,7.3350530859375,0.9880106705729167,3.346862352,3.1396686153214826,6.166390440492414,3.979098322518517,0,6.165197486829617,3.3497099999999995,5.911826669877805,23.51263726373067,6.686783999999999,6.166390440492414,3.979098322518517,0
2024-09-04,3.836647775108245,1.4254897959183672,2.587047678603828,3.4465090776779332,4.590634709865067,4.090734693877551,4.412976530612245,3.154496734693878,3.5168061600000002,3.853948068595199,4.346751040694422,5.930874145583366,8.973968939145628,1.2160944785034382,3.2124108479999998,3.0673507185878752,6.611193132830408,3.979098322518517,0,6.697104926196638,3.3497099999999995,6.33826681257938,27.430200508065074,6.8524815342857135,6.611193132830408,3.979098322518517,0
2024-09-05,3.60753125609302,1.3362244897959181,2.164728786348766,3.0915012813578313,3.814466627194003,3.7619183673469387,3.7707908163265302,2.7859489795918364,3.0644019183673468,4.340967437721315,4.36521958034818,4.8689533392228155,7.4798586789062504,1.0063666183593751,2.75470992,2.575520064608227,5.531958380632872,3.979098322518517,0,6.183936353904785,3.3497099999999995,5.3035855265544765,22.84690181329022,6.164034557142856,5.531958380632872,3.979098322518517,0
2024-09-06,2.418455826722706,1.1769795918367345,1.8760928040568057,2.8042612786296437,3.395385704567657,3.5715510204081635,3.0930979591836736,2.4502187755102045,2.621879647346939,3.079129282881982,1.9877536710519312,3.4243740796893785,4.23274559505,0.5614940022999999,2.4786893519999995,2.2226534219626286,4.79434993228522,3.979098322518517,0,4.8453464546344875,3.3497099999999995,4.596427369939175,16.088795959713647,5.618994531428571,4.79434993228522,3.979098322518517,0
2024-09-07,3.2380506300753824,1.346142857142857,2.543188612931086,3.173329273781594,3.8274441731082933,3.8484489795918364,3.890201020408163,2.86310081632653,3.154180070204081,3.318584016178357,2.4689138537790076,4.976866101327397,5.576049557814359,0.7508389265490599,3.1312131359999995,2.9346234509761056,6.49911141273452,3.979098322518517,0,6.302303174036799,3.3497099999999995,6.2308121016811615,23.3173234681074,6.321463019999998,6.49911141273452,3.979098322518517,0
2024-09-08,3.5100215206329435,1.4910612244897956,2.5079923494605785,3.1043071435749767,3.8784893403435206,3.645102040816327,4.13684693877551,2.892697959183674,3.254495657142858,3.2787658326616427,3.3019441540385697,6.855809793912057,8.407310617331282,1.1449891227418805,3.0677862719999998,2.9719544369770676,6.4091674595240855,3.979098322518517,0,6.1902809624589175,3.3497099999999995,6.1445812561784185,31.20311901680255,6.203958171428571,6.4091674595240855,3.979098322518517,0
2024-09-09,3.881599877059051,1.4965714285714284,2.4468214612316355,3.311186022228812,4.523633165045577,3.874408163265306,4.415363265306122,3.0819820408163263,3.470019369795918,4.078740626085079,4.694072729240998,6.939814150021031,9.6461198848,1.3142374307999996,2.901818808,2.8144887460184203,6.252845425132135,3.979098322518517,0,6.5330974789888785,3.3497099999999995,5.9947125800175085,31.54279736208871,6.602987159999999,6.252845425132135,3.979098322518517,0
2024-09-10,3.6601893182293783,1.4387142857142856,2.4899521075049282,3.432577200419781,4.707982108815432,4.062612244897959,4.4286306122448975,3.1512073469387754,3.519782860408163,3.6382483897011673,4.259124042112504,6.106783173395927,9.405978407624374,1.2759428117915625,3.1823657279999997,3.047744611546528,6.363065671482761,3.979098322518517,0,6.59298886984809,3.3497099999999995,6.100382663387075,28.164149650067426,6.82739388,6.363065671482761,3.979098322518517,0
2024-09-11,4.180250933693773,1.458,2.552067180030136,3.78412571283758,5.2275690150004985,4.445510204081632,4.919418367346939,3.4775632653061224,3.894850726530612,4.215785989728079,5.05503567767905,6.372711827199273,9.771986272917497,1.3275486488195833,3.6109664639999997,3.473089454493105,6.52180056621247,3.979098322518517,0,7.422991801445548,3.3497099999999995,6.252564591073834,29.259600316198313,7.5060108,6.52180056621247,3.979098322518517,0
2024-09-12,4.642992024526118,1.4613061224489794,2.5375626550049017,4.034127961365512,5.870005518069544,4.726734693877551,5.244000000000001,3.70290612244898,4.149138416326531,5.008056726116601,6.490288970192867,6.419448634790816,10.587264481919995,1.438666779695,3.724380672,3.584784392299716,6.484734292933137,3.979098322518517,0,8.024577481536198,3.3497099999999995,6.217028504762011,29.453824829856327,7.987248771428572,6.484734292933137,3.979098322518517,0
2024-09-13,4.166634972018086,1.4326530612244897,2.5047161583185305,3.344615399478387,4.83198756499746,3.967428571428571,4.304285714285714,3.0691428571428565,3.4251634285714285,4.5169053257758405,5.641607603408532,6.025519722250736,9.990619818750003,1.3546169125,2.841023136,2.7171337535775484,6.400795162190996,3.979098322518517,0,7.844941056986611,3.3497099999999995,6.136554587880401,27.829314513405805,6.657577199999999,6.400795162190996,3.979098322518517,0
2024-09-14,4.005578228654236,1.5213673469387754,2.1656020243289116,2.793819175756361,4.169223799796025,3.2730204081632652,3.799482653061225,2.6313848979591836,2.972418803265306,4.250117435656073,5.30825084767608,7.330754911514198,10.656802858895041,1.45457272837584,2.05356192,2.0022210294943035,5.534189937857508,3.979098322518517,0,6.245745930684838,3.3497099999999995,5.305724959605834,33.08522478425078,5.611332265714285,5.534189937857508,3.979098322518517,0
2024-09-15,3.3362134251539954,1.2717551020408162,1.8680052110926741,2.934401933598931,3.559579741686974,3.6364489795918367,3.444334693877551,2.6127542857142854,2.8437085910204076,4.772931357036301,3.3917789615817266,4.222341703691761,5.02752816967296,0.6727066695921601,2.8934674559999998,2.6616909110194027,4.773682111004689,3.979098322518517,0,5.236244346737996,3.3497099999999995,4.576612767177052,19.900632553723984,5.862357822857142,4.773682111004689,3.979098322518517,0
2024-09-16,1.9246716260415406,0.990734693877551,0.8124345283577872,0.49784239626224547,0.9795897018375984,0.7984612244897958,0.5641957142857142,0.49685379591836737,0.5109922844081632,0.7552210107134246,0.1488455837320055,2.268873578121303,1.1028263988000038,0.14352679980000058,2.8934674559999998,2.4520696957727406,2.0761741730450094,3.979098322518517,0,1.0259607703936908,3.3497099999999995,1.9904645944765789,10.116715372944048,1.1952386022857142,2.0761741730450094,3.979098322518517,0
2024-09-17,3.625322824403885,1.065673469387755,1.652794876278629,3.757555816501594,4.3243037225463015,4.89330612244898,3.771538775510204,3.17049306122449,3.3169081665306126,6.629275062918729,3.8033138758031297,2.6775758690202283,3.426947503469997,0.44960748724499966,4.23864264,3.678517337287783,4.2237127001569545,3.979098322518517,0,4.587432224164885,3.3497099999999995,4.049347446882641,12.301668182821684,7.475224937142857,4.2237127001569545,3.979098322518517,0
2024-09-18,2.4495313275724135,1.1213265306122449,1.7804095174522894,2.775357737994579,3.3451465616775105,3.5931836734693876,2.940647959183673,2.396585714285714,2.5366927591836737,3.206363338431486,1.9114738416642407,3.0280392009144528,3.7328726686249967,0.49252062393749957,2.6072676959999996,2.300905431476299,4.549831560027074,3.979098322518517,0,4.6460271882910735,3.3497099999999995,4.362003317758109,14.107694853179789,5.571065185714286,4.549831560027074,3.979098322518517,0
2024-09-19,3.2744199078038863,1.2701020408163264,2.2767524673005357,3.4016839985118748,4.0433663279395535,4.194571428571429,3.967035714285714,3.011385714285714,3.276656742857143,3.776522872780465,2.227896161202015,4.206943242090815,4.168211023390626,0.5576452085859377,3.568485504,3.2812329107390403,5.818234585106389,3.979098322518517,0,6.202375353539548,3.3497099999999995,5.578043544886313,19.825686140757607,6.759270900000001,5.818234585106389,3.979098322518517,0
2024-09-20,4.337233505677919,1.4513877551020407,2.5154658435559782,3.738578071135007,4.44084285954717,4.400081632653061,4.84424081632653,3.4320636734693877,3.84034475755102,5.053134062694546,4.113726035671403,6.280256536939523,6.602437345884998,0.8965063468141664,3.906608568,3.7519478083388993,6.428265952857003,3.979098322518517,0,7.974212412825252,3.3497099999999995,6.162891316712147,28.867324619731168,7.417381988571428,6.428265952857003,3.979098322518517,0
2024-09-21,2.5295146526214882,1.2480612244897957,1.8312151947148083,2.4478430750610856,3.0490358658007968,3.076163265306122,2.851255102040816,2.1852367346938775,2.368726971428571,2.4858273193807863,1.2698192702088693,4.006916874284152,3.546867660686999,0.4735937858144998,2.8425445679999997,2.5987033907571306,4.679665326681129,3.979098322518517,0,4.051266757481981,3.3497099999999995,4.486477227051281,18.8879246439303,4.929241114285714,4.679665326681129,3.979098322518517,0
2024-09-22,4.162339033082309,1.4238367346938774,2.3974173949439987,4.02585379267262,4.734252772979431,4.757020408163265,5.125016326530612,3.6655983673469383,4.085637884081632,4.59072457160894,3.536154586188195,5.909244835546483,6.121289002369921,0.8294109562483203,4.26809616,4.07383556588333,6.126593471418242,3.979098322518517,0,6.53798671165007,3.3497099999999995,5.873672617612797,27.327503679063717,7.965368588571427,6.126593471418242,3.979098322518517,0
2024-09-23,4.623764028407708,1.5048367346938774,2.48738868393308,4.255697140363024,5.07702139748552,4.932244897959183,5.655795918367347,3.9374204081632653,4.438048848979592,5.275244589181922,5.258062162211326,7.067754569761783,8.404314289137503,1.14574373360625,4.12766664,4.010491225674357,6.356514849688906,3.979098322518517,0,7.215575744396391,3.3497099999999995,6.094102275636047,32.04379170235882,8.422521942857141,6.356514849688906,3.979098322518517,0
2024-09-24,4.541503364317994,1.5566326530612242,2.661046106166538,4.110895945506338,5.474158858485633,4.718081632653061,5.619413265306122,3.850132653061224,4.368854571428571,4.580540310972173,5.254628192646509,7.924991624599264,10.036951969921876,1.3734283465494792,4.12973928,4.05583109376229,6.800295908240739,3.979098322518517,0,8.0963330991795,3.3497099999999995,6.519562960108019,35.367634303460115,8.156971157142857,6.800295908240739,3.979098322518517,0
2024-09-25,4.9096936418256805,1.5852857142857142,2.7283747343201985,4.318643374085777,5.5814414340845415,4.921428571428571,5.982321428571428,4.064357142857142,4.628419714285713,5.2033161445668386,5.7639953228837415,8.443101841887133,9.889538285094996,1.3559703833491665,4.35456768,4.301247603257935,6.9723540298493045,3.979098322518517,0,7.577985172137432,3.3497099999999995,6.684518099084488,37.31121422701734,8.5663305,6.9723540298493045,3.979098322518517,0
2024-09-26,5.495930885537064,1.6481020408163263,2.7436778047856905,4.303535222824135,6.100510215998789,4.845714285714286,6.150857142857142,4.106057142857143,4.711054628571428,6.247723514010691,7.789047677213416,9.700576382008848,11.624805812826873,1.6006880726586454,4.10314584,4.102220229845179,7.01146098377575,3.979098322518517,0,9.514611682102789,3.3497099999999995,6.722010621724943,41.87012508657904,8.559302399999998,7.01146098377575,3.979098322518517,0
2024-09-27,3.327404863263845,1.3819591836734693,1.9404631028661703,2.174732399890375,2.796219048377245,2.6586530612244896,2.7690122448979584,2.0105436734693876,2.2271526661224486,3.6210833844581747,2.701802335805255,5.386851164848037,5.746453988959997,0.7760467021183328,1.8246176159999996,1.724775502850289,4.958848051499002,3.979098322518517,0,4.511883650892764,3.3497099999999995,4.754134602022117,25.10703705306433,4.406133548571427,4.958848051499002,3.979098322518517,0
2024-09-28,4.0602074268082875,1.1913061224489796,1.9782681970544078,4.311501372652396,4.955029101286728,5.390857142857143,4.7348,3.7247771428571435,3.9964682057142857,6.457695930153868,4.950532850907232,3.534539252305532,5.085527508033842,0.67552958028564,4.16979264,3.7540310088188957,5.055458864338049,3.979098322518517,0,6.406959708530813,3.3497099999999995,4.8467570827832995,16.631410332870043,8.512899840000001,5.055458864338049,3.979098322518517,0
2024-09-29,3.7813723468939795,1.3169387755102038,2.3764142654346236,4.2194620947627435,4.906449528951156,5.107469387755102,5.03519387755102,3.7486897959183665,4.110684097959183,4.798707901923553,3.485688280876278,4.6657754391325374,5.32335713499,0.7150652531649999,3.9639570479999997,3.6884966985649568,6.072920032490644,3.979098322518517,0,7.253868235502883,3.3497099999999995,5.822214950314829,21.928597537350715,8.32839377142857,6.072920032490644,3.979098322518517,0
2024-09-30,4.0840024282283816,1.4188775510204081,2.4577914924302724,4.271640229097978,4.989311087656442,5.04473469387755,5.413571428571428,3.8787346938775507,4.320101387755101,4.723484376577442,4.434758479863791,5.844829035512078,7.433615039690723,1.0068364275773198,4.16026584,3.9664304043735967,6.280879309287878,3.979098322518517,0,6.9163283438590435,3.3497099999999995,6.021589156454168,27.0629791660273,8.436876171428569,6.280879309287878,3.979098322518517,0
2024-10-01,4.572285548826592,1.7685551020408166,2.963974873404942,4.3044581016266985,5.503337715216943,4.930081632653061,5.888191836734694,4.029644081632653,4.5747734399999995,5.128600342622516,5.606327715645863,7.992840892875275,9.590474075260001,1.312690659626667,4.01421408,3.945452675811975,7.574429528686475,3.6834307614637543,0,7.729609778389458,3.675602903225806,7.261738439842109,35.622710136103755,8.531286737142855,7.574429528686475,3.6834307614637543,0
2024-10-02,5.463187202507612,1.8616040816326531,2.8794247397212964,4.135221592277253,5.608371854750006,4.666163265306122,5.900935714285714,3.9451089795918364,4.523498404897959,7.225443945295527,8.449714626339834,9.583153832176716,10.863256551210004,1.4952791068683338,3.5889540479999993,3.5844331135732808,7.358361897690635,3.6834307614637543,0,8.91077766250311,3.675602903225806,7.054590612317176,41.45099696422297,8.23161119142857,7.358361897690635,3.6834307614637543,0
2024-10-03,3.793663194276045,1.4706734693877552,2.132333623202914,3.4668619281103594,4.119252347883268,4.242163265306122,4.11209693877551,3.085573469387754,3.3729039918367345,6.312456750909831,4.423899642157544,4.471076005810991,5.05972676271875,0.6785372031614584,3.308793096,3.0639891537927504,5.44917263149571,3.6834307614637543,0,5.5612479816028255,3.675602903225806,5.2242173768471405,21.0449286256268,6.883866385714286,5.44917263149571,3.6834307614637543,0
2024-10-04,2.891485367800813,1.2521020408163268,1.7649783062527364,3.2694850971712452,3.84481226135806,4.2270204081632645,3.3995612244897955,2.795416326530612,2.9488491918367346,6.146426116854972,2.946946318225125,2.91940436667257,2.9607777752968736,0.3900048536953123,3.3646686959999994,2.954826763415632,4.51039714281185,3.6834307614637543,0,3.997123449606015,3.675602903225806,4.324196850319204,13.551005221394703,6.525159685714285,4.51039714281185,3.6834307614637543,0
2024-10-05,3.962783373896226,1.3807469387755102,2.2951003089620476,4.546826582873803,5.209605857744544,5.63530612244898,5.079750000000001,3.945777551020408,4.254588073469388,6.028204917063024,4.119578726701818,3.751883122718042,4.633494514464901,0.6170234605941498,4.19086584,3.8010032469896435,5.865122443338794,3.6834307614637543,0,6.455974038380321,3.675602903225806,5.6229957569570175,17.680435585263265,8.961281871428568,5.865122443338794,3.6834307614637543,0
2024-10-06,4.07827571728696,1.4169673469387758,2.6972497681155336,4.532630842202874,5.207879266025472,5.570408163265306,5.173647959183674,3.9612959183673464,4.295566653061225,5.408528736078957,3.934971810028763,4.0264838809480885,5.06053928620542,0.67583894633757,3.9930299039999997,3.6526198218251342,6.8928142654554305,3.6834307614637543,0,6.851229145535035,3.675602903225806,6.608261931883057,18.986078877488698,8.93104907142857,6.8928142654554305,3.6834307614637543,0
2024-10-07,3.753455859941736,1.478791836734694,2.7289443041724457,4.138515932516679,4.818555086891416,5.027428571428571,4.904114285714285,3.6690742857142853,4.015462217142856,4.693465381160046,4.119213103406497,4.54242595465601,6.371787795454023,0.8550158657715469,3.4706430239999997,3.2196795263028197,6.973809564019387,3.6834307614637543,0,7.186372521437985,3.675602903225806,6.685913545222492,21.375038467680355,8.172897119999998,6.973809564019387,3.6834307614637543,0
2024-10-08,4.09535991563013,1.6274204081632655,2.976246549701099,4.058028453329029,4.770669761880175,4.780816326530613,5.20026530612245,3.7037795918367356,4.135366432653061,4.894369373948827,4.146206465514163,6.069710258953798,6.792762772664997,0.9212583637774997,3.494335584,3.3444466875392624,7.605789763261376,3.6834307614637543,0,7.594776313950867,3.675602903225806,7.291804046767693,27.99920795288154,8.028967885714286,7.605789763261376,3.6834307614637543,0
2024-10-09,2.4745425154203313,1.3932367346938777,2.188461999917893,2.465618738927899,3.0622195590731707,3.1129387755102043,2.8354173469387756,2.191391428571429,2.3675696669387754,3.815713733654198,2.2158906065649044,3.8443901947967403,3.9724354192556284,0.5295241231051047,2.004060096,1.8230348894459572,5.592608541766698,3.6834307614637543,0,5.11738738588008,3.675602903225806,5.361731899798839,18.119945287978663,4.964266311428571,5.592608541766698,3.6834307614637543,0
2024-10-10,1.5497240206520027,1.4132204081632653,1.999015211887575,1.963283029696171,2.5471938376710073,2.496408163265306,2.3115326530612244,1.772449795918367,1.9209097763265304,1.9543805670272139,0.7170352278355661,3.997169057647774,2.5452180155325004,0.33981554383875007,1.66273872,1.5196620726801875,5.108477802924362,3.6834307614637543,0,3.821011921776981,3.675602903225806,4.897587269124558,18.83798769058429,3.9991144628571424,5.108477802924362,3.6834307614637543,0
2024-10-11,2.192288571325193,1.5206326530612246,2.05750904717124,2.0306663757234564,2.6382972613951723,2.515877551020408,2.5336785714285717,1.8679204081632652,2.0564023591836733,2.5689496154403275,0.950239407029642,4.928612708791276,2.763032490421872,0.3719184093411455,2.19061524,2.0508787360176224,5.257958635975333,3.6834307614637543,0,4.932006946977581,3.675602903225806,5.040897165569538,23.09215746710231,4.128035271428571,5.257958635975333,3.6834307614637543,0
2024-10-12,4.365518127494813,1.5125142857142857,2.0520509877551016,4.035354044045958,4.720511704211117,4.8695102040816325,4.874104081632653,3.603437551020408,3.9625611722448975,6.082264219157823,3.3817065630808196,4.85119674909055,4.1304111714079195,0.5556435713413198,4.63427616,4.331067921771371,5.244010580348454,3.6834307614637543,0,4.739195590109859,3.675602903225806,5.0275249199999985,22.75401140689133,7.975563119999999,5.244010580348454,3.6834307614637543,0
2024-10-13,4.596743539758803,1.4613061224489796,2.376662874604541,4.625681456689681,5.31887045625,5.624489795918367,5.412244897959184,4.0751020408163265,4.448483265306122,7.411623398282079,5.076659282959259,4.390140634438079,4.91341652736,0.6584473705599999,4.78766376,4.424145739008986,6.0735553525315185,3.6834307614637543,0,6.848590950721064,3.675602903225806,5.822824042781126,20.674122116657443,9.10794857142857,6.0735553525315185,3.6834307614637543,0
2024-10-14,4.415041139300378,1.478791836734694,2.3494008788191265,4.559969746836316,5.256052233199586,5.524979591836735,5.389461224489796,4.032192653061225,4.412861662040816,6.615349507649907,4.301260956677412,4.54242595465601,4.720452806349997,0.6334269395999996,4.76032368,4.416102890756562,6.003887398278331,3.6834307614637543,0,6.592022226142556,3.675602903225806,5.75603215310686,21.368269141072165,8.981746662857141,6.003887398278331,3.6834307614637543,0
2024-10-15,4.403609385744284,1.5593510204081633,2.631542976619848,4.731384893300513,5.45667714263998,5.628816326530612,5.833259183673468,4.244977142857143,4.698014017959183,5.087311721961242,3.874873096573499,5.315167906407138,5.83937706095062,0.7882107348459368,4.81234776,4.542511024710832,6.724900742906427,3.6834307614637543,0,6.988418040499165,3.675602903225806,6.447280292718628,24.797763362560737,9.314542954285717,6.724900742906427,3.6834307614637543,0
2024-10-16,3.9047228052684466,1.578710204081633,2.529397599405323,3.9609271896874665,4.658994821529296,4.715918367346939,4.956163265306123,3.5840979591836737,3.976789812244898,4.9914825219783445,3.3583844477548643,5.519670288654543,5.225016636630003,0.7062504304800004,4.068420143999999,3.8557484769841293,6.4638685161036,3.6834307614637543,0,6.4427608037807085,3.675602903225806,6.197024118543041,25.675207344999897,7.836900685714285,6.4638685161036,3.6834307614637543,0
2024-10-17,4.742183745126501,1.6667632653061226,2.509329978520755,4.618010200943173,5.363161830087312,5.380040816326531,6.011941836734695,4.231960408163266,4.748082950204083,6.3862066450752755,5.333364913741933,6.55373933778363,6.86942552860313,0.9341225427880214,4.45883616,4.300532832626476,6.412585766859527,3.6834307614637543,0,6.908932210544838,3.675602903225806,6.1478584473758495,29.983050826684092,9.111863494285712,6.412585766859527,3.6834307614637543,0
2024-10-18,3.501440541069457,1.5131387755102044,2.377488754376852,3.605738648568633,4.274117279605404,4.365469387755103,4.371646938775511,3.2312710204081636,3.5536139853061224,4.773732672277385,3.246292930052668,4.857108405611532,5.054009159103751,0.679921824225625,3.4702419599999996,3.2436316449374605,6.075665885988014,3.6834307614637543,0,5.949985199418908,3.675602903225806,5.824847448223287,22.78415158228171,7.151002097142857,6.075665885988014,3.6834307614637543,0
2024-10-19,2.0383459232082806,1.322044897959184,1.6125850694537482,1.8844014418880581,2.4444903187752285,2.455306122448979,2.1043826530612244,1.6756306122448978,1.7894511918367346,3.1073220710387464,1.4705235539522528,3.3460463230638973,3.0764241301462203,0.4076964629143701,1.906613376,1.7046374580929962,4.120956650876659,3.6834307614637543,0,3.0348902888839415,3.675602903225806,3.950833420161683,15.698059740216776,3.852309985714285,4.120956650876659,3.6834307614637543,0
2024-10-20,1.2505890252905183,1.2720857142857145,1.5612978782730924,1.1012912815624376,1.627640420512977,1.515151020408163,1.2414232653061223,1.0111488979591836,1.0705005080816326,1.8568417195961913,0.5822863718175616,3.0354236198551052,1.9653951404326209,0.2593454110287701,1.080679392,0.9540047480751362,3.989892376746736,3.6834307614637543,0,2.614258295570894,3.675602903225806,3.825179801769076,14.138338911049726,2.3498560079999997,3.989892376746736,3.6834307614637543,0
2024-10-21,2.8054852673511608,1.5493591836734695,2.1333045303326905,2.698778667735949,3.3386763840165776,3.2773469387755103,3.3716479591836737,2.4617204081632655,2.720789118367347,2.9578359262678475,1.8164486780062274,5.2126007296955,4.6767840614512535,0.6308307746168755,2.9781751919999997,2.805298838993388,5.451653781960033,3.6834307614637543,0,4.671553736233612,3.675602903225806,5.226596099315093,24.34753749509633,5.411497757142857,5.451653781960033,3.6834307614637543,0
2024-10-22,2.982487212789253,1.6836244897959185,2.2307787754789987,2.930385844611379,3.6038095642631083,3.452571428571429,3.902057142857143,2.7333942857142857,3.0729813942857143,3.223875537290051,2.022258460346353,6.772822285184403,5.215807113029998,0.7100487440466664,3.0399047759999998,2.941456408185595,5.700748943780506,3.6834307614637543,0,5.156906058542592,3.675602903225806,5.465407999923547,30.85761665338135,5.86847376,5.700748943780506,3.6834307614637543,0
2024-10-23,1.0623913753269514,1.4725469387755104,1.9037825824959262,1.353040015173257,1.9260042480093316,1.7414285714285715,1.6905,1.2676285714285713,1.3860483428571428,1.4944397002365746,0.22581578783518375,4.487441259209601,1.0923335907400047,0.14650871845666727,1.1185336319999999,1.0362111430881797,4.865111083917764,3.6834307614637543,0,3.867848633468991,3.675602903225806,4.664267327115019,21.10331295425351,2.8270403999999996,4.865111083917764,3.6834307614637543,0
2024-10-24,3.8436578384044533,1.5556040816326533,2.3043384196603602,3.75322249719197,4.437497210859935,4.49742857142857,4.64805,3.3866485714285703,3.7462018628571423,5.181535871532837,1.790022778706427,5.276470816689464,2.6418697780562552,0.3565095161343758,4.625345039999999,4.36257231578156,5.888730409482646,3.6834307614637543,0,6.236118120450139,3.675602903225806,5.645629128167883,24.616629453514108,7.436232539999998,5.888730409482646,3.6834307614637543,0
2024-10-25,2.2860335975344053,1.5131387755102044,1.9515097153300678,2.2302801286560303,2.8444218308340554,2.7538367346938775,2.757733673469388,2.038358775510204,2.241700001632653,2.7698207127921517,0.8147370617285962,4.857108405611532,2.1861110907112464,0.2941001082435412,2.549924928,2.383412247333807,4.987077638864695,3.6834307614637543,0,4.039108400718712,3.675602903225806,4.7811988025586665,22.77226957266059,4.511013711428571,4.987077638864695,3.6834307614637543,0
2024-10-26,3.5077854200690326,1.653648979591837,2.1801166312215576,3.047766444712725,3.721435250927676,3.606163265306123,3.9939959183673475,2.82233306122449,3.1614811493877553,4.291742182667062,2.3837030557400767,6.388252832713957,4.53008599902144,0.6154749172902401,3.441090768,3.310504859920551,5.571281975320916,3.6834307614637543,0,4.651863714318135,3.675602903225806,5.341285746492817,29.300352139204872,6.090446417142857,5.571281975320916,3.6834307614637543,0
2024-10-27,2.4511510350640484,1.3339102040816329,1.4428088993309562,2.377400607430525,2.9554931895709573,3.050204081632653,2.641591836734694,2.092555102040816,2.239158269387755,3.3452553703440886,1.422554156186586,3.4243740796893785,2.7882201305602563,0.369870771877376,2.799092568,2.5099606248098176,3.6870941212769743,3.6834307614637543,0,2.7292030026409506,3.675602903225806,3.534881803360843,16.08312657162531,4.798777885714285,3.6870941212769743,3.6834307614637543,0
2024-10-28,2.5883626946390765,1.3832448979591838,1.8769895510264134,2.4684515581157074,3.0626149932382236,3.1237551020408163,2.82169387755102,2.1895755102040813,2.361877126530612,2.8791562864105527,1.1807495576805838,3.77020472118585,2.7855173590619997,0.3710106553769999,3.1335840239999997,2.8437717779685414,4.796641566666907,3.6834307614637543,0,4.024794642202855,3.675602903225806,4.598624400014712,17.76088434416547,4.970227371428571,4.796641566666907,3.6834307614637543,0
2024-10-29,4.291782670189628,1.4644285714285716,2.2025772891007036,4.515766030281582,5.205817033960988,5.4903673469387755,5.296132653061224,3.9831061224489797,4.350049126530612,5.825683582389387,2.7129642324762164,4.4169549799646,3.3477334041093796,0.44873672516406327,5.226455519999999,4.83301003271267,5.628680123935479,3.6834307614637543,0,5.848778568160581,3.675602903225806,5.396314358296724,20.79060434364295,8.896958999999999,5.628680123935479,3.6834307614637543,0
2024-10-30,4.806539660896834,1.4831632653061226,2.3013342175499396,4.78460817795931,5.490587253806452,5.784571428571428,5.661785714285714,4.229285714285713,4.631477142857142,7.209319701139339,4.499012675814889,4.581315620641866,4.544269716796874,0.6099857991536458,5.414755679999999,5.028081720411455,5.881053179361874,3.6834307614637543,0,6.121695377281674,3.675602903225806,5.638268832997352,21.54390461914704,9.4129002,5.881053179361874,3.6834307614637543,0
2024-10-31,4.9741173022666825,1.4663020408163268,2.2113446555635767,4.7315092915447945,5.430233323108108,5.743469387755102,5.548408163265306,4.169975510204082,4.555381812244899,7.152329708866935,5.01220548025055,4.433122136909245,5.0442361804799996,0.6762355700799999,5.40593472,5.001078667411762,5.651085104497582,3.6834307614637543,0,6.0089946853549625,3.675602903225806,5.4177944061307635,20.871506099339996,9.310993971428571,5.651085104497582,3.6834307614637543,0
2024-11-01,3.0798475024322367,1.561151020408163,2.3798309069225714,3.30144299967738,3.9485317415959598,4.043142857142857,3.9306214285714285,2.945391428571428,3.2214206057142856,3.7928596221409863,2.20959717424467,4.503866413517626,4.216814784031874,0.5656583555678125,3.2827312799999997,3.0423970284252233,6.081651250291257,3.518302233074072,0,5.560700455097883,3.823577999999999,5.8305857219603,21.190903761872057,6.56638974,6.081651250291257,3.518302233074072,0
2024-11-02,1.7813699976051527,1.5181714285714283,1.890394372624517,2.0258435761507014,2.6163714007123287,2.559142857142857,2.409457142857143,1.8329257142857143,1.9927012114285716,2.0403365547879297,0.4642557059344721,4.161083978821087,1.6014162089904,0.2141525085984,2.088906144,1.9182834945553568,4.830897550902973,3.518302233074072,0,3.6281103925041114,3.823577999999999,4.631466212930067,19.602028032157367,4.11868548,4.830897550902973,3.518302233074072,0
2024-11-03,1.2884986254949231,1.4302285714285712,1.5098999551265062,1.7652761839217153,2.328636717674038,2.293061224489796,2.015081632653061,1.584808163265306,1.7005809306122446,2.3745946116999415,0.10569701839492501,3.5388464332137195,0.29541291201917996,0.03924282052653007,1.935093816,1.7424153487049636,3.858545127386477,3.518302233074072,0,2.670530228139599,3.823577999999999,3.69925489005994,16.63350891092473,3.621574799999999,3.858545127386477,3.518302233074072,0
2024-11-04,0.6719778841735492,1.4388244897959181,1.3194884326365013,0.9711690436099637,1.510925287827639,1.3245673469387755,1.172117142857143,0.9186999183673471,0.9871215693061225,1.0172321884353321,0.06826161114179757,3.5953197545466646,0.44795869580000663,0.05954683680000097,0.85331772,0.7698729992476842,3.371949012321031,3.518302233074072,0,1.7571841487367503,3.823577999999999,3.232746659959428,16.908665835344486,2.095860913714285,3.371949012321031,3.518302233074072,0
2024-11-05,3.5119737739986805,1.577020408163265,2.0998613410023057,3.2650645061706385,3.9144355825714285,3.9868979591836733,3.9210765306122446,2.9224714285714284,3.2032543591836733,3.4192931708549006,1.0869209259420765,4.637450560264282,2.324648238489796,0.31218789144897957,4.43362992,4.122698735885785,5.366189804829038,3.518302233074072,0,4.437529725310543,3.823577999999999,5.1446602854556485,21.788555694365773,6.496653985714285,5.366189804829038,3.518302233074072,0
2024-11-06,2.726673341010769,1.6226448979591834,1.9435101289015615,2.6219851993058425,3.255471411317147,3.199469387755102,3.2507816326530605,2.3869248979591835,2.6320791085714283,3.1552968812237414,0.8811268078181526,5.043986836786597,2.1027224824125037,0.28328209706875057,3.138836616,2.946091217682984,4.966634718040689,3.518302233074072,0,3.616590204897919,3.823577999999999,4.761599815808825,23.59875545479206,5.263397588571427,4.966634718040689,3.518302233074072,0
2024-11-07,0.8428666151494557,1.45469387755102,1.3136216328361197,1.4861117926745586,2.0454981883243244,1.9426122448979593,1.7410204081632654,1.3561632653061224,1.4606977959183676,1.8483212440220247,0.10650293265386418,3.7019565145205,0.3887839999999948,0.051743999999999395,1.1092875359999999,1.004440266212675,3.3569564217813372,3.518302233074072,0,2.07723908514878,3.823577999999999,3.2183730004484934,17.4236989116889,3.0843221142857136,3.3569564217813372,3.518302233074072,0
2024-11-08,0.26170548458709614,1.4170040816326528,1.4504034187514856,0.9114234522082928,1.4455616044967883,1.2583714285714285,1.0939521428571428,0.8649522857142857,0.9262250022857142,1.1098442257261776,0.0009093745992475255,3.4536916217911355,0.005389362250004289,0.0007151853750004929,0.394489896,0.35412319137195464,3.7065018944909744,3.518302233074072,0,2.4388572333718224,3.823577999999999,3.5534883759411393,16.2161372334848,1.9817405459999995,3.7065018944909744,3.518302233074072,0
2024-11-09,2.8831541195143595,1.416342857142857,1.8662752706943484,2.964752343488975,3.561951749654036,3.764081632653061,3.2704897959183676,2.5865632653061224,2.769506155102041,4.348370034077294,1.4591280476881654,3.449488084029076,2.2061144979225014,0.2927431321537502,3.780553704,3.393180896763687,4.769261253137938,3.518302233074072,0,3.8620328652262472,3.823577999999999,4.572374413201154,16.20416700004174,5.9269967999999995,4.769261253137938,3.518302233074072,0
2024-11-10,5.0404531090856635,1.4540326530612242,2.2176280779379103,5.366427609948733,6.0533525692068135,6.636897959183673,5.945032653061223,4.632053877551019,4.988598053877551,6.157551544636654,3.6464031040881997,3.6974508099856447,3.9938150159023795,0.5315174832137299,6.47682864,5.863774384471561,5.667142372863926,3.518302233074072,0,5.574858482779973,3.823577999999999,5.43318879094788,17.416323954292885,10.536029177142854,5.667142372863926,3.518302233074072,0
2024-11-11,5.543304910704173,1.568424489795918,2.63017018622864,5.451773550850457,6.182643755068183,6.574163265306122,6.425314285714285,4.802860408163265,5.258179513469387,5.861888747356275,3.9596170537342457,4.56460801675358,4.912467197399995,0.6593168276916661,6.67796856,6.198515255681265,6.7213925808875254,3.518302233074072,0,6.725666829857412,3.823577999999999,6.44391695626017,21.46970374356984,10.693303251428569,6.7213925808875254,3.518302233074072,0
2024-11-12,5.42921291328112,1.68149387755102,2.79319081238121,5.193536312109977,5.945419507762057,6.128530612244898,6.484101020408162,4.675028163265306,5.193603609795918,6.591242819224437,4.606015682271485,5.6214293441991146,5.460551773318126,0.738571960865521,5.79046656,5.498334828287611,7.137991336698326,3.518302233074072,0,7.114548035022125,3.823577999999999,6.8433174903339635,26.110268943474413,10.205137825714283,7.137991336698326,3.518302233074072,0
2024-11-13,1.5865839679168232,1.3614612244897957,1.7250512420409905,1.8766225296806107,2.4270489968760884,2.468285714285714,2.047978571428571,1.6574771428571429,1.759041977142857,2.1815225624866716,0.5650945276004091,3.117850486559057,1.6399994733049956,0.2166663047174995,2.010792912,1.7813867414651523,4.408363641491444,3.518302233074072,0,3.0370147387582187,3.823577999999999,4.226375543000426,14.553629277430655,3.840341939999999,4.408363641491444,3.518302233074072,0
2024-11-14,4.091012853839685,1.4130367346938772,2.266807384062857,4.4681323220308755,5.110310290552653,5.602857142857142,4.85492857142857,3.8448285714285713,4.114624114285714,6.081737916630705,2.891238955033834,3.428547013587033,3.1184553124924967,0.4136996224987496,5.191873439999999,4.656298510898961,5.792819952608447,3.518302233074072,0,6.037494671282348,3.823577999999999,5.553678090954,16.104931555219125,8.816041799999999,5.792819952608447,3.518302233074072,0
2024-11-15,3.9546760701893513,1.5108979591836733,2.341872606992529,4.338765416214638,5.010474370478204,5.325959183673469,4.9868061224489795,3.8035387755102037,4.130793844897959,4.595184654451051,1.7851865050408853,4.105712102168074,2.7211307093685,0.36369382004475004,5.09498976,4.671436371858715,5.984648920605997,3.518302233074072,0,5.957135511963906,3.823577999999999,5.737587887131696,19.348146364764677,8.558369228571427,5.984648920605997,3.518302233074072,0
2024-11-16,1.7291015413615995,1.4586612244897956,1.922706749763562,2.3772603572531272,2.966953217717214,3.017755102040816,2.713132653061224,2.1101510204081633,2.2741665795918364,2.150344845067287,0.21447916645947213,3.72910627964764,0.6747735574819199,0.08983415686031997,2.336500944,2.1175619433098976,4.913471740630457,3.518302233074072,0,4.2399033640392565,3.823577999999999,4.710631536920727,17.555371822904966,4.795436057142857,4.913471740630457,3.518302233074072,0
2024-11-17,4.07929202732029,1.561812244897959,2.191187521012884,4.361999590109808,5.049448949178664,5.295673469387755,5.150791836734694,3.8588473469387754,4.220863582040816,3.9368584785129768,1.7199060482051247,4.509354814139202,3.16358347332456,0.42439422074076,5.2055047199999995,4.825071914810195,5.599573603329194,3.518302233074072,0,4.992481929953768,3.823577999999999,5.368409426481566,21.211569785108537,8.60179638857143,5.599573603329194,3.518302233074072,0
2024-11-18,5.318396980506246,1.673559183673469,2.5281932839731036,5.5917555162795685,6.35832150208385,6.59795918367347,6.943418367346939,5.018183673469387,5.569369714285714,5.4049191555208225,3.448911881556605,5.539873658678493,4.961565310674379,0.6707287956332298,6.45253224,6.117591878619181,6.46079089137287,3.518302233074072,0,6.538844841019183,3.823577999999999,6.1940735457341045,25.760471636099776,10.96894157142857,6.46079089137287,3.518302233074072,0
2024-11-19,5.4625361367301375,1.6967020408163263,2.5709045458879825,5.66053634302189,6.4358578654215455,6.647714285714286,7.1055285714285725,5.099925714285713,5.6761646400000005,6.20159066646087,4.426732382604102,5.781115422543796,5.630791786845,0.7623592278075,6.29044608,5.990561993143152,6.569939402164351,3.518302233074072,0,6.764300501832708,3.823577999999999,6.298716137425557,26.787163614203344,11.10420648,6.569939402164351,3.518302233074072,0
2024-11-20,5.010990784474027,1.7092653061224488,2.6345187468760036,5.014412659530266,5.765197606729498,5.890571428571429,6.349035714285715,4.540185714285714,5.060845542857143,5.072559428304686,3.0823318930406707,5.916445826883861,4.830841220831999,0.6545883602720001,6.104100239999999,5.827004226764792,6.73250531550286,3.518302233074072,0,7.320711692375058,3.823577999999999,6.454570929846209,27.352122074768836,9.8647677,6.73250531550286,3.518302233074072,0
2024-11-21,4.825515578700643,1.642481632653061,1.9039151738551514,4.7696703571333385,5.4944121642831325,5.682897959183673,5.854457142857143,4.271823673469387,4.7225782726530605,6.942893561860125,3.7498080538245437,5.231680148541519,4.11823499192,0.5555651749033333,5.79356736,5.459415099880666,4.865449920766745,3.518302233074072,0,4.492547629115609,3.823577999999999,4.6645921759451205,24.428241612786245,9.38735182285714,4.865449920766745,3.518302233074072,0
2024-11-22,0.7026150941181756,1.4500653061224487,1.3751821012151433,1.3879442686277343,1.9432211788724614,1.825795918367347,1.6302979591836733,1.2722008163265304,1.369301466122449,1.5939379842587087,0.42414729698018544,3.670531512563596,1.7898556556074985,0.23813069218458321,0.5225133599999999,0.4726294621619116,3.5142740271610986,3.518302233074072,0,1.899479743496052,3.823577999999999,3.3691961479771013,17.277836362533414,2.895964148571428,3.5142740271610986,3.518302233074072,0
2024-11-23,3.824714958856545,1.503624489795918,2.139310161439487,4.087582898708487,4.748147252422894,5.0339183673469385,4.6872428571428575,3.584529795918367,3.8888672032653058,5.021706877835762,2.5415472694310424,4.0510770634975835,3.5280161733986386,0.47128489800643986,4.6304532,4.238774804197732,5.467001155516361,3.518302233074072,0,4.950220281418193,3.823577999999999,5.241309895526744,19.095447917144828,8.076578194285712,5.467001155516361,3.518302233074072,0
2024-11-24,5.218563789590223,1.4527102040816322,2.135824598032636,5.47919623155354,6.169290274901813,6.77534693877551,6.062657142857143,4.726124081632653,5.088888940408163,7.188932939365617,5.149842139330578,3.6884558461147723,4.826972023954079,0.6423331698856799,6.390246959999999,5.783651607013195,5.458093807944067,3.518302233074072,0,5.574366524848915,3.823577999999999,5.2327702651799575,17.376305428617208,10.752755554285711,5.458093807944067,3.518302233074072,0
2024-11-25,4.779268492702308,1.5651183673469387,2.6133402002766917,4.9037657584414855,5.612739033486425,5.931673469387755,5.783381632653062,4.327883265306123,4.736040597551021,4.898705838445599,3.4402354425401858,4.536897302673508,5.096376678738749,0.6838391499981248,5.75731656,5.340262280375896,6.678383598690796,3.518302233074072,0,6.4385471205435785,3.823577999999999,6.4026834906778936,21.34470202168193,9.641553582857142,6.678383598690796,3.518302233074072,0
2024-11-26,5.693355688513208,1.755551020408163,2.622685927358135,5.572368935093207,6.357612809956679,6.4746530612244895,7.192362244897959,5.075883673469387,5.688874506122449,5.448344903508907,4.292301197174382,6.44294541799271,6.44376923459375,0.8757310734739585,6.705435119999999,6.4564506352236775,6.702266578201823,3.518302233074072,0,6.768687837679829,3.823577999999999,6.42558052202743,29.531548242868187,10.945272728571425,6.702266578201823,3.518302233074072,0
2024-11-27,5.021337197823246,1.8216734693877548,2.6773841234542517,4.633572126261215,5.389882427332551,5.343265306122449,6.187602040816326,4.28973469387755,4.843599428571428,5.084845702780019,4.102858044578457,7.277383336898994,6.868409017999997,0.9372609029999995,5.48447064,5.343654831884662,6.842047665887079,3.518302233074072,0,6.388684606968862,3.823577999999999,6.5595911024629165,32.860155284408634,9.153361285714285,6.842047665887079,3.518302233074072,0
2024-11-28,4.306568026558052,1.745632653061224,2.520528984326299,4.073632043809172,4.791239902724636,4.778653061224489,5.274551020408163,3.732759183673469,4.178742759183673,5.28084017577683,3.0788302909509997,6.326315287021349,4.739874386999997,0.6437619519999996,4.76101728,4.575882994190954,6.441204794985092,3.518302233074072,0,6.436133826279846,3.823577999999999,6.175296011599432,29.048079837937426,8.062029514285713,6.441204794985092,3.518302233074072,0
2024-11-29,2.445803449133734,1.6147102040816326,1.9123034347401824,2.545407158623748,3.1743474493759516,3.1151020408163266,3.1474285714285712,2.316930612244898,2.5522630530612247,2.7207896167449506,0.7154316355815524,4.970808685991976,1.9699885402399995,0.2652553033733333,2.935416792,2.750751693415909,4.886886098081202,3.518302233074072,0,3.635866690590993,3.823577999999999,4.685143415113447,23.27556318609947,5.116163657142857,4.886886098081202,3.518302233074072,0
2024-11-30,3.9805790472475806,1.7423265306122446,2.200440424372634,3.900318001305786,4.609751384055623,4.583959183673469,5.048841836734694,3.57635306122449,4.002107730612245,4.154153697213242,1.7666068933092147,6.287909642230912,3.450348161812501,0.46852228321875006,4.760539919999999,4.5726315457670585,5.623219372078124,3.518302233074072,0,4.9471656169411915,3.823577999999999,5.391079039712953,28.885109733748333,7.728386528571427,5.623219372078124,3.518302233074072,0
2024-12-01,5.82649558129696,1.8939428571428574,2.782676902240616,5.586966542399333,6.387382350743311,6.409755102040816,7.443781632653062,5.154410612244898,5.822853737142858,6.000098576362396,3.9239943995379543,7.339688151561508,5.582359433047496,0.7619801192579163,6.824440559999999,6.654589608032761,7.11112306863525,3.807181811897332,0,7.348857355826967,4.090474838709678,6.81755841048951,33.09754086242016,10.990461188571429,7.11112306863525,3.807181811897332,0
2024-12-02,2.8194363049774562,1.7403428571428572,2.139499787633597,2.8415330193803134,3.4941077422288265,3.4179591836734695,3.6082040816326533,2.604097959183673,2.8917792,3.343136934499685,1.0195139190834488,5.5873029042711515,2.3780509419700033,0.32157520866166717,3.3860846159999998,3.213200647722463,5.467485744726939,3.807181811897332,0,4.636226915733325,4.090474838709678,5.241774479702312,25.95191501005283,5.68767497142857,5.467485744726939,3.807181811897332,0
2024-12-03,0.2890773540145462,1.5408,1.3337424,0.8963351177337971,1.4412247897795034,1.220730612244898,1.121114387755102,0.8630335102040815,0.933875501877551,0.9789241490317377,0.011707899784254424,3.9200353993511365,0.08238997040625001,0.010991302359375016,0.39746013599999996,0.3624106951374832,3.408374986194079,3.807181811897332,0,1.7620131931964145,4.090474838709678,3.26766888,18.46371288158713,1.9511349659999997,3.408374986194079,3.807181811897332,0
2024-12-04,1.693446994273473,1.5010285714285716,1.5204709890167585,1.7155845026847678,2.2810199964152886,2.2238367346938777,1.9815224489795917,1.5478742857142858,1.6653448946938776,2.112788201819306,0.6452959616561926,3.6526942836834944,2.0507014676699984,0.2727793229449998,2.0377645679999996,1.842111107972886,3.885559375032608,3.807181811897332,0,2.246799002888834,4.090474838709678,3.725153923091058,17.192760923401003,3.525302777142856,3.885559375032608,3.807181811897332,0
2024-12-05,3.8475998411240586,1.6162285714285716,2.3031147432006427,3.8703760512638508,4.538332379343013,4.718081632653061,4.577874489795918,3.4335171428571427,3.753930078367347,3.8486275088855733,1.086084989009738,4.481979529891008,2.039158411560002,0.2734882219266669,5.211849119999999,4.827591805359208,5.8856033077001,3.807181811897332,0,5.533397027134379,4.090474838709678,5.642631120841574,21.08229560748172,7.65828239142857,5.8856033077001,3.807181811897332,0
2024-12-06,4.751308856585376,1.8294857142857144,2.5631642955880602,4.6364889197853305,5.38232754503071,5.401673469387754,6.033567346938774,4.2479575510204075,4.765670243265306,5.082228432555459,2.294909498956,6.545762687345223,3.7127769887999986,0.5048522522999999,5.69208144,5.489333278018391,6.550159214094198,3.807181811897332,0,6.194933655974867,4.090474838709678,6.279752524190747,29.93703227851344,9.147281502857142,6.550159214094198,3.807181811897332,0
2024-12-07,5.277739656056167,1.9206857142857146,2.5818248335137213,5.117134993133848,5.900829869552661,5.855959183673469,6.908374489795919,4.75216612244898,5.383367808979592,5.828455567788163,3.731471886889961,7.696708167904876,5.5492184495928605,0.75862713828881,5.90087544,5.779662876202505,6.597846166758184,3.807181811897332,0,6.1508077052584715,4.090474838709678,6.325470842108618,34.47693378107928,10.092477162857142,6.597846166758184,3.807181811897332,0
2024-12-08,2.3131592952372038,1.6422857142857143,1.9399358808844323,2.552410231557264,3.1756558356688056,3.1432244897959185,3.106158163265306,2.309973469387755,2.5341624734693875,2.5033512601227157,0.6805545754930481,4.694273322273829,1.9965825990165003,0.26825535355275,2.8690086719999996,2.671467650129412,4.9575007371939845,3.807181811897332,0,3.667282659500295,4.090474838709678,4.752842908166858,22.043144253408784,5.128986214285712,4.9575007371939845,3.807181811897332,0
2024-12-09,3.5582269283229926,1.6834285714285715,2.0313993746183936,3.4901121645378614,4.158590524912769,4.211877551020407,4.2814132653061225,3.1430142857142847,3.4661209224489795,3.3888772546566446,0.9726545645023091,5.050133426838016,2.1620666665156256,0.2912902376484376,4.56787008,4.287943300978427,5.191235440531567,3.807181811897332,0,4.077251214541088,4.090474838709678,4.976928467815065,23.62603751859617,6.929845842857142,5.191235440531567,3.807181811897332,0
2024-12-10,2.5234634332354715,1.614857142857143,2.266626773717549,2.6638877381866233,3.285987223392996,3.2924897959183674,3.1915408163265306,2.394820408163265,2.6178275755102045,2.9720884791765285,0.5807917303349465,4.471076005810991,1.4108437013750028,0.18920190439583362,3.0889055759999997,2.860370203684065,5.792358403374355,3.807181811897332,0,4.882499957096761,4.090474838709678,5.553235595607995,21.030008023087767,5.342807057142857,5.792358403374355,3.807181811897332,0
2024-12-11,4.281534067907758,1.5414857142857143,2.2683788411448815,4.467958946807017,5.136408696149412,5.509836734693877,5.062812244897958,3.8963902040816327,4.2166343902040815,5.4109364441533625,2.7392699053386793,3.924812344923461,3.4889735759400025,0.46547249724000034,5.2794384,4.814584930304745,5.796835806802069,3.807181811897332,0,5.219812423883761,4.090474838709678,5.557528160804961,18.499987346830743,8.80780253142857,5.796835806802069,3.807181811897332,0
2024-12-12,5.305193136255894,1.619657142857143,2.457306604273117,5.24265392133645,5.963488221968928,6.336204081632652,6.162855102040816,4.617060408163265,5.050208101224489,5.7048302193614555,3.8322054154513445,4.509354814139202,4.864412925514999,0.6525602217525,6.29989944,5.839485215964317,6.2796401789536,3.807181811897332,0,5.961277225437956,4.090474838709678,6.020401180469136,21.218533972685957,10.291936937142856,6.2796401789536,3.807181811897332,0
2024-12-13,3.020930390880163,1.6258285714285716,2.4151984948277527,3.232867212848109,3.8788884176187035,3.956612244897959,3.865162244897959,2.88982,3.1634951363265302,2.935639632560608,1.4414409190742936,4.5590523666641625,3.569376555437505,0.47903414465625066,3.6020961359999997,3.3430163063209437,6.172033022617037,3.807181811897332,0,4.753015695354282,4.090474838709678,5.917236312327994,21.439000608616503,6.434793025714285,6.172033022617037,3.807181811897332,0
2024-12-14,0.7794814020725058,1.538057142857143,1.4907012128600947,1.546797291631877,2.113654003046754,2.0031836734693877,1.8359367346938775,1.4147012244897958,1.530231252244898,1.551401904251399,0.2435348436896131,3.9009856872326085,1.0794864088944007,0.1439811846824001,0.8176209839999998,0.745082521123516,3.809482795029626,3.807181811897332,0,2.1075294619784115,4.090474838709678,3.652217971507232,18.37740470606444,3.199946451428571,3.809482795029626,3.807181811897332,0
2024-12-15,4.141184342301602,1.7115428571428573,2.244804943629485,3.9962413206716025,4.691198410186186,4.7764897959183665,4.947722448979591,3.601293061224489,3.985301211428571,4.647577687975609,2.1441364861795664,5.30869873907752,3.535430016699841,0.47719813777664016,4.91641632,4.640138648604146,5.7365927773995535,3.807181811897332,0,4.911981393542363,4.090474838709678,5.499772111892239,24.760070488418567,7.903037622857142,5.7365927773995535,3.807181811897332,0
2024-12-16,5.549222128591209,1.735542857142857,2.2229920463447637,5.432575444514399,6.192496340702059,6.414081632653061,6.749913265306121,4.878332653061224,5.41415777142857,7.00628992060883,4.9604970090868905,5.539873658678493,5.5050707400975,0.7442025320995833,6.56572368,6.224907736691237,5.680849979178798,3.807181811897332,0,5.100830751505941,4.090474838709678,5.4463305135446705,25.76277164928652,10.663249757142854,5.680849979178798,3.807181811897332,0
2024-12-17,5.684151910055747,1.6573714285714287,2.665026366060156,5.5692242810436925,6.3138362037743185,6.671510204081632,6.6620693877551025,4.930623673469388,5.419647888979592,7.393646806711657,5.847088148862633,4.821746218931814,5.8625178186093745,0.7884738734140624,6.2353824,5.823476474099081,6.810467451306295,3.807181811897332,0,6.770974919625934,4.090474838709678,6.5293145968473825,22.629946019888347,10.919448308571427,6.810467451306295,3.807181811897332,0
2024-12-18,5.322972658110934,1.691657142857143,2.6165591760317026,5.306584618000533,6.050202088926645,6.321061224489795,6.461197959183673,4.731254693877551,5.222976009795918,5.972116643032036,4.23061888147118,5.12447936304022,5.363263457140626,0.7229719798359375,6.20736912,5.836258054001546,6.686609682261766,3.807181811897332,0,6.5705221080203176,4.090474838709678,6.410569981277671,23.96561674038967,10.417238897142855,6.686609682261766,3.807181811897332,0
2024-12-19,4.311878768968243,1.7691428571428574,2.631043696981602,4.40253807925363,5.126477200000001,5.191836734693877,5.5836734693877546,3.99673469387755,4.453302857142856,4.41834955483967,2.8736667745629916,5.8805284078903215,5.160102582999997,0.6990538252916663,5.00190864,4.771855594667135,6.72362483518233,3.807181811897332,0,6.225568520756469,4.090474838709678,6.446057057604924,27.203091810660258,8.688754285714284,6.72362483518233,3.807181811897332,0
2024-12-20,3.4038119932276594,1.7286857142857144,2.3963363113501703,3.3755868010255057,4.048351569117632,4.043142857142857,4.2357642857142865,3.0674485714285713,3.4015769485714284,3.9432913585547613,1.6606571688429297,5.472815159767403,3.2609862998756265,0.44064241133343784,3.9441584399999994,3.734613725856064,6.123830765307083,3.807181811897332,0,5.50065684946572,4.090474838709678,5.871023962807917,25.466199456994797,6.71249214,6.123830765307083,3.807181811897332,0
2024-12-21,2.2076412529921905,1.5798857142857143,1.9998401520947613,2.4332648814636717,3.0396275086940063,3.0415510204081633,2.8751265306122447,2.1830302040816325,2.375109315918367,2.634664456872071,0.3788837360295198,4.201822910944456,1.0156381623062394,0.13587084879103997,2.891801184,2.658639968274272,5.110585935324803,3.807181811897332,0,3.98493852318319,4.090474838709678,4.899608372632166,19.789139740975525,4.90056881142857,5.110585935324803,3.807181811897332,0
2024-12-22,3.280990787112464,1.6635428571428574,1.971154444184268,3.4280888559868052,4.089902834688741,4.155632653061224,4.167393877551021,3.078304489795918,3.386272937142857,3.4781095911860995,0.8894870964401437,4.8748866338812045,1.9030660597044007,0.25605697921740006,4.2617680799999995,3.985084016084895,5.03727968870372,3.807181811897332,0,3.9700038856920505,4.090474838709678,4.829328388251457,22.850166491392525,6.8100877028571425,5.03727968870372,3.807181811897332,0
2024-12-23,3.7996830956947205,1.6669714285714285,2.060959314151284,3.776102209426724,4.452434584264564,4.560163265306122,4.5838244897959175,3.382264489795918,3.722259937959183,5.1043795331735025,1.939301118858097,4.904661738026636,2.8332011771754604,0.38129372508591,4.75486056,4.4491604444835655,5.26677578362729,3.807181811897332,0,4.528416039411868,4.090474838709678,5.049350319670647,22.986256893040252,7.478166137142854,5.26677578362729,3.807181811897332,0
2024-12-24,4.868199546912692,1.7273142857142858,2.4047990908253936,4.713472190095981,5.441514235125654,5.592040816326531,5.853178571428572,4.240455102040816,4.701581118367347,5.455011421019293,3.1108464993993348,5.459501182877944,4.412154705052497,0.5961420720920829,5.84738256,5.535294497787447,6.1454573746711,3.807181811897332,0,5.797112391072161,4.090474838709678,5.8917577725222126,25.413931208073265,9.281472042857144,6.1454573746711,3.807181811897332,0
2024-12-25,3.8215862981261255,1.7197714285714285,2.4317844245649214,3.941060186950014,4.63547898757485,4.705102040816326,4.900408163265306,3.5581224489795917,3.9414622040816325,4.240448374004079,1.6026997526386961,5.386851164848037,2.9108865288806394,0.39310919313343984,4.6214568,4.368573122512749,6.214418319837055,3.807181811897332,0,5.62098624292694,4.090474838709678,5.957871840184058,25.095091878010088,7.797673285714285,6.214418319837055,3.807181811897332,0
2024-12-26,1.2873802160283485,1.5558857142857145,1.7788923635510752,1.903668560492124,2.486284207970284,2.422857142857143,2.2502857142857144,1.7229714285714284,1.8683629714285714,1.9038340015850574,0.05149750432472873,4.0264838809480885,0.18814445387249953,0.025126837728749914,1.750004616,1.6008148454595403,4.545954477460676,3.807181811897332,0,3.2981012429390613,4.090474838709678,4.358286290700134,18.96647822797784,3.884572799999999,4.545954477460676,3.807181811897332,0
2024-12-27,1.5286510559218738,1.566857142857143,1.830249882646451,2.114815809751773,2.7070665167291943,2.669469387755102,2.499479591836735,1.906404081632653,2.0704303836734694,1.9508214453184531,0.08692970866168326,4.105712102168074,0.3121184771718791,0.04171632067447966,2.1393586079999998,1.9615108340983658,4.67719847438067,3.807181811897332,0,3.4825598362029484,4.090474838709678,4.484112212483805,19.33842610245597,4.289613171428571,4.67719847438067,3.807181811897332,0
2024-12-28,3.8918325243519014,1.7341714285714287,2.4275761645129084,3.6225790230156485,4.306674788716306,4.324367346938774,4.546705102040815,3.2873351020408155,3.647811100408162,3.542882197176474,1.0938824309642892,5.526396545399682,2.3987249891495988,0.3242429777915998,4.88562048,4.6308259624042565,6.203664123002132,3.807181811897332,0,5.828500776799848,4.090474838709678,5.947561603056625,25.692020799230814,7.187198888571427,6.203664123002132,3.807181811897332,0
2024-12-29,3.5064180653015793,1.5888000000000002,2.3171677831003343,3.726091272951316,4.381699455269583,4.573142857142857,4.350957142857143,3.2935257142857144,3.5876668114285715,3.54764756859189,0.8508238186152793,4.268876087710423,1.7033542053965993,0.22801557926609992,4.627695119999999,4.262455810885816,5.921515811999354,3.807181811897332,0,5.4692384457253,4.090474838709678,5.67706106859582,20.102653486730137,7.381707479999999,5.921515811999354,3.807181811897332,0
2024-12-30,4.949714135140764,1.6340571428571429,2.37545751534275,5.170117968748844,5.892442638164821,6.2323673469387755,6.123594897959182,4.566091020408162,5.003894835918367,5.303249293736666,2.3015458011708376,4.626168814438242,3.1710467116381187,0.42581492725218656,6.313783679999999,5.8693815667205556,6.070475060297227,3.807181811897332,0,5.835868194193653,4.090474838709678,5.819870912589739,21.741109143840468,10.15283332285714,6.070475060297227,3.807181811897332,0
2024-12-31,5.082843968880412,1.7177142857142857,2.4949956200315246,5.130258113370569,5.873277674674158,6.085265306122449,6.32925,4.59839387755102,5.0925403836734695,5.501810251457649,2.6877388492353105,5.367205852688816,3.7577229377187495,0.5074052219114584,6.196744799999999,5.855379940738914,6.375954353688714,3.807181811897332,0,6.096788631050774,4.090474838709678,6.112739269077235,25.013927287423417,10.080867728571429,6.375954353688714,3.807181811897332,0
