date,et_penman_monteith,et_camargo,et_hargreaves_samani,et_makkink,et_turc,et_global_radiation,et_jensen_heise,et_radiation_temperature,et_stephens_stewart,et_hicks_hess,et_garcia_lopez,et_mccloud,et_ivanov,et_lungeon,et_net_radiation,et_priestley_taylor,et_hargreaves_samani_corr,et_thornthwaite,et_thornthwaite_camargo,precomputed_et_penman_monteith,precomputed_et_camargo,precomputed_et_hargreaves_samani,precomputed_et_garcia_lopez,precomputed_et_priestley_taylor,precomputed_et_hargreaves_samani_corr,precomputed_et_thornthwaite,precomputed_et_thornthwaite_camargo
2024-01-01,0.6296411804861624,1.9290204081632656,2.192164103127759,-0.0222569281618778,0.5284105872970362,0.1103445578231291,0.1316847789115645,0.0901494217687074,0.1023306281632652,0.0922715756143251,0.038752970002044,7.973396329917773,110.45380319999995,0.5039042399999999,0.0957324399999999,0.0928719417006157,2.68808118086978,5.031280469129382,5.031280469129382,2.2465757952622036,4.726100000000001,5.3708020526630085,37.6188862926873,0.1908965014285713,2.68808118086978,5.031280469129382,5.031280469129382
2024-01-02,0.6879051380894947,1.9426530612244899,2.0036873546447667,-0.01362703132447185,0.538600362172719,0.1197881122448978,0.14417384778911546,0.09835229421768696,0.1118081270816325,0.11229785745400711,0.045476807068430755,8.172413374318193,107.91191789999998,0.4926786549999999,0.10392545399999986,0.1010717584333378,2.4569667310410526,5.031280469129382,5.031280469129382,2.174470191290542,4.357818976343494,4.909034018879678,37.61837175285059,0.2078176232142855,2.4569667310410526,5.031280469129382,5.031280469129382
2024-01-03,0.8149816447240151,1.9562857142857144,2.0290175081175184,-0.009419689540291,0.5440904519172652,0.1242298667800452,0.15074261408730139,0.10248832114512457,0.11667591609183657,0.12553464922809995,0.05393675088922143,8.378053741632803,114.08734259999999,0.5213172366666666,0.10777901966666652,0.10506942285647097,2.488027137860733,5.031280469129382,5.031280469129382,2.3913775879996937,4.203707401987041,4.971092894887921,37.61917654592852,0.21610899046428547,2.488027137860733,5.031280469129382,5.031280469129382
2024-01-04,0.8909592718695425,1.9682142857142857,2.048268421669958,-0.0034165890013359754,0.5513479672788583,0.13068725127551006,0.15977356770833315,0.1082937765731291,0.12344644764030595,0.13451618526021164,0.06239530888963937,8.562639567695228,122.85344294999999,0.5618131274999999,0.11338130024999984,0.11077335248332072,2.511633043258522,5.031280469129382,5.031280469129382,2.5553222058452754,4.139631878085654,5.018257633091396,37.62037054221625,0.22791457328571404,2.511633043258522,5.031280469129382,5.031280469129382
2024-01-05,0.8297936533049306,1.9303836734693878,1.9464070302006327,-0.01478726390349758,0.5362703813441341,0.11840497448979578,0.1429157648809522,0.09737931615646246,0.11075720227959167,0.1214785381370623,0.054189800523715456,8.069981758103317,113.13531684,0.5166071379999999,0.10272547499999987,0.09996934728120126,2.386728302288067,5.031280469129382,5.031280469129382,2.380139847419115,4.002992726370406,4.76869722399155,37.619155436601886,0.20561274188571405,2.386728302288067,5.031280469129382,5.031280469129382
2024-01-06,0.8551469579037368,1.915387755102041,1.911120378785861,-0.014676078726616401,0.5352186448304094,0.11890605583900211,0.1420042938633785,0.09718490632086156,0.1103307069336733,0.12682316338248004,0.05517855808086352,7.859300808102602,110.58455069999998,0.5045074483333333,0.10316020183333319,0.10007499142631655,2.3434590126082373,5.031280469129382,5.031280469129382,2.368026426807031,3.965429974902707,4.6822449280253595,37.61891267934559,0.20575688524999977,2.3434590126082373,5.031280469129382,5.031280469129382
2024-01-07,0.880284086926903,1.9192827988338192,1.9692810145050643,-0.00930624330338287,0.5412348621556997,0.12491434280855183,0.14937688562925153,0.10217449331875594,0.11602208610349839,0.13297579041446692,0.05880722594909033,7.903684943198523,112.74533202857141,0.51442767,0.10837285557142841,0.10517721537927747,2.414776898947653,5.031280469129382,5.031280469129382,2.479151740088233,3.996208120882689,4.824738485537408,37.61922554972249,0.21624811747959158,2.414776898947653,5.031280469129382,5.031280469129382
2024-01-08,0.9724945876855956,1.9290204081632651,1.9526078445491706,-0.0027517200528913285,0.5489183854169718,0.1320518306608356,0.15897497236394537,0.10843778049076758,0.12327897493731761,0.14605734938926807,0.06841676426833468,8.051206297586077,119.48425662857143,0.5455635685714285,0.11456517842857127,0.1114050869792527,2.394331881022246,5.031280469129382,5.031280469129382,2.57320935113369,3.965350508735557,4.783889219145467,37.6201415437175,0.22911321523469358,2.394331881022246,5.031280469129382,5.031280469129382
2024-01-09,0.9735488815630523,1.9202565597667636,1.926179821670018,-0.008661022758840784,0.541978292284364,0.12553628158406205,0.15056925929300274,0.10286266727405234,0.11686462677988321,0.13914913721332772,0.06609433229698332,7.927053509189228,120.20260397142856,0.5485938157142857,0.1089124355714284,0.1057902806704522,2.3619252419172234,5.031280469129382,5.031280469129382,2.527463315375624,4.042698739104352,4.7191405630915435,37.620333789370775,0.2175396077755099,2.3619252419172234,5.031280469129382,5.031280469129382
2024-01-10,0.8962278325271009,1.9056501457725947,1.923779966448532,-0.010170530420124129,0.539251318284326,0.12415243561710385,0.14761799016034968,0.10121217419825061,0.11481388704664709,0.13133285963092362,0.061220135929274715,7.717410376043493,115.94218500000001,0.5287313928571428,0.10771184214285702,0.10435600093196071,2.35898248519181,5.031280469129382,5.031280469129382,2.4598007103915207,4.082917016846763,4.7132609177989035,37.61981359525015,0.21452320834438754,2.35898248519181,5.031280469129382,5.031280469129382
2024-01-11,0.8174438732886046,1.8813061224489795,1.8512111091002257,-0.016727900327487027,0.5304053732070514,0.1172621780855198,0.13732224489795905,0.09475378862973752,0.10720018166763838,0.12208065381914676,0.05296069702128011,7.375569760929032,105.6478098857143,0.4810795628571429,0.10173401071428559,0.09812542454129258,2.2699969117683247,5.031280469129382,5.031280469129382,2.271252686717505,4.073469903003417,4.535467217295554,37.618445258541556,0.20161051413520387,2.2699969117683247,5.031280469129382,5.031280469129382
2024-01-12,0.8042686497293208,1.890069970845481,1.9221617731565066,-0.013349355675668972,0.5347164466016604,0.12102432823129236,0.14200141946064124,0.09790316982507276,0.11080094498833806,0.12327616460909939,0.053951549465645454,7.476504837838083,108.04121382857144,0.49212239428571436,0.10499796699999984,0.10133559582029873,2.356998219995105,5.031280469129382,5.031280469129382,2.3453189364753197,4.084621322125196,4.709296344233441,37.61877320700891,0.20820975136989772,2.356998219995105,5.031280469129382,5.031280469129382
2024-01-13,0.7298425332027942,1.8910437317784254,1.9326933938129154,-0.01540244780979963,0.5326226146050098,0.11865156098153533,0.13938588921282785,0.09605111224489785,0.1087281012944605,0.11405641676435127,0.048879507606455354,7.48841808958663,103.97687091428574,0.47369456857142866,0.10293940785714271,0.09938482172039362,2.3699123313292705,5.031280469129382,5.031280469129382,2.292799182189276,3.5449618624731656,4.735098814841643,37.61810600150637,0.20420833392091817,2.3699123313292705,5.031280469129382,5.031280469129382
2024-01-14,0.6371845601452423,1.8598833819241982,1.7921449064824646,-0.0281869096073525,0.5165071257062238,0.10460166788143817,0.12113606899902805,0.08397952235179774,0.09482319729446052,0.09767705112152363,0.039048120402971856,7.111723981725319,93.10977745714287,0.42365582714285716,0.0907500387142856,0.0872374871993089,2.1975685988260096,5.031280469129382,5.031280469129382,2.0256951359282644,2.947693720078511,4.390755020882038,37.61657934484801,0.17919203432908143,2.1975685988260096,5.031280469129382,5.031280469129382
2024-01-15,0.5492242135600287,1.83067055393586,1.7968554372059697,-0.029060362559331757,0.5132535852696638,0.10442603134110774,0.11770232750242941,0.08254637560738572,0.09275678581924189,0.09348201924803039,0.031433648057255965,6.717965601566357,82.43434311428574,0.3741258585714286,0.09059766042857131,0.0864075637059201,2.203344758088766,5.031280469129382,5.031280469129382,1.9904677835390738,2.3033941893685004,4.402295821154626,37.61519969957158,0.17734446541071414,2.203344758088766,5.031280469129382,5.031280469129382
2024-01-16,0.6167863460603211,1.832131195335277,1.853779599622576,-0.017419587318122216,0.5257020489726599,0.11760044582118552,0.13329164631924187,0.09325643258017483,0.10489587976530604,0.11214576184352719,0.04055342744665217,6.737724368708191,83.89388847857144,0.3808179439285716,0.10202748414285703,0.09746820850887923,2.2731464529119463,5.031280469129382,5.031280469129382,2.1363626293847635,1.6561119657587071,4.541760019075311,37.615414562360534,0.20007258244897944,2.2731464529119463,5.031280469129382,5.031280469129382
2024-01-17,0.7254639102658055,1.851606413994169,1.8419531506342193,-0.010774100682859503,0.5342334226619199,0.1245927502429542,0.14372843871477148,0.09980589443634587,0.11261559464868795,0.12666638078926654,0.05174316511380317,7.02620150394731,92.93591179285715,0.42275654964285725,0.10809384914285701,0.10378251023641738,2.25864459380534,5.031280469129382,5.031280469129382,2.1916842431010166,1.0593959375485622,4.512785219053837,37.616590653415855,0.21317104213010185,2.25864459380534,5.031280469129382,5.031280469129382
2024-01-18,0.7889854445469976,1.8740029154518951,1.9205552100759284,-0.0007926161754493445,0.5465660426541231,0.13535679786200178,0.15860936740767723,0.10941398019922244,0.12379944352040805,0.1390479597678675,0.059265818155916576,7.336704018761645,99.4480158214286,0.453020905357143,0.11743249314285702,0.11326655682739266,2.355028216026597,5.031280469129382,5.031280469129382,2.347993896418873,0.5049280076231236,4.705360264686024,37.61741617886815,0.23276731728826514,2.355028216026597,5.031280469129382,5.031280469129382
2024-01-19,0.8851269796104241,1.894451895043732,1.9268497389824604,0.00720744986408594,0.5566439986244122,0.1439720019436345,0.17056880618318745,0.11712367407677349,0.1327796986224489,0.15257321679243332,0.06808792228434588,7.620052364213501,106.69080156428572,0.4866530325000001,0.12490684914285703,0.1208679310511872,2.3627467096703656,5.031280469129382,5.031280469129382,2.4138733367659215,0.0,4.720781860507029,37.618343481431,0.24847512078826517,2.3627467096703656,5.031280469129382,5.031280469129382
2024-01-20,0.9918800246865302,1.913927113702624,1.9599787106912459,0.012843208266863484,0.5641370374209049,0.149928321185617,0.17931424896744402,0.12264475206511168,0.1392700310160349,0.16451830712327684,0.0777426182358686,7.891487457916811,117.47605519285716,0.5363613939285715,0.13007441685714277,0.12622282542864602,2.4033702037166798,5.031280469129382,5.031280469129382,2.5686043988413902,0.0,4.801947841193552,37.61984752095368,0.25956346398214275,2.4033702037166798,5.031280469129382,5.031280469129382
2024-01-21,1.050345429000464,1.9489825072886298,2.0917225176533063,0.025543338120675215,0.5804594534659999,0.16377875607385803,0.1977542568634596,0.13472467650631673,0.15324278403935856,0.1767636395861118,0.0856470731788364,8.326445577975672,128.68739736428574,0.5880997710714287,0.14209074057142848,0.1382900307782678,2.5649174381073783,5.031280469129382,5.031280469129382,2.7758457151427445,0.0,5.1247201682506,37.62138548617986,0.2844397320229591,2.5649174381073783,5.031280469129382,5.031280469129382
2024-01-22,1.0697704961767742,1.9723527696793002,2.1131964074706597,0.023411041103591455,0.5800889013974861,0.16073215743440225,0.19663365676627786,0.13324174258989302,0.151902422558309,0.1727143788363237,0.0858544575572091,8.629544616432915,133.23239067857142,0.6093851625000001,0.1394475805714285,0.1362639990551502,2.591249207255381,5.031280469129382,5.031280469129382,2.7766015227861804,0.0,5.177331198303117,37.621905680300486,0.280373382267857,2.591249207255381,5.031280469129382,5.031280469129382
2024-01-23,1.007497938878396,1.9747871720116617,2.064996944878073,0.01699992247107753,0.5734864667281195,0.1534122084548104,0.18822881802721078,0.12739378668610296,0.1453093763790087,0.16008596096216512,0.07990989714695505,8.663288688359229,133.24992737142858,0.6095420885714287,0.1330969585714285,0.13017238535120745,2.532145936593158,5.031280469129382,5.031280469129382,2.6914674358605617,0.0,5.059242514951278,37.62188306316481,0.26786821115816317,2.532145936593158,5.031280469129382,5.031280469129382
2024-01-24,0.9352535724224439,1.9660233236151605,2.094557613699904,0.013823634170173831,0.5694666310016401,0.15009224003887262,0.18315875303692897,0.1242382242468415,0.14157634610204076,0.15040492946457815,0.07315840352875229,8.524754106616786,130.13016377142858,0.5949337828571429,0.13021662914285706,0.12715439076234877,2.5683938969719056,5.031280469129382,5.031280469129382,2.687826430929919,0.0,5.1316661535647645,37.62152118899394,0.2615941298418366,2.5683938969719056,5.031280469129382,5.031280469129382
2024-01-25,0.9072422096104885,1.959206997084548,2.0987516508075603,0.010564544067696099,0.5654967773379899,0.14662341836734688,0.1781506140670553,0.12105687827988329,0.1378467135655976,0.14569329997403954,0.0707526399461151,8.420891165187133,129.16520357142855,0.5903148928571429,0.1272071579999999,0.12405772088792899,2.5735367200866883,5.031280469129382,5.031280469129382,2.6950911396102675,0.0,5.141941544478523,37.621442029019065,0.25517723647959173,2.5735367200866883,5.031280469129382,5.031280469129382
2024-01-26,0.8121095306095067,1.9338892128279883,2.036443915453842,-0.0005077111101013992,0.5517622788632071,0.13454905004859075,0.16203458515549068,0.11050973785228367,0.12564173196209907,0.13066733630723967,0.060656672929137845,8.080105059688204,119.01374639999999,0.5433870514285715,0.11673170942857133,0.11353726334522167,2.497133566423158,5.031280469129382,5.031280469129382,2.5644435297682695,0.0,4.9892875928619125,37.62007369231047,0.2334714503571427,2.497133566423158,5.031280469129382,5.031280469129382
2024-01-27,0.740328029300895,1.912466472303207,1.9754468414299349,-0.009038534164306042,0.5410440201966927,0.12530598396501444,0.149442557701652,0.10233377235179775,0.1161481135889212,0.11831908427279743,0.05144321938005896,7.784987668805241,109.74562097142856,0.5005246085714286,0.10871263457142845,0.10543158294814459,2.4223375753119805,5.031280469129382,5.031280469129382,2.383131293006794,0.0,4.839844761503341,37.6188297498481,0.21673331892857126,2.4223375753119805,5.031280469129382,5.031280469129382
2024-01-28,0.8045706051660942,1.9105189504373177,1.9457898370466178,-0.007853611465535799,0.542152609213247,0.12668944363459655,0.1509046252429542,0.10338845359572388,0.11731954263848385,0.12730369482436568,0.05561034009344445,7.755500894456913,109.4617409142857,0.49916378285714286,0.10991289285714272,0.10655745376159906,2.3859714860899084,5.031280469129382,5.031280469129382,2.407252267081725,0.0,4.767185100764213,37.618807132712426,0.21903624107142836,2.3859714860899084,5.031280469129382,5.031280469129382
2024-01-29,0.8264590410001966,1.909545189504373,1.9383165450328903,-0.010907693789159928,0.5388413772870955,0.12327612001943618,0.1466900516277938,0.10054338216715243,0.11407079563556836,0.12707520719189844,0.055478694669484775,7.741024660309317,109.32688774285715,0.49851916999999996,0.10695157057142841,0.10365557488492273,2.3768075664761428,5.031280469129382,5.031280469129382,2.446986217596275,0.0,4.748875535330582,37.618795824144584,0.21306360716326503,2.3768075664761428,5.031280469129382,5.031280469129382
2024-01-30,0.9184853159052352,1.927072886297376,2.014281340441838,0.0006849912149637431,0.5524405137636034,0.1357607361516033,0.16410164054907656,0.11174807604470345,0.1271320759854226,0.147663207048813,0.06777062471536272,8.016825454601442,113.46966797142856,0.5180751871428572,0.11778294085714269,0.11467052607900484,2.469957315920569,5.031280469129382,5.031280469129382,2.602522015647255,0.0,4.934989284082504,37.61922554972249,0.2358650228571426,2.469957315920569,5.031280469129382,5.031280469129382
2024-01-31,1.0097086758189346,1.9348629737609329,1.9919663283186557,0.004462493324625672,0.5570267271513786,0.13977732750242938,0.16992633017492695,0.11544207725947508,0.1314658389795917,0.16087543977273694,0.0748924057870828,8.139206882888864,114.44362765714286,0.5228106457142857,0.1212676445714284,0.11825977234582462,2.442594143586152,5.031280469129382,5.031280469129382,2.646253040794513,0.0,4.880317504380706,37.6192820925617,0.24330752972448955,2.442594143586152,5.031280469129382,5.031280469129382
2024-02-01,0.939043456300479,1.9163615160349854,1.8941549632447319,-0.01294981061597217,0.5371064365206,0.12021741739552948,0.14619455053449934,0.09930637706511163,0.113096795930029,0.14138712511905846,0.06596294715965,7.898108060768408,106.09936637142857,0.4844293528571428,0.10429790942857128,0.1017152291262008,2.3226556365395035,5.042373185079021,5.031280469129382,2.444533884349031,0.0,4.640679659949592,37.61809469293853,0.20928253106632627,2.3226556365395035,5.042373185079021,5.031280469129382
2024-02-02,0.9308108951462595,1.9173352769679302,1.962618533587653,-0.00906865651718317,0.5412958054077072,0.1246773171768706,0.1512074556608356,0.10282622206025253,0.11705004712827972,0.14359469814372403,0.06639225918734432,7.909317526648598,105.52241082857144,0.48183418714285703,0.10816721749999984,0.10540296177482066,2.40660721422996,5.053465901028659,5.031280469129382,2.519707777347229,0.0,4.80841540728975,37.617992915827976,0.21684997517219365,2.40660721422996,5.053465901028659,5.031280469129382
2024-02-03,0.9829029012164457,1.927072886297376,2.006781836139092,0.0005104266632377587,0.5522278443782883,0.1354012220602525,0.16435416378158393,0.11172698621234196,0.1272010686756558,0.1578071449031262,0.07316772069011264,8.033713914915051,109.06130417142856,0.49816299142857134,0.1174710345714284,0.11450466113772555,2.4607612542054347,5.064558616978298,5.031280469129382,2.646827926941335,0.0,4.916615498540774,37.618479184245075,0.23556939591964257,2.4607612542054347,5.064558616978298,5.031280469129382
2024-02-04,0.972192519685762,1.9377842565597665,2.0266997989824893,0.0027139895356486725,0.5553586976539518,0.13755276967930014,0.1683286086309522,0.11404747843780354,0.13002692948615144,0.15823021975028553,0.07392002094761378,8.205151003351277,110.57928145714284,0.5054671985714284,0.1193376685714284,0.11659840710633108,2.485185110523586,5.075651332927937,5.031280469129382,2.6480890758282833,0.0,4.9654145075070995,37.61859226992347,0.23996515536352012,2.485185110523586,5.075651332927937,5.031280469129382
2024-02-05,1.029103108704842,1.9426530612244899,2.059872454218956,0.014711625639952515,0.568444731913684,0.15088183187560728,0.18512206344144788,0.12529171167395517,0.1429113996669095,0.1731577777929936,0.08391534361057307,8.279327817147932,115.17378582857143,0.5266333657142857,0.130901661142857,0.12799812823101062,2.5258621702990838,5.086744048877576,5.031280469129382,2.749123486133471,0.0,5.046687512836443,37.61923685829033,0.26344898843494874,2.5258621702990838,5.086744048877576,5.031280469129382
2024-02-06,1.0098809472010937,1.9426530612244899,2.025536820379172,0.0104695879409703,0.5639456336509856,0.1461831681243925,0.17913791621112715,0.12130228018707469,0.1383315323199707,0.16526763422133323,0.08000421705367934,8.279327817147932,115.56271439999998,0.5284190799999999,0.1268252068571427,0.12396749700096128,2.48375903986908,5.097836764827214,5.031280469129382,2.666166942010802,0.0,4.9625652099289725,37.61929340112953,0.2551398803227038,2.48375903986908,5.097836764827214,5.031280469129382
2024-02-07,0.9795508803745255,1.9416793002915451,2.0306567528035906,0.009792896167467815,0.5631565871977644,0.14545667152575303,0.1781137823432943,0.12064589194606402,0.13756502572521853,0.16068114402544223,0.07844340063101754,8.263370192741066,116.7043919142857,0.5336141614285713,0.1261949148571427,0.1233245288830563,2.490037216752721,5.108929480776853,5.031280469129382,2.634539592017679,0.0,4.975109044368797,37.619474338214964,0.2538078019553569,2.490037216752721,5.108929480776853,5.031280469129382
2024-02-08,1.0764007300801635,1.9708921282798835,2.134084697460106,0.02747124024247066,0.5841595516320366,0.16504400874635558,0.2030132879312438,0.13725799738824088,0.15662960472813398,0.18070748542322776,0.08874776709797091,8.671780834453186,127.80640928571427,0.5849531785714286,0.14318844514285703,0.14012185384350162,2.61686290065592,5.108929480776853,5.031280469129382,2.818532827841298,0.0,5.22850750877726,37.6209670691698,0.2884236850063773,2.61686290065592,5.108929480776853,5.031280469129382
2024-02-09,1.0724272749332506,1.9835510204081632,2.0303528334366403,0.023352343840340413,0.5808241496589684,0.1601407683430514,0.19815322111880454,0.13364871920553925,0.15266781632580165,0.17768071787365494,0.08838431804369186,8.830636471455412,130.23487208571427,0.5962424957142857,0.13893450478571417,0.1362082270325595,2.48966454395435,5.108929480776853,5.031280469129382,2.693267110292311,0.0,4.974364441919768,37.62127240050147,0.2804157629311222,2.48966454395435,5.108929480776853,5.031280469129382
2024-02-10,1.050924747245477,1.9874460641399416,2.0772772356195364,0.02682940852079353,0.5848141712126887,0.163960959669582,0.20313503219144785,0.13693886710398434,0.1564601873790086,0.17778170102389862,0.087228337247482,8.884794881737031,128.78189588571428,0.5897206914285714,0.1422488162857142,0.13951200848959333,2.5472043067172914,5.108929480776853,5.031280469129382,2.776430991019919,0.0,5.089329227267863,37.621012303441155,0.28722714936734667,2.5472043067172914,5.108929480776853,5.031280469129382
2024-02-11,1.0269581410123474,1.973813411078717,2.0645329985877647,0.01993511446091206,0.5764879004196735,0.15660373299319721,0.1925814407191447,0.13021874975704556,0.14859021239650136,0.1695807979433212,0.08094018741881336,8.670452661084253,123.7634897142857,0.5663459428571429,0.13586585299999993,0.13296129892056494,2.5315770351636835,5.108929480776853,5.031280469129382,2.7645924650775138,0.0,5.058105846540023,37.62039033220997,0.2736499652984692,2.5315770351636835,5.108929480776853,5.031280469129382
2024-02-12,0.9342953556379398,1.9533644314868805,2.005222237488114,0.009420546037940744,0.5637382907951906,0.14528869655004847,0.17684043488824092,0.12007950485908638,0.1367758178309037,0.15553104483156238,0.06944752619374549,8.387104315632397,114.59752019999998,0.5239627471428572,0.1260491835714285,0.1229707352190007,2.458848839082214,5.108929480776853,5.031280469129382,2.6330046598155574,0.0,4.9127944818458795,37.619157698315455,0.2530035064362243,2.458848839082214,5.108929480776853,5.031280469129382
2024-02-13,0.8110138466206397,1.9173352769679302,1.9814244105929562,-0.0039407340857886145,0.5467698942922042,0.130968266520894,0.15663589710884346,0.10713414747327492,0.121656574994169,0.1345860420722028,0.055084310466209006,7.878854432211731,101.07350768571428,0.4613242014285714,0.11362510271428562,0.11027532872766702,2.42966740575284,5.108929480776853,5.031280469129382,2.542009067647662,0.0,4.854489805952743,37.61737094459679,0.22673784245663248,2.42966740575284,5.108929480776853,5.031280469129382
2024-02-14,0.771260773833007,1.8988338192419825,1.9871558781678087,-0.0092679148772978,0.5396994548184464,0.1254435702137997,0.14804697521865878,0.10182226676384827,0.11535481486880454,0.12825560203763378,0.04745275035073917,7.609826850049911,92.41618088571427,0.42122122714285704,0.10883200128571417,0.10521363366740678,2.43669546086274,5.108929480776853,5.031280469129382,2.551471078281802,0.0,4.8685319015111315,37.616228779244985,0.21622452224234676,2.43669546086274,5.108929480776853,5.031280469129382
2024-02-15,0.7187645255255675,1.882279883381924,1.965325179033338,-0.013589802061073615,0.5338643017290964,0.12096973153547122,0.14103864249271125,0.09749951676384826,0.11022035773469376,0.12250536154421322,0.04231641854590828,7.360271845340018,85.9069864285714,0.39099903571428557,0.10495060014285704,0.10110713233672405,2.4099261640638034,5.108929480776853,5.031280469129382,2.5202498349849733,0.0,4.815046688631678,37.61539194522486,0.20768551771683655,2.4099261640638034,5.108929480776853,5.031280469129382
2024-02-16,0.8175087505021789,1.89201749271137,2.0725273389712053,-0.0009436910745370715,0.5480153143695794,0.1350357203595723,0.15868323250728852,0.10933448104956257,0.12377151983090369,0.13994990069461236,0.05206504235660426,7.5007790426557985,92.41400725714286,0.4209642942857142,0.11715393357142845,0.1131230109068824,2.5413798760675803,5.108929480776853,5.031280469129382,2.7028398877182616,0.0,5.077691980479453,37.61630793921987,0.23243068168622427,2.5413798760675803,5.108929480776853,5.031280469129382
2024-02-17,0.8221974984659137,1.8959125364431486,2.0455266257711164,-0.008759291664533844,0.5400307857474892,0.12613233843537403,0.14838487001943626,0.10219134596695811,0.11570776032069961,0.13168981119244352,0.05133856795976992,7.557641055341632,97.28919077142857,0.44333493285714276,0.1094295609999999,0.1056969091003871,2.5082709911443826,5.108929480776853,5.031280469129382,2.6356395450483427,0.0,5.011540233139236,37.61702037899376,0.21718431703316307,2.5082709911443826,5.108929480776853,5.031280469129382
2024-02-18,0.7213150097610861,1.8783848396501457,1.9445176849671924,-0.0203928985998589,0.5263052391195823,0.11314302478134097,0.13231413690476176,0.09135158770651107,0.10332567844023312,0.11537233136229552,0.044122081408095086,7.330670127588505,89.75419122857143,0.4087166814285713,0.09816032657142844,0.09464307536315038,2.3844115444509457,5.108929480776853,5.031280469129382,2.4009822635097953,0.0,4.764068328169621,37.61593475648116,0.19444015769387732,2.3844115444509457,5.108929480776853,5.031280469129382
2024-02-19,0.7583479221028647,1.8949387755102038,1.9847829282617993,-0.01735120061248406,0.5308389608805751,0.11619496720116604,0.13747970329203094,0.09445432300777444,0.10705537857288618,0.11777605662499643,0.048290733029508655,7.554317893391304,96.68507039999999,0.44074270857142844,0.10080812271428556,0.09753318709017081,2.433785696043405,5.108929480776853,5.031280469129382,2.4673358714037343,0.0,4.862718174241409,37.616873367611845,0.20044942864285692,2.433785696043405,5.108929480776853,5.031280469129382
2024-02-20,0.9720675131516299,1.9329154518950438,2.0835039222592133,0.0011208507858976116,0.5533668724326698,0.13610949829931948,0.16510296070213776,0.11226705162779381,0.12780095697813393,0.1455960343549266,0.0759364455146586,8.097112785487246,120.6319428,0.5513436028571428,0.11808551899999979,0.1150846641237807,2.5548396106397524,5.108929480776853,5.031280469129382,2.697851269698162,0.0,5.104584609535073,37.62014154371751,0.23674853274489757,2.5548396106397524,5.108929480776853,5.031280469129382
2024-02-21,1.1428104885817907,1.9640758017492712,2.0935853663535218,0.012736747903224896,0.5680118078791867,0.14820781705539338,0.18378917304421746,0.12385039953838663,0.14152871085568494,0.16488878737581197,0.1024761917882719,8.589547415601468,142.31231614285716,0.6518638357142857,0.12858174642857126,0.1261216706306707,2.5672017052964597,5.108929480776853,5.031280469129382,2.7531795818048947,0.0,5.129284147566129,37.622979994245256,0.2597126718061221,2.5672017052964597,5.108929480776853,5.031280469129382
2024-02-22,1.3570755184772787,1.9952361516034987,2.121746402792482,0.024041550688280313,0.5822818136318236,0.1599833199708453,0.20202302204810474,0.13514316654518935,0.1549174684854226,0.187778563842494,0.12862742247957287,9.106564514864505,163.41253354285715,0.7498198371428574,0.13879790614285697,0.13686308652283155,2.60173340480625,5.108929480776853,5.031280469129382,2.890125090921916,0.0,5.19827868684158,37.6257053590946,0.282086203040816,2.60173340480625,5.108929480776853,5.031280469129382
2024-02-23,1.4985410239568717,2.0156851311953354,2.131790234215985,0.027001661425090195,0.5868882126101208,0.16269448372206005,0.20796354925898908,0.13844015002429524,0.15902878257288613,0.19911163696488177,0.1429659419250804,9.463683715412262,174.79709974285717,0.8029257128571429,0.14115005042857123,0.13967567698685615,2.614049377955717,5.108929480776853,5.031280469129382,3.012299509240603,0.0,5.222886073829163,37.62709631293888,0.2880716971377547,2.614049377955717,5.108929480776853,5.031280469129382
2024-02-24,1.5729986060530032,2.028344023323615,2.1101657515278713,0.03289374375586608,0.5940674549570254,0.1689728462099123,0.2170220016399414,0.14419580502915433,0.16577566463702606,0.21084503883868755,0.1530912912873091,9.668834560375684,181.68775379999997,0.8349715528571429,0.14659701557142837,0.14527412111622942,2.5875329484251792,5.108929480776853,5.031280469129382,3.0204313886411347,0.0,5.169906091243285,37.627967072662535,0.2996830304540813,2.5875329484251792,5.108929480776853,5.031280469129382
2024-02-25,1.6579550799888547,2.039055393586006,2.1690840192447958,0.0438483601520908,0.6065396504708864,0.1813473675898929,0.2317499705417879,0.1542896602283769,0.17722800744752168,0.22745472794958238,0.16009173322431475,9.801584429839782,188.2732847142857,0.8650866928571429,0.15733287014285693,0.15568280253139638,2.6597798602477662,5.108929480776853,5.031280469129382,3.2100917773091378,0.0,5.3142558471497505,37.628962226632424,0.32107197247959146,2.6597798602477662,5.108929480776853,5.031280469129382
2024-02-26,1.580885291158228,2.005947521865889,2.0375780435705186,0.03206122110356377,0.5913337846936464,0.168449863945578,0.2147621823372204,0.14311426068999009,0.16432495081924178,0.2141049178879309,0.15135191317430624,9.396113084129249,176.29719017142858,0.8099465485714286,0.14614328799999982,0.1444830881174189,2.4985242599587303,5.108929480776853,5.031280469129382,2.956347946919222,0.0,4.99206620674777,37.627277250024314,0.2979950987602037,2.4985242599587303,5.108929480776853,5.031280469129382
2024-02-27,1.375787232906656,1.9679708454810496,1.9822319429017126,0.021253863005065043,0.5769157748269604,0.157402145286686,0.1968840536929056,0.13221095383867823,0.151308355329446,0.19329568725679405,0.12635666997698672,8.853318192033306,154.38047862857144,0.708532897142857,0.13655853742857132,0.13421432622579618,2.430657620125484,5.108929480776853,5.031280469129382,2.7577834678270627,0.0,4.856468260109196,37.62434833095385,0.2766351013928569,2.430657620125484,5.108929480776853,5.031280469129382
2024-02-28,1.1818586983799448,1.944600583090379,1.9860466067975218,0.016319031927605445,0.5699660610789204,0.15266601068999014,0.18770346999514076,0.12693022181729824,0.14483296367055384,0.17696345531719904,0.10199861160489902,8.466625327514516,134.8581612857143,0.6180475785714286,0.13244957428571416,0.12952542771350833,2.4353352472315195,5.108929480776853,5.031280469129382,2.6330518373521565,0.0,4.865814186653928,37.62178128605425,0.26675212556632627,2.4353352472315195,5.108929480776853,5.031280469129382
2024-02-29,1.0400643580939064,1.9241516034985424,1.9757073582926477,0.014284902007599302,0.5663462717225929,0.15105283284742455,0.18283545250242939,0.12443514310009707,0.14159948229446054,0.1672028041800262,0.08409049279581496,8.105130339219148,119.17005582857142,0.5450970085714285,0.13105001771428557,0.1275926708255812,2.4226570269784675,5.108929480776853,5.031280469129382,2.559870444967473,0.0,4.840483027816987,37.619790978114466,0.26255228181122425,2.4226570269784675,5.108929480776853,5.031280469129382
2024-03-01,0.892263712585754,1.9017551020408165,1.914039568008668,0.007448788739403917,0.5574838153176963,0.14404037657920296,0.17145588496112715,0.11750172716229337,0.1333186632857142,0.1517472664610593,0.06657406962281397,7.718524364323064,105.57255008571428,0.48181559571428567,0.1249661694285713,0.12109724254648935,2.3470385884265026,5.082013634531392,5.031280469129382,2.3619112065015426,0.0,4.6893969416212355,37.618083384370685,0.24897907334693856,2.3470385884265026,5.082013634531392,5.031280469129382
2024-03-02,0.7328237300202576,1.8666997084548105,1.919338809675534,-0.004438681124295183,0.5421617959884969,0.13132295189504362,0.15341049137512133,0.10596444436345957,0.11983131667346929,0.13000310772549678,0.04971536236312081,7.22121421483146,89.1238878,0.40572770999999996,0.11393281971428561,0.10980219741042375,2.353536638356824,5.05509778828593,5.031280469129382,2.261312409433478,0.0,4.702380083705058,37.615878213641956,0.2256044586734692,2.353536638356824,5.05509778828593,5.031280469129382
2024-03-03,0.692324628977181,1.8598833819241984,1.9381477723147236,-0.006201328426085455,0.5397426572588248,0.12945893828960142,0.15069411382410092,0.10424483211856163,0.11781227920408154,0.12291890405101981,0.04721488436526211,7.134692639534243,89.04393951428573,0.40519069571428573,0.11231564371428561,0.10812739351514893,2.3766006135537308,5.028181942040469,5.031280469129382,2.2164268043582,0.0,4.748462042171072,37.61592344791331,0.22214420038775493,2.3766006135537308,5.028181942040469,5.031280469129382
2024-03-04,0.7053698583456031,1.8822798833819243,1.9935038001408836,-0.005258484186308569,0.5426247454479662,0.13028922011661795,0.15257255284256546,0.10527819023323605,0.11910629012536432,0.12347886287812379,0.04828785029848144,7.3902214317481,93.93340654285716,0.42772497285714284,0.11303597742857133,0.10902325010756644,2.444479426291745,5.001266095795008,5.031280469129382,2.2557345582527057,0.0,4.884084310345164,37.61660196198369,0.22400556621428555,2.444479426291745,5.001266095795008,5.031280469129382
2024-03-05,0.8148568023396506,1.907597667638484,2.007927311902447,0.005855899859945188,0.5564396234234175,0.14212962099125342,0.1695070796890182,0.11607326919339146,0.13174238672886276,0.14304079105090559,0.060897003272364844,7.722807244553669,102.24890280000001,0.46623503142857153,0.12330844114285697,0.11958373698167903,2.4621658624818976,4.974350249549547,5.031280469129382,2.346444560525833,0.0,4.9194219141609965,37.61769889306414,0.2458321731428568,2.4621658624818976,4.974350249549547,5.031280469129382
2024-03-06,0.9140692674654244,1.9309679300291545,2.011608880634675,0.010168962338699272,0.5627297415334567,0.14618213799805613,0.1777944460641397,0.1207645422740523,0.13753811804081612,0.15504577809323858,0.07286847075766996,8.10950010907246,111.79893085714286,0.510818742857143,0.12682431314285694,0.12368185339591815,2.466680285289506,4.947434403304085,5.031280469129382,2.464555654520826,0.0,4.928441757554954,37.61885236698379,0.2544954333061221,2.466680285289506,4.947434403304085,5.031280469129382
2024-03-07,0.937999013906542,1.9416793002915451,1.9985284243561163,0.007388871151684187,0.5605650220347604,0.14277512390670533,0.17486914662293468,0.11843732337220585,0.1350519642244896,0.1538123776060988,0.07412429291422289,8.287316594586319,115.20316208571431,0.5267944242857144,0.12386846485714266,0.12104031101560019,2.450640734094677,4.920518557058624,5.031280469129382,2.4568931518571793,0.0,4.896394639672485,37.61923685829033,0.24914741412244865,2.450640734094677,4.920518557058624,5.031280469129382
2024-03-08,0.9048030233661505,1.9377842565597667,2.0005145489139946,0.006410187482915088,0.559229292267986,0.14176057823129234,0.17329007288629716,0.1174611311953351,0.1338936459708453,0.15182127328590975,0.07253874008587805,8.230454581900485,113.57415925714288,0.5192484085714286,0.12298826799999983,0.12011040109032381,2.4530761649272863,4.920518557058624,5.031280469129382,2.481038816629271,0.0,4.9012606448392875,37.61902199550138,0.24721589525510176,2.4530761649272863,4.920518557058624,5.031280469129382
2024-03-09,0.9977903612831656,1.9533644314868803,1.9936673588761271,0.013303252485578315,0.5677976565037783,0.14935814625850322,0.18307110179786182,0.12395384888240993,0.1413610462565596,0.16473638929637732,0.07848905142364491,8.424886739991596,118.82759297142859,0.5434477228571429,0.12957974599999983,0.12665994285351007,2.444679985710425,4.920518557058624,5.031280469129382,2.5287777019372375,0.0,4.884485029246512,37.619757052410954,0.26070163721938744,2.444679985710425,4.920518557058624,5.031280469129382
2024-03-10,1.0704672368490138,1.9689446064139944,2.0235784705663895,0.016504446973632462,0.5724244423529259,0.15264772594752166,0.18828828352769658,0.12715793731778405,0.1451741638775508,0.17182425600291143,0.081990046923868,8.634058271646797,121.1479842857143,0.5544353571428572,0.13243371085714264,0.12970160240314318,2.481357667056803,4.920518557058624,5.031280469129382,2.5921147878615804,0.0,4.957767252887655,37.61998322376775,0.26701094947959153,2.481357667056803,4.920518557058624,5.031280469129382
2024-03-11,1.0870579061892338,1.9679708454810496,2.0168331579502587,0.020316720123961518,0.57638481507969,0.15700374392614172,0.19327866192905713,0.13063349101068977,0.14909097121574325,0.1776072699052141,0.08389625093283515,8.62139704686221,121.31682762857145,0.555182232857143,0.1362128934285712,0.1333238868587673,2.473086412237589,4.920518557058624,5.031280469129382,2.648080378590529,0.0,4.941241236978135,37.620017149471266,0.2744472497448976,2.473086412237589,4.920518557058624,5.031280469129382
2024-03-12,1.0431581424917635,1.966997084548105,2.036166649217546,0.014627342228637387,0.5702798307739255,0.15065404518950426,0.18540038083090363,0.1253256771137025,0.14302496909912524,0.16754438837171995,0.07836593741299544,8.606563884209136,120.28029891428572,0.5504120257142857,0.13070403857142843,0.1279180451733085,2.496793576296134,4.920518557058624,5.031280469129382,2.67851814151533,0.0,4.988608290582988,37.619870138089354,0.26331833185714265,2.496793576296134,4.920518557058624,5.031280469129382
2024-03-13,0.8977608980657618,1.9368104956268222,1.9078474689998643,-0.0057062745022683275,0.5464796717612478,0.1285850048590864,0.15533428510689976,0.10580409305150618,0.1203571305568512,0.13906842031153707,0.05899848331492683,8.126790478879503,107.05728702857142,0.48892513428571427,0.11155743885714274,0.1085977758991561,2.3394456966389305,4.920518557058624,5.031280469129382,2.3892403442975265,0.0,4.674226299049667,37.618196470049085,0.22335337017857126,2.3394456966389305,4.920518557058624,5.031280469129382
2024-03-14,0.8459019919007008,1.9241516034985422,1.9282181507770288,-0.0031596677269174985,0.5482497374215286,0.13179243197278903,0.15775671039844497,0.10786237803692891,0.12250192100291533,0.1389746104325573,0.054883378627165934,7.919125917060681,100.46676985714285,0.4583220071428572,0.11434012999999987,0.11101746981225993,2.364424687148152,4.920518557058624,5.031280469129382,2.3829330895621985,0.0,4.724134469403721,37.617348327461116,0.22822937061734677,2.364424687148152,4.920518557058624,5.031280469129382
2024-03-15,0.8131311911681621,1.9280466472303206,1.9175820738970917,-0.005728637364765485,0.545824978505923,0.1288203887269192,0.1545029853012632,0.10555151482021365,0.11991877290087449,0.13364874041008204,0.05234935632039069,7.975987929746515,99.5004516857143,0.4540095728571429,0.11176165257142844,0.10857652751374079,2.351382489231285,4.920518557058624,5.031280469129382,2.3303184873478364,0.0,4.6980760810478746,37.61716739037568,0.22322806091326508,2.351382489231285,4.920518557058624,5.031280469129382
2024-03-16,0.7449977776417473,1.9163615160349856,1.8650360611092895,-0.012839507122302743,0.5373517511921205,0.12091764577259463,0.14458476251214755,0.09890027526724962,0.11230238267930015,0.12277072792111869,0.04689355667961199,7.826671680262058,94.31601351428571,0.43018971,0.10490541171428558,0.10182003552772667,2.286949380458496,4.920518557058624,5.031280469129382,2.2119952658591897,0.0,4.56933834971776,37.61642102489826,0.20932305312244875,2.286949380458496,4.920518557058624,5.031280469129382
2024-03-17,0.6521142333286344,1.90467638483965,1.8126075578710743,-0.0170404069496264,0.5319839140830123,0.11640659378036917,0.13827295007288615,0.09484349489795907,0.1075708602769678,0.11472560400507989,0.04165154794113165,7.666036171649132,88.53247157142857,0.40355835,0.10099172514285704,0.09782849201966634,2.2226603645519156,4.920518557058624,5.031280469129382,2.116310303239057,0.0,4.440888516784132,37.61560680801381,0.2010744269540814,2.2226603645519156,4.920518557058624,5.031280469129382
2024-03-18,0.614568492091369,1.8910437317784257,1.7552949517366045,-0.024475516538287,0.5229863394031087,0.10802368318756063,0.12823929361030112,0.087983006073858,0.09977934028862963,0.10500942709455277,0.037948362892552386,7.50405710721855,83.28405497142856,0.37952105142857145,0.09371890171428562,0.09076391904001442,2.1523823512604565,4.920518557058624,5.031280469129382,1.973944032977855,0.0,4.30047263175468,37.61482651683287,0.18655782457653042,2.1523823512604565,4.920518557058624,5.031280469129382
2024-03-19,0.5369321956257884,1.872542274052478,1.692888236317242,-0.03347430834212011,0.511986278545579,0.098278044217687,0.11495600826044693,0.07935985228377056,0.08976563380758007,0.09103949123169112,0.029492937786160838,7.253986684289392,76.10857765714286,0.34636700285714284,0.08526380599999993,0.08221359161460182,2.0758578260028204,4.920518557058624,5.031280469129382,1.8156244522303215,0.0,4.147576178977242,37.613853979998666,0.16890643507653041,2.0758578260028204,4.920518557058624,5.031280469129382
2024-03-20,0.5351299775771886,1.867673469387755,1.764891314404924,-0.03023021802902556,0.5150299898551011,0.1020448299319727,0.1190395772594751,0.08227256559766756,0.09301578437317774,0.09386245898971055,0.02973140928833527,7.1921947237318165,73.58443945714285,0.3347994414285714,0.08853178399999992,0.08529600923012577,2.164149628106522,4.920518557058624,5.031280469129382,1.9267256746660362,0.0,4.3239837202920635,37.61348079725995,0.17522586716326513,2.164149628106522,4.920518557058624,5.031280469129382
2024-03-21,0.4591082595038853,1.8452769679300292,1.6939374575030155,-0.04534285474888391,0.497231192947169,0.08537300777453824,0.09759089650145758,0.06803096501457714,0.0766381271020407,0.07474393672437689,0.02079027741246701,6.896455586186692,66.6657761142857,0.3028361371428571,0.07406768857142845,0.07093652686483085,2.077144404740253,4.920518557058624,5.031280469129382,1.7580012424899287,0.0,4.150146770882388,37.61254218612926,0.14564017129591814,2.077144404740253,4.920518557058624,5.031280469129382
2024-03-22,0.4634589239978458,1.8374868804664721,1.7528338101546395,-0.040021188458540004,0.5022681190535551,0.09155453838678315,0.10426507896015536,0.07280002575315828,0.08195576279300279,0.08181217683709725,0.022603709414679242,6.78543516321924,65.03897494285714,0.29523263857142856,0.07943064457142845,0.07599298224496746,2.149364443814341,4.920518557058624,5.031280469129382,1.8737058939620093,0.0,4.294442834878867,37.612349940475994,0.1559977262142855,2.149364443814341,4.920518557058624,5.031280469129382
2024-03-23,0.47028533521248433,1.8462507288629737,1.8328307275895133,-0.03432365838543019,0.5090130668548102,0.09791646987366358,0.11212654215257513,0.07810526700680256,0.08801456098250714,0.08779758830002844,0.025186456247454813,6.8953523686351845,67.7790972,0.30785139714285714,0.08495011228571413,0.08140656983574525,2.247458472439964,4.920518557058624,5.031280469129382,2.014466219430114,0.0,4.490435282594307,37.612734431782535,0.16713276462244872,2.247458472439964,4.920518557058624,5.031280469129382
2024-03-24,0.41714020910844474,1.8258017492711371,1.725133313203969,-0.045081091428003185,0.4959019989079429,0.08572286443148672,0.09778736698250712,0.06822837244897945,0.07683206869679286,0.07681728200165924,0.021811168059018872,6.664992765685172,62.632609971428565,0.2842609442857143,0.07437121628571412,0.07118524493168736,2.1153974682363734,4.920518557058624,5.031280469129382,1.8528017959482563,0.0,4.226576617349724,37.61197675773728,0.1461395872653059,2.1153974682363734,4.920518557058624,5.031280469129382
2024-03-25,0.42679854046184623,1.8189854227405249,1.8113733251587074,-0.03702070439279464,0.5038307170902653,0.09520607871720102,0.10763443756073841,0.07538791496598625,0.08475856773760919,0.08449705554825179,0.023792108218277014,6.59378962696226,63.95954117142857,0.2901549271428571,0.08259863828571413,0.07884393399005928,2.221146920498072,4.920518557058624,5.031280469129382,1.9790549726145912,0.0,4.437864646638833,37.61223685479759,0.16184167040816305,2.221146920498072,4.920518557058624,5.031280469129382
2024-03-26,0.495271009004625,1.8316443148688049,1.8428226281392075,-0.030802096694155384,0.5114348332781321,0.10198746477162277,0.11666898019922234,0.08130484426627779,0.09160340334402316,0.09512590211946433,0.02947452026830632,6.758556488867462,68.70764340000001,0.3120538442857143,0.0884820152857141,0.08475263074765162,2.259710766777981,4.920518557058624,5.031280469129382,2.036682205627834,0.0,4.514915438941059,37.612892751732296,0.17402436169132623,2.259710766777981,4.920518557058624,5.031280469129382
2024-03-27,0.5885155008953492,1.8559883381924198,1.8318125024013567,-0.02231199409173385,0.5223093051169924,0.11108335155490752,0.1295183630952379,0.08953376652089393,0.10121617393294445,0.11012001361926807,0.038638790747396026,7.108825584664154,77.96197542857144,0.3548862285714286,0.09637340071428556,0.09281962004005083,2.246209901695527,4.920518557058624,5.031280469129382,2.0664142907667093,0.0,4.487940630883324,37.614125385626814,0.19071519213520385,2.246209901695527,4.920518557058624,5.031280469129382
2024-03-28,0.5772603190363521,1.8433294460641398,1.8411943747177049,-0.02290508528067717,0.520582645114735,0.11057034863945568,0.1283258558066082,0.08888253620019425,0.10039782445189492,0.11113771392049994,0.03893804491946499,6.974871638939594,77.75181591428573,0.35373524714285715,0.09592833099999987,0.09225608618249091,2.2577141656230846,4.920518557058624,5.031280469129382,2.1786818267449672,0.0,4.510926218058377,37.61415931133034,0.1895498515637753,2.2577141656230846,4.920518557058624,5.031280469129382
2024-03-29,0.5437902345788302,1.8199591836734694,1.7673780307809792,-0.03506430007673121,0.5057596019376922,0.09702135447035945,0.11148763058794932,0.07754570092322632,0.08743792263848384,0.09624815096356747,0.033646392314709284,6.699910119684226,74.45649882857143,0.33833193,0.0841735304285713,0.08070283881233856,2.167198895943313,4.920518557058624,5.031280469129382,2.009270622391918,0.0,4.3300761754133985,37.613774820023785,0.16578976799234674,2.167198895943313,4.920518557058624,5.031280469129382
2024-03-30,0.6209315213950842,1.833591836734694,1.8056466031210332,-0.02813293534634467,0.5141566134618684,0.1045022606899902,0.12181651724975692,0.0842179407191447,0.09520278676967919,0.10598377670069097,0.04021786827056715,6.896736889838867,80.27619840000001,0.3652513085714286,0.09066379528571418,0.08728877159550587,2.2141246844731413,4.920518557058624,5.031280469129382,2.0728311101393646,0.0,4.4238341776465315,37.61455511120472,0.17940265921683657,2.2141246844731413,4.920518557058624,5.031280469129382
2024-03-31,0.7534839286213636,1.8754635568513118,1.9557403618803073,-0.010458898377948528,0.5362404280760099,0.12400731656948483,0.1469144181243925,0.10088145966958202,0.11436616668804654,0.12694273798806474,0.05095284032119093,7.440742817291841,94.02473031428573,0.4286673271428572,0.10758594014285704,0.10408200409859181,2.3981730445895915,4.920518557058624,5.031280469129382,2.3332662703338714,0.0,4.7915638866067525,37.61645495060178,0.21401820230357124,2.3981730445895915,4.920518557058624,5.031280469129382
2024-04-01,0.7781890664445142,1.906623906705539,1.979766764413783,-0.007813033414778871,0.5416122141056878,0.12641163143828948,0.1520397048104955,0.10374813411078707,0.11792779915451883,0.12932720551857285,0.05370407164810583,7.822052564579005,100.87931134285715,0.4604373328571429,0.10967186928571418,0.10659600956195761,2.4276347625340144,4.9226969626640065,5.031280469129382,2.3850448517944893,0.0,4.850428572813769,37.61734832746111,0.2192578423852039,2.4276347625340144,4.9226969626640065,5.031280469129382
2024-04-02,0.7350605849063772,1.9037026239067052,1.9330808519572031,-0.0158120100378158,0.5329078567249046,0.11741907920310968,0.1411570462827987,0.09634099635568501,0.10949920479008735,0.11915863200731085,0.048424287072305575,7.781682090940257,97.32698794285714,0.4441753457142857,0.10187013457142846,0.0989956704624294,2.370387441264949,4.924875368269389,5.031280469129382,2.3229175922138623,0.0,4.736048087295147,37.61681682477265,0.2036284035612243,2.370387441264949,4.924875368269389,5.031280469129382
2024-04-03,0.7532159318601045,1.899807580174927,1.9869445918866007,-0.009536496497584646,0.5392753785601727,0.124525663265306,0.1495382318999027,0.10210702745383855,0.11603075007288617,0.12526568804806876,0.05103269467097132,7.718233212778246,96.75625011428569,0.44143715142857143,0.10803564599999989,0.1049584370983605,2.436436376848235,4.927053773874772,5.031280469129382,2.409307029293707,0.0,4.8680142501221715,37.61677159050129,0.2158750437551018,2.436436376848235,4.927053773874772,5.031280469129382
2024-04-04,0.8083710119199031,1.922204081632653,2.029498860554901,-0.0015403012551490863,0.5496413869010854,0.13334444606413978,0.1608334815354712,0.10962018561710385,0.12466422370845467,0.13357039127228362,0.054562059784680546,7.9706689060714115,100.61577462857142,0.45933524,0.11568662228571418,0.11255613343035338,2.488617383101245,4.929232179480154,5.031280469129382,2.449161520181265,0.0,4.972272208359506,37.617269167486235,0.23150070094897937,2.488617383101245,4.929232179480154,5.031280469129382
2024-04-05,0.7871987779687458,1.9280466472303208,1.994611084194479,-0.0024685143944470156,0.5491666482257869,0.13220396744412036,0.1598219272351796,0.10882823153547119,0.12381291202040802,0.13292040572975805,0.05414541086888702,8.032068005582383,99.48134982857141,0.4543074514285714,0.11469716885714273,0.11167417878193195,2.4458372030303113,4.931410585085537,5.031280469129382,2.4116319379357,0.0,4.886797156276473,37.61704299612944,0.22969500376530588,2.4458372030303113,4.931410585085537,5.031280469129382
2024-04-06,0.747258512684944,1.9114927113702624,1.9695196367120344,-0.004928953253109402,0.5452706006360618,0.1298861831875606,0.15519573675898915,0.1061905833333332,0.12056522432361502,0.128034533130048,0.050892313496123,7.797255683172804,96.56552057142856,0.440525257142857,0.11268631171428557,0.10933635851557011,2.4150695028923024,4.93358899069092,5.031280469129382,2.374036462282313,0.0,4.825323109944484,37.61674897336561,0.2247945858061222,2.4150695028923024,4.93358899069092,5.031280469129382
2024-04-07,0.6727602092164885,1.8968862973760934,1.9269296471371338,-0.008759994422155902,0.5401077971040931,0.12593899659863933,0.1489244667152574,0.10234152137998043,0.11598326310787159,0.11997919768247346,0.0450559556514022,7.574450114271168,90.62577437142853,0.41296280999999985,0.10926182199999988,0.10569624136544001,2.3628446948560864,4.935767396296302,5.031280469129382,2.2514561774795987,0.0,4.720977635485977,37.615979990752514,0.2172186689846936,2.3628446948560864,4.935767396296302,5.031280469129382
2024-04-08,0.6949491767661578,1.8978600583090377,1.9552203049101702,-0.006566167266302617,0.5425072077377276,0.12838464528668597,0.1519700163994168,0.10439033892128267,0.11832622771137014,0.12277942970376547,0.04646715221912705,7.588926348418764,91.42192568571427,0.41662615857142843,0.11138361142857131,0.10778073680729669,2.397535338976032,4.935767396296302,5.031280469129382,2.2755264544309663,0.0,4.790289747029916,37.61609307643091,0.22151042058673445,2.397535338976032,4.935767396296302,5.031280469129382
2024-04-09,0.7026870296241815,1.897860058309038,1.9228537569150268,-0.007818238405627788,0.5411806507183445,0.12696448736637503,0.15030200072886288,0.10324081486880454,0.11702503079300279,0.12275426668194643,0.046806769592285205,7.588926348418764,92.42935328571426,0.4212149785714285,0.11015151457142847,0.10659106396737394,2.357846746123278,4.935767396296302,5.031280469129382,2.2463808934359135,0.0,4.710991704441816,37.61625139638066,0.21906637167857124,2.357846746123278,4.935767396296302,5.031280469129382
2024-04-10,0.6299905698576529,1.8871486880466473,1.9067101503026485,-0.01803003002618669,0.5295397641283145,0.11576920310981524,0.13557439990281814,0.09354760252672487,0.10583563042565584,0.10806806046179311,0.03822952344943964,7.429569657679139,87.58033714285715,0.3987671428571428,0.10043873942857132,0.09688818786364291,2.3380510907413727,4.935767396296302,5.031280469129382,2.1994441731730174,0.0,4.671439868241488,37.61560680801381,0.19904387669387733,2.3380510907413727,4.935767396296302,5.031280469129382
2024-04-11,0.6342984789502876,1.9007813411078716,1.8844356807659224,-0.01789457731707882,0.53074365994334,0.11561236637512139,0.13663700194363446,0.09391937803692894,0.1064280486297375,0.10779458473883714,0.040193287038486784,7.6216602103087325,92.62380214285713,0.42212210714285714,0.1003026714285713,0.09701689014265755,2.3107376326430034,4.935767396296302,5.031280469129382,2.1307751521219673,0.0,4.61686741787651,37.61627401351634,0.19937093862244876,2.3107376326430034,4.935767396296302,5.031280469129382
2024-04-12,0.6766342258885628,1.912466472303207,1.9625664673437397,-0.01270434332139866,0.5372087596442847,0.12143695821185609,0.14371102162293478,0.0987271491739552,0.11190222495043721,0.11244407793801617,0.04170478622135259,7.758774750916387,94.60207182857143,0.4312824942857142,0.10535595542857135,0.10194846329658577,2.4065433694246274,4.935767396296302,5.031280469129382,2.245594042377691,0.0,4.808287844992162,37.61653411057665,0.20950638431632637,2.4065433694246274,4.935767396296302,5.031280469129382
2024-04-13,0.6628042369654572,1.9056501457725947,1.8863970043492426,-0.022834651052445115,0.5259224380453302,0.1099690767735665,0.13016086370262384,0.0894123338192419,0.1013472542798833,0.10347891681673912,0.036752148062882815,7.675357249366934,90.29837597142857,0.4115853585714286,0.09540668114285708,0.09232301024590618,2.3131426519599403,4.935767396296302,5.031280469129382,2.1246187374793313,0.0,4.621672660655643,37.6158895222098,0.18973181635714273,2.3131426519599403,4.935767396296302,5.031280469129382
2024-04-14,0.7324703582989527,1.9114927113702624,1.943190495827473,-0.018814621299494044,0.5306333896545444,0.11435728620019428,0.13600799987852275,0.09324152356656941,0.10577706341982497,0.11070721590027598,0.041990563319453895,7.759628236526128,95.25831377142858,0.43438256857142854,0.09921379228571421,0.0961426975324807,2.382784115124444,4.935767396296302,5.031280469129382,2.2285480537988245,0.0,4.760816714777309,37.6166019619837,0.1976156294387754,2.382784115124444,4.935767396296302,5.031280469129382
2024-04-15,0.7572265484160178,1.9163615160349854,1.8940110872621385,-0.019031020490014757,0.5307690474157252,0.11400524052478124,0.1360344922254615,0.09313255782312915,0.10571427138192406,0.11478588919081359,0.04495645499115554,7.8347139401065595,97.96412725714286,0.4469028657142857,0.09890836542857133,0.09593708282620887,2.3224792125570852,4.935767396296302,5.031280469129382,2.2464154700868604,0.0,4.6403271637922385,37.61696383615457,0.19722043186224472,2.3224792125570852,4.935767396296302,5.031280469129382
2024-04-16,0.7585435883862844,1.920256559766764,1.9346957409097514,-0.01716951886097353,0.5330445853356666,0.11604926870748289,0.13870489674441194,0.09489491788143821,0.10774627226239056,0.11551160115938468,0.04527958029021717,7.888872350388177,98.37444162857143,0.4488646757142857,0.1006817179999999,0.09770581453799954,2.3723676546058874,4.935767396296302,5.031280469129382,2.2971729114696973,0.0,4.740004565228891,37.61699776185809,0.20086724416836718,2.3723676546058874,4.935767396296302,5.031280469129382
2024-04-17,0.7502700182784601,1.9192827988338195,1.939489471415529,-0.020570953424141874,0.5293643847982946,0.11221603984450913,0.13410349611273067,0.09175250631681234,0.10417559086880455,0.11079586353196902,0.043544693612586095,7.875416191110302,98.03667959999999,0.4473023628571428,0.09735609542857133,0.09447389409076613,2.378245835322539,4.935767396296302,5.031280469129382,2.274765175571583,0.0,4.751749204968045,37.61695252758672,0.194222892887755,2.378245835322539,4.935767396296302,5.031280469129382
2024-04-18,0.6710200692238061,1.894938775510204,1.8587814306271866,-0.03443616618109676,0.5127442977833481,0.096771098153547,0.11483461309523793,0.07879950121477151,0.08935822589212813,0.09539422191176192,0.036141635857621084,7.553770112233793,87.47808711428571,0.39873808714285713,0.08395641371428557,0.08129966898596112,2.2792798111647348,4.935767396296302,5.031280469129382,2.1254471998044844,0.0,4.554014505036608,37.61544848806405,0.16710235483163244,2.2792798111647348,4.935767396296302,5.031280469129382
2024-04-19,0.6705423848169482,1.8959125364431486,1.8791493663555374,-0.032122549556408315,0.5152732594919446,0.0993954737609328,0.11791573858114658,0.08092324878522825,0.0917620134577258,0.09711937208543386,0.03770960028367803,7.566126671577465,90.69193877142857,0.4133655328571429,0.08623326257142842,0.08349798406082905,2.3042554344068207,4.935767396296302,5.031280469129382,2.115488700968115,0.0,4.603915947571067,37.61595737361683,0.17161821414795897,2.3042554344068207,4.935767396296302,5.031280469129382
2024-04-20,0.6053219225335523,1.9007813411078718,1.9118482432790447,-0.03170118741662906,0.5161194148382776,0.0998116448007773,0.11864171282798815,0.08135497959183659,0.09228334841982491,0.092722637380132,0.03600224369832606,7.624980626861681,88.92909668571427,0.4054535371428572,0.08659432314285698,0.08389834716937995,2.344351536504399,4.935767396296302,5.031280469129382,2.1033979856520224,0.0,4.684028196033659,37.61564073371733,0.17244798873979567,2.344351536504399,4.935767396296302,5.031280469129382
2024-04-21,0.4858026052213584,1.8715685131195336,1.7834227016291133,-0.046750212580850714,0.4978040047109403,0.08313003644314852,0.09752149295432441,0.06724143974732737,0.07609743416326516,0.07476867604229531,0.026108994302421275,7.258968622192867,75.70950094285713,0.34480591,0.0721217374285713,0.06959930621006374,2.1868732340544894,4.935767396296302,5.031280469129382,1.8783851456812108,0.0,4.369385618991328,37.61370696861675,0.14300822159693857,2.1868732340544894,4.935767396296302,5.031280469129382
2024-04-22,0.4342132911590779,1.8511195335276969,1.7784750760427792,-0.05170812458356109,0.4909584356963392,0.077931375121477,0.08970798226433414,0.06235045238095227,0.07032611494460629,0.06538351669718169,0.020313468642002945,6.972148404558184,70.00430785714285,0.3182235357142857,0.06761149657142844,0.0648884770350294,2.180806343710998,4.935767396296302,5.031280469129382,1.7865157310484585,0.0,4.357263936304809,37.61300583741069,0.1332439142448978,2.180806343710998,4.935767396296302,5.031280469129382
2024-04-23,0.4437566703931661,1.8472244897959182,1.7896521600547313,-0.05235127210368599,0.48997373193470956,0.07726926141885311,0.08866067541302217,0.06170666083576277,0.06956027104373165,0.06561404023640259,0.020502676706245542,6.917989994276567,70.09770728571428,0.3185561357142857,0.0670370617142856,0.06427738145689105,2.194511936803532,4.935767396296302,5.031280469129382,1.8041980165921505,0.0,4.384647792134092,37.613051071682044,0.13197533504081613,2.194511936803532,4.935767396296302,5.031280469129382
2024-04-24,0.376314283896982,1.8296967930029153,1.7072738985726315,-0.05933350816297474,0.4811528440883682,0.06948124878522824,0.07900390306122436,0.05519896647230311,0.06212380220991241,0.0578223799254793,0.017148890237829673,6.7018107905053395,63.52396842857142,0.2883989357142857,0.06028035828571417,0.05764311257170455,2.0934978502728496,4.935767396296302,5.031280469129382,1.6643292404173309,0.0,4.1828210515029465,37.612089843415674,0.11832843691836717,2.0934978502728496,4.935767396296302,5.031280469129382
2024-04-25,0.4093207985045534,1.8277492711370262,1.7274266108614758,-0.0533350576920235,0.487335114059476,0.07643807823129244,0.08658505102040806,0.060594122448979534,0.0681496410612244,0.06418555116478329,0.018972776820838144,6.680063744825223,66.1043538,0.3000474099999999,0.06631594599999993,0.06334262387164444,2.118209561667919,4.935767396296302,5.031280469129382,1.6907244739246579,0.0,4.232195196610615,37.612530877561426,0.13001851253571414,2.118209561667919,4.935767396296302,5.031280469129382
2024-04-26,0.4240590941065973,1.8267755102040815,1.7353112704795055,-0.053501580816797255,0.48707999356453197,0.07626669096209905,0.08631560556365393,0.06042813726919334,0.0679523766734693,0.06508871782519873,0.01979457326199577,6.667707185481551,67.39200797142857,0.30587518714285705,0.06616725428571421,0.06318439960423647,2.1278779095377485,4.935767396296302,5.031280469129382,1.7641785456138233,0.0,4.251512612674789,37.61274574035038,0.1296909317908162,2.1278779095377485,4.935767396296302,5.031280469129382
2024-04-27,0.5051209174809494,1.8452769679300292,1.7853641589073275,-0.04883324354626529,0.49346356099718036,0.08124516277939743,0.09343552235179782,0.06496690573372203,0.07326514149271132,0.07261434519854547,0.025982309433441958,6.927083054156368,79.15902582857143,0.36000936571428566,0.07048646371428566,0.06762008531243373,2.189253892858994,4.935767396296302,5.031280469129382,1.8572265601672007,0.0,4.374142189322952,37.614419408390646,0.13886803357653052,2.189253892858994,4.935767396296302,5.031280469129382
2024-04-28,0.6670270634475052,1.8832536443148686,1.9233417691998604,-0.035478515099227996,0.5106345393323138,0.09581114917395525,0.11287872813411072,0.07769112682215738,0.08798960202332355,0.08964748395614934,0.037512963520923336,7.431629640567622,96.73139957142858,0.4408860928571428,0.08312358371428565,0.08030926663686458,2.358445157819292,4.935767396296302,5.031280469129382,2.0884471630460832,0.0,4.712187334539657,37.616907293315364,0.16505367479081623,2.358445157819292,4.935767396296302,5.031280469129382
2024-04-29,0.7094129347744002,1.9027288629737609,1.9450223375457678,-0.03242117538296903,0.5153928102919164,0.0989052623906705,0.11801060920796883,0.0807947101554907,0.09170880968221566,0.09479170205550423,0.04123362685464765,7.7030647342709315,102.1439736,0.46609823428571423,0.08580796628571422,0.0832142405705428,2.385030360851329,4.935767396296302,5.031280469129382,2.1665207574549163,0.0,4.765304726987131,37.61757449881791,0.17109567653571417,2.385030360851329,4.935767396296302,5.031280469129382
2024-04-30,0.7037580031006384,1.9046763848396502,1.9536993763718125,-0.030064642009549315,0.5180421587743917,0.10153968172983473,0.1212582337220602,0.08298846841593774,0.09421313594169087,0.09635559083570548,0.04208298371574014,7.729814170079189,102.96823217142858,0.4699025914285714,0.08809352885714276,0.08545333359223799,2.395670342019111,4.935767396296302,5.031280469129382,2.184853927673046,0.0,4.786563472110941,37.6176875844963,0.17570289231122435,2.395670342019111,4.935767396296302,5.031280469129382
2024-05-01,0.789294049178185,1.9290204081632651,2.03320235588682,-0.021809167764336227,0.5287366514783973,0.110650247813411,0.13295930636540323,0.09076305199222537,0.10315121459475209,0.10660195455689539,0.04739468594358349,8.043720520287488,112.84415717142858,0.5153045557142857,0.09599764971428561,0.09329738748162408,2.493158692801084,4.935767396296302,5.031280469129382,2.3438048458845677,0.0,4.981345771922709,37.61910115547625,0.19186091932653046,2.493158692801084,4.935767396296302,5.031280469129382
2024-05-02,0.8925357638351565,1.9601807580174928,2.0782840503148603,-0.014603458743330171,0.5388349486325409,0.11829623177842559,0.14404258624878513,0.09779311321671517,0.11139825055976667,0.11831560184382127,0.05546194614842546,8.46405067437634,123.64688905714286,0.5653047328571429,0.10263113228571419,0.10014399231535376,2.5484388856574647,4.994139673015878,5.031280469129382,2.4704134450463235,0.0,5.091795923271408,37.62053734359189,0.20602627403571414,2.5484388856574647,4.994139673015878,5.031280469129382
2024-05-03,0.9204720526146442,1.9786822157434403,2.07112301899042,-0.012105409281202444,0.5429153408776328,0.12075166666666656,0.14844871294946538,0.10038948517978609,0.11454668012536429,0.12180854925743513,0.057932428622170996,8.726604680060964,127.2558828857143,0.5823006985714286,0.10476141199999989,0.10251754882068036,2.5396578671600887,5.045805283068788,5.031280469129382,2.456573225281006,0.0,5.074251396526528,37.62092183489843,0.2109808082602039,2.5396578671600887,5.045805283068788,5.031280469129382
2024-05-04,0.9146637778251643,1.9757609329446066,2.0286531329765096,-0.013108941901177383,0.5416329778326338,0.11967969144800765,0.14691725340136044,0.09941283430515051,0.11340367841982493,0.12176995258567236,0.0562749121437676,8.68155771210716,122.93840982857144,0.5624607371428573,0.10383139057142847,0.1015640283181599,2.4875803328255053,5.0835661312169345,5.031280469129382,2.4371759543003044,0.0,4.970200175792448,37.620299863667256,0.2090055488724488,2.4875803328255053,5.0835661312169345,5.031280469129382
2024-05-05,0.8023855177659714,1.9660233236151605,1.9407821089939687,-0.023844111047916585,0.5295286976317868,0.10783838921282785,0.13163201287657905,0.08927716375121465,0.10174111964431473,0.10757795101888515,0.046743324582043264,8.528546896217124,114.01352125714287,0.5213180228571429,0.09355814485714274,0.0913638577649631,2.3798308967435027,5.114128884126987,5.031280469129382,2.2799064226984194,0.0,4.7549161670352245,37.6190559212049,0.1879675759132651,2.3798308967435027,5.114128884126987,5.031280469129382
2024-05-06,0.7358852015177785,1.947521865889213,1.9215570264835762,-0.030476038688857073,0.5210645756139165,0.10063819241982494,0.12187912961613201,0.08293066059280843,0.09437886786297363,0.09861893832310017,0.04078561455840292,8.269171027542306,104.58478260000001,0.47788642714285723,0.08731141714285702,0.08506243930481701,2.3562566659534263,5.089718303703706,5.031280469129382,2.215581611388093,0.0,4.707814714884761,37.61773281876766,0.17495570664795898,2.3562566659534263,5.089718303703706,5.031280469129382
2024-05-07,0.6680393288936184,1.9309679300291545,1.866610490550887,-0.03896596024417202,0.5107329657417191,0.09117120262390654,0.11012560860058293,0.07501404810495614,0.08533041517784243,0.08855596759016862,0.03601576454500258,8.06128271017332,96.91408774285715,0.44272345571428584,0.07909807114285702,0.07699562203684891,2.2888799814324505,5.030290580423282,5.031280469129382,2.0903300741176616,0.0,4.573195701849673,37.6166019619837,0.15835961282142838,2.2888799814324505,5.030290580423282,5.031280469129382
2024-05-08,0.7031775584094936,1.9280466472303206,1.8826999482488609,-0.03659935194220434,0.5130185257506777,0.09389060738581133,0.11317604105928071,0.07715779251700669,0.08773725335860047,0.09300310401452662,0.037471933334074885,8.018377577956768,95.92987062857144,0.438147582857143,0.08145736514285705,0.07924428789229229,2.308609238191383,5.053491428571428,5.031280469129382,2.132689044690585,0.0,4.612614873209709,37.616477567737455,0.1629708776326529,2.308609238191383,5.053491428571428,5.031280469129382
2024-05-09,0.7363334959834039,1.9358367346938776,1.9099381393259403,-0.034307982700856214,0.5160093825367185,0.09626762390670539,0.1169047922740523,0.07945658163265293,0.09046828941690947,0.09613168113745038,0.0399960105901497,8.151649627714914,98.15696640000002,0.4486444800000001,0.08351961085714274,0.0814214643058749,2.34200932385594,5.07868,5.031280469129382,2.1681770759370758,0.0,4.679348441348553,37.61671504766209,0.1675102285102039,2.34200932385594,5.07868,5.031280469129382
2024-05-10,0.6822866452344816,1.925125364431487,1.8721003117559345,-0.04191118726729611,0.5071385889385136,0.08788934888240997,0.10606375364431472,0.07227471428571416,0.08220112376676372,0.08652388309921857,0.03492269736058321,7.992292936975289,93.89405442857144,0.42887135000000015,0.07625080914285702,0.07419717354077889,2.295611724300866,5.038865238095239,5.031280469129382,2.078121815161517,0.0,4.586645763802038,37.616160927837946,0.1526124223469386,2.295611724300866,5.038865238095239,5.031280469129382
2024-05-11,0.6099772696556498,1.9134402332361515,1.9238778643538479,-0.04384320368589634,0.5041859056686218,0.08590172011661792,0.10291048833819226,0.07033836443148675,0.07989660724198237,0.08002695923240173,0.030900337587683645,7.827696771783358,87.71326482857145,0.40041148714285724,0.0745263874285713,0.07236144121910562,2.3591025298164583,4.993219523809524,5.031280469129382,2.043072830116283,0.0,4.713500767666927,37.6152901681143,0.14879976097959163,2.3591025298164583,4.993219523809524,5.031280469129382
2024-05-12,0.5720714354052882,1.899807580174927,1.8930747147834932,-0.04532060969421102,0.5015536158165989,0.08436374149659849,0.10055601068999011,0.06887424101068984,0.0781638736093293,0.07775220541747374,0.02947457889483207,7.642497716905195,82.69493374285716,0.3772878700000001,0.07319207199999986,0.0709576633135004,2.3213310114554706,4.938246190476191,5.031280469129382,1.989192213502609,0.0,4.6380330512195584,37.614589036908235,0.14589052634693853,2.3213310114554706,4.938246190476191,5.031280469129382
2024-05-13,0.5827249295103586,1.901755102040816,1.8456801259018807,-0.04483054826456616,0.5022297693894195,0.0848987633624877,0.1012653158406218,0.06933966861030112,0.0787018462040815,0.07895997489732264,0.030172630972443184,7.6670612631704325,84.38340780000001,0.3849944242857144,0.07365624485714271,0.07142330200960231,2.2632146951331893,4.946590952380952,5.031280469129382,1.9227746323885133,0.0,4.521916308459607,37.61484913396855,0.1468500210153059,2.2632146951331893,4.946590952380952,5.031280469129382
2024-05-14,0.6713543362795393,1.920256559766764,1.901877662324555,-0.03778505771927311,0.5111817610238478,0.09269707725947508,0.11118086977648187,0.07595437414965973,0.08629339472886285,0.08855944437748256,0.03488305677620392,7.902358555012779,92.45137088571428,0.4220192985714286,0.0804218854285713,0.07811767302608076,2.3321253847359884,5.0254771428571425,5.031280469129382,2.048389865798108,0.0,4.659600272695159,37.61602522502387,0.16063275886224465,2.3321253847359884,5.0254771428571425,5.031280469129382
2024-05-15,0.637405884420861,1.925125364431487,1.892603678721614,-0.039073562004894744,0.510185731262551,0.0911530466472302,0.1097048712342078,0.07483958697764807,0.0850779668221573,0.08476606686680084,0.034169348997891445,7.974750461577658,94.74984925714286,0.4326603371428571,0.07908231942857127,0.07689338272452947,2.3207534163878196,5.043574761904762,5.031280469129382,2.0276061827057914,0.0,4.636879012867953,37.61633055635554,0.158137128153061,2.3207534163878196,5.043574761904762,5.031280469129382
2024-05-16,0.5085543197102486,1.9066239067055393,1.8653774643602519,-0.04829809315805137,0.4990409151101866,0.08117511418853243,0.09597159863945563,0.06595754616132155,0.07474683463556839,0.06964892153462955,0.024278186695190027,7.6781925952531225,85.81962162857141,0.3912075328571429,0.07042569114285702,0.06812856591080883,2.2873680168428296,4.979472380952381,5.031280469129382,1.9497467735211969,0.0,4.570174787682617,37.6151770824359,0.14000114820918344,2.2873680168428296,4.979472380952381,5.031280469129382
2024-05-17,0.47210250550666444,1.885201166180758,1.7981406964706252,-0.05325298975128239,0.492045608073236,0.07567256559766751,0.08905429725461597,0.06132183551992211,0.06943693360058296,0.06524701776366512,0.022014037231562315,7.416913897493939,77.13641288571428,0.3514311985714285,0.06565180457142843,0.06342060186910933,2.204920772054568,4.884977142857143,5.031280469129382,1.8580578160573473,0.0,4.405444706353031,37.613887905702185,0.13031386036224465,2.204920772054568,4.884977142857143,5.031280469129382
2024-05-18,0.46200212726671885,1.8696209912536443,1.6712705358937772,-0.05970475540797891,0.48392797671536,0.06844210884353727,0.08023078899416893,0.05533680539358586,0.06261664312827973,0.060759374304475824,0.02049640250249853,7.231726351495204,74.0109155142857,0.33701332428571434,0.059378823999999844,0.05729036682874653,2.049349713038519,4.814942857142857,5.031280469129382,1.7193227076508193,0.0,4.094612812939753,37.613458180124276,0.11771191648469362,2.049349713038519,4.814942857142857,5.031280469129382
2024-05-19,0.4688534385480014,1.8598833819241982,1.750164889427997,-0.05908734353280614,0.4837736682997482,0.06925243197278899,0.08076234633138955,0.055824632410106774,0.06311100845772583,0.06148887999587416,0.020578730555370756,7.117495290312666,73.23328774285713,0.33334445571428567,0.06008184199999987,0.057877009325222155,2.14609175288382,4.770761904761905,5.031280469129382,1.843121698852098,0.0,4.287903979098592,37.613379020149395,0.11890527110204059,2.14609175288382,4.770761904761905,5.031280469129382
2024-05-20,0.43457908324356,1.8433294460641398,1.7520995362197598,-0.06082924641680765,0.48054387405554316,0.06744868075801738,0.07799310374149647,0.05410434062196296,0.061074185475218555,0.058426509795699584,0.019207095804938783,6.926595028404373,69.74656739999999,0.31728193,0.05851694828571419,0.056221916027570894,2.1484640605158747,4.694609999999999,5.031280469129382,1.8112099745220358,0.0,4.2926438637384114,37.612892751732296,0.11548952138265288,2.1484640605158747,4.694609999999999,5.031280469129382
2024-05-21,0.43581829124851595,1.8394344023323614,1.7741929456300052,-0.05865186977162849,0.4825474163401227,0.06998716958211842,0.08069926627793958,0.056048933916423585,0.06323745998833807,0.06024475759054593,0.019515313255434884,6.872436618122755,68.66895882857143,0.3122712157142858,0.06071928371428559,0.0582907807874821,2.1755554985939805,4.679230952380952,5.031280469129382,1.8152963464390106,0.0,4.346772716793511,37.61275704891822,0.11972633952551,2.1755554985939805,4.679230952380952,5.031280469129382
2024-05-22,0.46030073562035273,1.8443032069970846,1.766022687372622,-0.05639799621097733,0.48529807953788656,0.07241157191447993,0.08409225826044686,0.05822951263362476,0.06578082099708443,0.0640884647651204,0.021455799695145043,6.9493736476549826,69.4471968,0.3159849028571428,0.06282264028571417,0.060432330157569644,2.165536943216132,4.696304761904762,5.031280469129382,1.7910583926108938,0.0,4.326755584062925,37.61282490032526,0.12415983035204059,2.165536943216132,4.696304761904762,5.031280469129382
2024-05-23,0.546003302843886,1.8540408163265305,1.7654530422679149,-0.05018898719715625,0.4926126569729745,0.07922418367346926,0.09303396197764803,0.0641199113216714,0.072577801355685,0.07575816226291858,0.027557609925754085,7.096895002042536,73.95530117142857,0.33685507,0.06873310799999986,0.0663319065910298,2.1648384315109395,4.731885714285714,5.031280469129382,1.8497572719421205,0.0,4.325359953556392,37.61342425442076,0.13633424863775487,2.1648384315109395,4.731885714285714,5.031280469129382
2024-05-24,0.6185859013631619,1.8783848396501457,1.8599161727328242,-0.04189990611390216,0.5033665646893187,0.08845360058309024,0.1045492249757044,0.07186053547133128,0.08143265706122436,0.08460863344152851,0.031837901429534826,7.399539554744363,84.11036554285715,0.3834202371428571,0.07674034114285701,0.07420789248587255,2.280671257587451,4.837730952380952,5.031280469129382,1.9856633631956444,0.0,4.55679462319542,37.614916985375594,0.15254101123469363,2.280671257587451,4.837730952380952,5.031280469129382
2024-05-25,0.6023277931083789,1.882279883381924,1.9053672380223676,-0.04063363513083418,0.5050369379113948,0.08988715014577245,0.10623990160349837,0.07302367201166168,0.08275021656559753,0.08476383551357274,0.03195552864206293,7.4425103497115925,84.89399914285715,0.38701861428571427,0.07798405628571416,0.07541105750519418,2.336404381344466,4.8562223809523815,5.031280469129382,2.0186794549361897,0.0,4.6681497331548005,37.61503007105399,0.15501142584183647,2.336404381344466,4.8562223809523815,5.031280469129382
2024-05-26,0.6591148111884358,1.899807580174927,1.9427244108794934,-0.034653599997571304,0.512799722327643,0.09647892857142844,0.1147214067055392,0.0786549912536442,0.08922629566180744,0.09161296938948363,0.03525314430022587,7.658689553482821,90.76000577142858,0.4139912542857143,0.08370293399999987,0.08109307121542231,2.3822125912245853,4.932799523809523,5.031280469129382,2.08754185995268,0.0,4.7596748066547585,37.61586690507412,0.166709642280612,2.3822125912245853,4.932799523809523,5.031280469129382
2024-05-27,0.6429699157860851,1.9037026239067056,1.8824716455100319,-0.038521388536287296,0.5090447211527424,0.09194804664723019,0.1099475674198249,0.07520666545189493,0.08539837465014563,0.08851130714988183,0.03462286959863038,7.700118715439786,90.59613274285714,0.41330142,0.07977204342857128,0.07741803803994725,2.308329288211858,4.951782380952381,5.031280469129382,2.029462084762118,0.0,4.612055531499578,37.61582167080276,0.15917442258673442,2.308329288211858,4.951782380952381,5.031280469129382
2024-05-28,0.5832917589154599,1.8764373177842566,1.746562411472873,-0.04901438131582729,0.49564701553937757,0.08023551020408148,0.09547497752672482,0.06543978692905723,0.07424429285422728,0.07699835109171667,0.029839122561071657,7.386647360245191,84.90720008571428,0.38698823857142856,0.06961051199999986,0.06744797473663353,2.1416743129750784,4.825782380952382,5.031280469129382,1.8495708468034782,0.0,4.279077908108539,37.6150639967575,0.13867473552550996,2.1416743129750784,4.825782380952382,5.031280469129382
2024-05-29,0.49700742499966716,1.835539358600583,1.593255356991925,-0.06092008621501995,0.4797290208279949,0.06722540087463544,0.07822990828474231,0.05412323153547121,0.0611642498046646,0.06263741279987971,0.02232059584140769,6.865184084790206,75.62015357142857,0.34376610714285716,0.05832323571428557,0.05613560332749897,1.9536857370026723,4.650542380952381,5.031280469129382,1.6079993489734352,0.0,3.9034756246302167,37.613910522837855,0.11534421006122428,1.9536857370026723,4.650542380952381,5.031280469129382
2024-05-30,0.3912891192681646,1.7936676384839652,1.5449363725692675,-0.06960035716272696,0.4671193024805916,0.05794563654033031,0.06511026239067043,0.04572375510204072,0.051350949411078615,0.04869353019172412,0.01479519243090443,6.340695075657711,66.21765557142858,0.3000678642857143,0.050272322285714155,0.04788792293194,1.8944359059704214,4.468488571428571,5.031280469129382,1.47122348169099,0.0,3.785094112794706,37.6127231232147,0.0983109361224488,1.8944359059704214,4.468488571428571,5.031280469129382
2024-05-31,0.3501437355878032,1.7761399416909622,1.5513008957335808,-0.07184743460818567,0.46333581659162154,0.0556445918367346,0.06143578109815343,0.043472475704567436,0.04866888026239058,0.04547225605821116,0.0122944491401452,6.113724147904582,60.23307008571429,0.27246259571428577,0.04827598799999989,0.0457528309854025,1.902240228155421,4.39486,5.031280469129382,1.4864694962357743,0.0,3.8006871945472724,37.6118975977624,0.09388559106122434,1.902240228155421,4.39486,5.031280469129382
2024-06-01,0.34370751025598845,1.7654285714285716,1.5270377331543705,-0.07312410586269365,0.4610599748809941,0.05425211856171031,0.059598677721088324,0.042264718901846354,0.047274021892128204,0.04469748147005766,0.011809046625880086,6.00041210672223,57.056898342857146,0.25799305428571423,0.04706790971428561,0.04453978400325033,1.8724881896905534,4.342431904761905,5.031280469129382,1.4719903487025932,0.0,3.7412424462282083,37.61140002077746,0.09139265854591824,1.8724881896905534,4.342431904761905,5.031280469129382
2024-06-02,0.3305516508537991,1.7634810495626823,1.5069695572007498,-0.07295012231238963,0.46109108057816706,0.05448518464528662,0.05973044764334295,0.042396581389698644,0.04740374421865882,0.04430525177562361,0.011744682171065344,5.973986464762449,57.17293148571428,0.2584741114285714,0.047270112571428484,0.044705096897932624,1.8478801386608232,4.334578571428572,5.031280469129382,1.4171009737673057,0.0,3.6920754151418373,37.61143394648098,0.09172578166836724,1.8478801386608232,4.334578571428572,5.031280469129382
2024-06-03,0.3588468187194263,1.7683498542274054,1.5698817764171422,-0.06828690050064883,0.4664358248171729,0.059833085519922176,0.06578080114188524,0.0466329910106899,0.05216734487755094,0.04878982249381616,0.012984466069918672,6.028693247504618,59.148270000000004,0.2674857857142857,0.05190983028571421,0.049135922081678475,1.9250245241021544,4.357385714285714,5.031280469129382,1.5150138077368849,0.0,3.8462103522219984,37.611739277812646,0.10081879914795908,1.9250245241021544,4.357385714285714,5.031280469129382
2024-06-04,0.3904410467913963,1.7956151603498542,1.6989671217174596,-0.06023969796733441,0.47724223979443386,0.0687714917395529,0.07699509657434396,0.05415439431486873,0.06077967434693871,0.05608157584595016,0.016184702413713514,6.342164602699214,64.62132531428571,0.29281564857142856,0.05966458914285709,0.05678208370185723,2.0833118927041565,4.483385714285714,5.031280469129382,1.655627559811021,0.0,4.1624694482077755,37.61246302615439,0.11654429184183665,2.0833118927041565,4.483385714285714,5.031280469129382
2024-06-05,0.43357171019486146,1.8267755102040817,1.8325928852038136,-0.05406955520276757,0.48635006572818545,0.07552229591836727,0.0858786011904761,0.060000522108843456,0.06752852369387748,0.06324126375174005,0.019663331209331114,6.714298942057092,70.9049813142857,0.3220177057142856,0.06552143399999992,0.06264473082700957,2.2471668247297862,4.623454285714286,5.031280469129382,1.8750289517706982,0.0,4.489852568749344,37.61325462590316,0.1286192337857142,2.2471668247297862,4.623454285714286,5.031280469129382
2024-06-06,0.4687911729847704,1.8589096209912537,1.902884797880208,-0.04915032514066991,0.49423945531725594,0.08075301992225455,0.09335457908163255,0.06476738556851303,0.07310770687172004,0.06829712780817437,0.02237884816288494,7.091266596802034,76.89514679999999,0.34984483142857137,0.07005949171428563,0.06731880581716007,2.3333603571223493,4.769927142857143,5.031280469129382,1.9858305810780947,0.0,4.662067754806508,37.61401229994841,0.13825907843877536,2.3333603571223493,4.769927142857143,5.031280469129382
2024-06-07,0.5113775143576579,1.8813061224489795,1.8957881870191133,-0.04421456030082214,0.5012420589957255,0.0859936588921282,0.1009295074101068,0.06957719655004851,0.07874751936734685,0.07376900277810321,0.0260668610451673,7.390629431120042,83.98154468571428,0.3826185657142857,0.07460615142857134,0.07200859155679247,2.3246583324534633,4.861653333333334,5.031280469129382,1.9581895373576705,0.0,4.644681058196828,37.61496221964695,0.14795778809693866,2.3246583324534633,4.861653333333334,5.031280469129382
2024-06-08,0.6202966148165927,1.9153877551020406,1.9516582620767884,-0.03733294854132722,0.5113144439347452,0.09347289115646253,0.11098654518950431,0.07614012827988333,0.08635151097376086,0.08267152252307435,0.031244561599968915,7.8107543885258295,96.87122511428572,0.44181075857142854,0.08109496399999992,0.07854725086138799,2.3931674815276764,5.011270000000001,5.031280469129382,2.0703633328621285,0.0,4.7815627420881315,37.61682813334049,0.16143857862244887,2.3931674815276764,5.011270000000001,5.031280469129382
2024-06-09,0.64200183397058,1.9173352769679302,1.93854318221338,-0.03798157570082513,0.5107804251473398,0.09270209912536435,0.11022066448007765,0.0755719975704567,0.08572760835568505,0.08413307087141993,0.03201442609722062,7.83718003048561,97.6219691142857,0.44527941571428575,0.08042624228571418,0.07793094872754373,2.37708547411038,5.019123333333334,5.031280469129382,2.1246165025417265,0.0,4.74943079642278,37.61692991045105,0.1601788309285713,2.37708547411038,5.019123333333334,5.031280469129382
2024-06-10,0.7022266023642709,1.927072886297376,1.9929294165503593,-0.03403269714157727,0.5157565019738285,0.09708129494654995,0.11574850340136043,0.07927040719144794,0.08996689623323606,0.08986200005616175,0.03517600566785323,7.957113536958613,102.86056157142856,0.4692685642857143,0.08422553342857131,0.08168303071597006,2.4437751041481213,5.06166619047619,5.031280469129382,2.2299943625269263,0.0,4.882677070548381,37.61771020163197,0.16789932127040802,2.4437751041481213,5.06166619047619,5.031280469129382
2024-06-11,0.7187082466239669,1.92999416909621,1.9618799191725382,-0.03675971185279682,0.5130947329874558,0.09394842322643333,0.1122277125850339,0.07679809669582109,0.08719024116034976,0.0884199781286746,0.03539189409899508,7.99748401059736,105.4831458857143,0.48129833428571434,0.08150752485714273,0.07909191968871951,2.405701508536506,5.073261904761905,5.031280469129382,2.238649396594499,0.0,4.806605801972718,37.61809469293853,0.1625838037193876,2.405701508536506,5.073261904761905,5.031280469129382
2024-06-12,0.7868531676161139,1.931941690962099,1.987819221606421,-0.037672142741333334,0.5122760967596709,0.09289421768707472,0.11106810131195323,0.07597622011661799,0.08627073762682205,0.08901154456446518,0.03663753811111719,8.025912908666317,108.69875125714286,0.4960382371428572,0.08059291999999986,0.07822496076577563,2.4375088675831775,5.08062380952381,5.031280469129382,2.3203822838944026,0.0,4.870157092935732,37.6185696527878,0.16080717333673453,2.4375088675831775,5.08062380952381,5.031280469129382
2024-06-13,0.8234128636632735,1.9299941690962097,2.009866188967935,-0.03924687167947578,0.5104566969725922,0.09114313168124381,0.1088707683430514,0.07450257847424677,0.08458330349562672,0.08866041136072286,0.037048359960135,7.998503934192958,110.40629528571431,0.5037723071428573,0.0790737174285713,0.07672871012225538,2.4645433573712268,5.07301619047619,5.031280469129382,2.3917233789536456,0.0,4.9241721629714394,37.61885236698378,0.15772627215306106,2.4645433573712268,5.07301619047619,5.031280469129382
2024-06-14,0.8662640175245393,1.92999416909621,2.0302805825618124,-0.04118782545740215,0.5083990877335479,0.08896698979591823,0.10621217990767721,0.07270007604470351,0.08252884489504364,0.08874934164961674,0.03836010901802133,7.998503934192958,113.84274368571428,0.5194859728571429,0.0771857459999999,0.0748844858440814,2.4895759482982815,5.07301619047619,5.031280469129382,2.477756915108494,0.0,4.974187427276441,37.619372561104406,0.15393204970408148,2.4895759482982815,5.07301619047619,5.031280469129382
2024-06-15,0.9258600921710132,1.9387580174927115,2.0234097123265995,-0.04042634382365025,0.5098519844427809,0.0896808673469386,0.10767433551992209,0.07352738726919328,0.08355114809912524,0.09226432588138175,0.042086831108494836,8.13873598256413,119.72909622857142,0.5467467885714287,0.07780508999999987,0.07560801822920042,2.4811507318881043,5.103380476190476,5.031280469129382,2.528923410712341,0.0,4.957353795200169,37.620152852285344,0.15545923238265286,2.4811507318881043,5.103380476190476,5.031280469129382
2024-06-16,1.0088599191205256,1.9533644314868803,2.03273187773142,-0.03928221161592543,0.5121676709727392,0.09071086491739537,0.1099803364917394,0.074799598153547,0.08514208675801738,0.09602318090129079,0.04731919917985435,8.35884455728862,129.01144551428573,0.5896539671428573,0.07869869257142846,0.07669513138919602,2.4925817818509697,5.1570590476190485,5.031280469129382,2.5649273293979915,0.0,4.98019310044198,37.621408103315545,0.15775670666326508,2.4925817818509697,5.1570590476190485,5.031280469129382
2024-06-17,1.0873626661469742,1.9767346938775512,2.0422034154084425,-0.03849809518786325,0.5147592450890034,0.09120635568513104,0.11217831025267233,0.0758470675413021,0.08655016206997071,0.09776393022219643,0.051844424386640046,8.71393795574872,140.6319132857143,0.6435788357142859,0.07912856914285701,0.07744017053953181,2.5041959954708246,5.2424533333333345,5.031280469129382,2.5563615415915844,0.0,5.003398367750685,37.62291214283822,0.15938317490816306,2.5041959954708246,5.2424533333333345,5.031280469129382
2024-06-18,1.0609036903231124,1.973813411078717,2.0423531602190397,-0.039222478316680374,0.5137642921147917,0.09042448979591822,0.11110113095238079,0.0751506564625849,0.0857400015918366,0.09582194029685383,0.05108677665410265,8.673567482109972,140.6718162,0.6436766614285715,0.07845023999999988,0.07675188781582297,2.504379615942816,5.23085761904762,5.031280469129382,2.5454166965850327,0.0,5.003765242536647,37.62294606854174,0.15796154721428549,2.504379615942816,5.23085761904762,5.031280469129382
2024-06-19,1.1068299687725365,1.9767346938775512,2.060367304443276,-0.03632059627645303,0.5170605098488992,0.09364054421768694,0.11518534803206983,0.0778765881924197,0.08886783600874625,0.10058701009023711,0.053937421094629796,8.717530490605894,142.14664157142857,0.6505159928571429,0.08124041599999988,0.0795091514724062,2.52646896683108,5.241593333333334,5.031280469129382,2.561843524307772,0.0,5.047899895886028,37.623138314195,0.16364320920918346,2.52646896683108,5.241593333333334,5.031280469129382
2024-06-20,1.2154387762175052,1.9923148688046648,2.0391421660044293,-0.03424217795272925,0.5204299727587517,0.09574534985422725,0.11869696003401344,0.07999607264334292,0.09141002654518937,0.10658515155600812,0.05934342483316668,8.956687137831516,149.80281274285716,0.6860665628571428,0.08306649771428558,0.08148398960425914,2.5004422222468508,5.29786761904762,5.031280469129382,2.540670913880296,0.0,4.995898306710852,37.62412215959706,0.16776320876020387,2.5004422222468508,5.29786761904762,5.031280469129382
2024-06-21,1.18930049115841,1.997183673469388,2.027545163108481,-0.03583147041946548,0.5191051079215688,0.09389601554907663,0.11672117164723014,0.07857768148688031,0.08983150335568499,0.10305404140314697,0.058014549470027134,9.033624167363744,151.8389964,0.6955618371428571,0.08146205714285701,0.07997390122111107,2.4862217151257773,5.314941428571429,5.031280469129382,2.451385749454251,0.0,4.967485649615779,37.62437094808952,0.16467455208673445,2.4862217151257773,5.314941428571429,5.031280469129382
2024-06-22,1.1803948315141717,1.9971836734693877,2.066477884137218,-0.035540044763783134,0.5194141586629518,0.09421986151603486,0.11712903425655961,0.07885081195335263,0.09014445587755089,0.10079227114103308,0.05689101355574372,9.033624167363742,152.37757259999998,0.6980319271428571,0.08174301857142842,0.08025080336870695,2.533961897791884,5.314941428571429,5.031280469129382,2.4227429036136683,0.0,5.062870816136185,37.62445010806441,0.1652450464744896,2.533961897791884,5.314941428571429,5.031280469129382
2024-06-23,1.0815624090529472,1.9874460641399416,2.0468722384685756,-0.0402221187256497,0.5137250558429484,0.08912125121477146,0.11026868440233219,0.07437506851311938,0.08495817342857127,0.09132900761713728,0.050649440586810535,8.882465501227099,148.58651545714287,0.6803204985714286,0.07731957971428553,0.07580206555182521,2.5099210118538804,5.280179523809524,5.031280469129382,2.3150082611699836,0.0,5.014836984248009,37.623997765350815,0.15605303220918346,2.5099210118538804,5.280179523809524,5.031280469129382
2024-06-24,0.9673449688805569,1.9592069970845483,2.042987012167441,-0.04182964626803106,0.5098683233876724,0.08776727891156445,0.10676835276967912,0.07251509620991238,0.08258992282215728,0.0868125775573095,0.045295801138945484,8.465580142209424,137.40557940000002,0.6282660442857144,0.07614490399999983,0.07427465085745762,2.5051568595312514,5.1740257142857145,5.031280469129382,2.3059570504908247,0.0,5.00531817981023,37.62260681150654,0.15280835344897933,2.5051568595312514,5.1740257142857145,5.031280469129382
2024-06-25,0.9961646773591023,1.9660233236151605,2.085465890137727,-0.03967073010236856,0.5126820147416178,0.09011107385811448,0.1099434426627792,0.0745811379980562,0.08498667572011646,0.08900793991263733,0.04630944805095494,8.56212433102928,138.11898985714285,0.6317194357142858,0.07817832742857124,0.07632597513551988,2.557245420006022,5.2005090476190485,5.031280469129382,2.304964275728726,0.0,5.109391430837432,37.6226520457779,0.1570441205816324,2.557245420006022,5.2005090476190485,5.031280469129382
2024-06-26,0.9717653118405583,1.9728396501457726,2.073825901973803,-0.039658754671775265,0.5131969158234009,0.09001424198250708,0.11029019861516011,0.07468695408163248,0.08516982702332342,0.08655527546447439,0.04692753632620998,8.671172138423392,143.69403625714287,0.65751563,0.07809431828571407,0.07633735375776887,2.5429722033776003,5.224125714285715,5.031280469129382,2.2591886479079997,0.0,5.080873459835816,37.623398411255316,0.15709795737244867,2.5429722033776003,5.224125714285715,5.031280469129382
2024-06-27,0.8614632431275021,1.9669970845481048,2.103488109093411,-0.0383848050395614,0.5141202849469642,0.09152930029154496,0.11177308491253622,0.07579465670553917,0.08638286665014559,0.08276519047389527,0.044102452734739166,8.575987058006024,141.4527341142857,0.6470199514285715,0.07940874857142835,0.07754781475257404,2.579344672312529,5.20425142857143,5.031280469129382,2.23964162452581,0.0,5.153545867278858,37.623138314195,0.15956331846428543,2.579344672312529,5.20425142857143,5.031280469129382
2024-06-28,0.8613861528053042,1.9601807580174928,2.119090872110658,-0.04047269847826236,0.5114008027034128,0.0892780879494653,0.10864706511175878,0.07377968610301246,0.08403571144023306,0.08097858307968482,0.04259001455359153,8.46956325412547,138.60530562857141,0.6337503328571428,0.07745564771428551,0.07556397370819523,2.5984771330513903,5.180061428571429,5.031280469129382,2.2892640591773046,0.0,5.191772636671112,37.622787748591975,0.15545831282142827,2.5984771330513903,5.180061428571429,5.031280469129382
2024-06-29,0.8427107417993385,1.9543381924198253,2.1169692312328316,-0.04027615679453329,0.5111817035449591,0.08959317784256542,0.10863023019922236,0.07387996379980546,0.08409597175801732,0.08163749353932848,0.04222461096037306,8.3743781737081,136.0596029142857,0.6218601114285713,0.0777290125714284,0.07575072052768601,2.595875529043682,5.160187142857144,5.031280469129382,2.3330596682230365,0.0,5.186574616520437,37.62248241726031,0.15581531719897931,2.595875529043682,5.160187142857144,5.031280469129382
2024-06-30,0.886636337274065,1.968944606413994,2.1690906444932785,-0.038776029986844374,0.5138466637450357,0.09108364188532538,0.1112590931729833,0.07543770432458682,0.08598011659766748,0.08402027084412457,0.04451861522640367,8.608306256520747,141.21348505714286,0.6460249328571429,0.07902210542857127,0.07717608691741794,2.6597879842772305,5.210794285714287,5.031280469129382,2.4151475960515527,0.0,5.314272079008532,37.623070462787965,0.1588008768673467,2.6597879842772305,5.210794285714287,5.031280469129382
2024-07-01,0.9788000314338434,1.994262390670554,2.1691882777985456,-0.035566679736693134,0.5191928140880067,0.09426428571428558,0.11685711977648186,0.07875713362487838,0.0899938149446063,0.08975668443164511,0.04963260879555328,8.974926430641426,149.6573249142857,0.6853988685714285,0.08178155999999988,0.08022549577805346,2.6599077044433166,5.307563809523812,5.031280469129382,2.4238643752612696,0.0,5.314511280606437,37.62409954246137,0.16516632394897937,2.6599077044433166,5.307563809523812,5.031280469129382
2024-07-02,1.0492024082512228,2.004,2.114020421600445,-0.033482287115326706,0.5221251481380799,0.09644042759961113,0.12019075680272094,0.08082965549076761,0.09244682223323604,0.096353917618787,0.055166582137685556,9.127937246531461,156.25434754285715,0.7159264228571428,0.08366953142857132,0.08220601047205998,2.5922596320095708,5.341916190476192,5.031280469129382,2.451989493597768,0.0,5.17935003292109,37.62498161075287,0.1692837596632651,2.5922596320095708,5.341916190476192,5.031280469129382
2024-07-03,0.9951251952579846,1.9913411078717203,2.0946413661191667,-0.035551185117122734,0.5189863835653568,0.09431321671525741,0.11678847728377052,0.0787462947035956,0.08996418987463546,0.09379135606124885,0.05176901533335293,8.932540652103187,149.58519711428568,0.6849313014285715,0.08182401142857132,0.08024021820674689,2.568496596081772,5.296459523809525,5.031280469129382,2.444933758636464,0.0,5.131871346991958,37.62413346816489,0.1651901496581631,2.568496596081772,5.296459523809525,5.031280469129382
2024-07-04,1.0439733146973247,1.9952361516034987,2.0919872825717536,-0.035450185238539864,0.5193799108983499,0.09435905733722048,0.11712926445578216,0.07889817808551979,0.09017560356559755,0.09615920570763081,0.05317856717838384,8.995221500741549,150.20459357142857,0.6879146785714286,0.08186378171428561,0.08033618464875777,2.5652420988358418,5.309872857142858,5.031280469129382,2.4810204447155044,0.0,5.125368842300796,37.62417870243626,0.16540642976020387,2.5652420988358418,5.309872857142858,5.031280469129382
2024-07-05,1.10791833933356,2.0049737609329448,2.095024364579414,-0.030671428356446675,0.5251649495057686,0.09956093780369277,0.12414157981049546,0.08346978061224478,0.0954746142594751,0.10342524269047718,0.05888298853047581,9.150107160807977,156.21306068571428,0.7157910514285716,0.08637681542857131,0.08487678708951386,2.5689662374520625,5.343815714285716,5.031280469129382,2.5394081805205064,0.0,5.132809693219564,37.62495899361719,0.17479085450510182,2.5689662374520625,5.343815714285716,5.031280469129382
2024-07-06,1.1624020453560548,2.0156851311953354,2.116586405628889,-0.030846660240112418,0.5257538309510974,0.09919253887269178,0.12442731171039825,0.08345895675413008,0.09556123387171998,0.10392196970973529,0.060980208338383454,9.33010243479762,162.01182985714286,0.7428250071428574,0.08605720085714272,0.08471028807349308,2.5954060996337014,5.379125714285715,5.031280469129382,2.5644108406656523,0.0,5.185636693790777,37.625671433391084,0.1745008338520406,2.5954060996337014,5.379125714285715,5.031280469129382
2024-07-07,1.2696991496462224,2.0186064139941693,2.071029784492056,-0.02862793168185186,0.5283133985008236,0.10160445092322627,0.12770043488824082,0.08558734596695805,0.09803104159766748,0.11043313959692828,0.06728084436822479,9.382238052612974,167.70748602857142,0.769127112857143,0.08814972114285699,0.08681844392983376,2.5395435409104694,5.38814142857143,5.031280469129382,2.5882987908743162,0.0,5.074022972005537,37.62645172457202,0.17886246018367322,2.5395435409104694,5.38814142857143,5.031280469129382
2024-07-08,1.3506861929413423,2.027370262390671,2.0919213838480113,-0.02928795629289993,0.5282330113213414,0.1007234353741495,0.12723963131681224,0.08510381171039828,0.09756269955393569,0.1115586395514363,0.07152547064760258,9.538714507301117,176.96107080000002,0.8120424885714287,0.08738537199999984,0.08619131234858217,2.565161292331036,5.415188571428573,5.031280469129382,2.6551505007739857,0.0,5.125207390427628,37.62766174133086,0.17762107783163242,2.565161292331036,5.415188571428573,5.031280469129382
2024-07-09,1.3560526678999894,2.036134110787172,2.1617747052152896,-0.03101594475316293,0.5270222890034081,0.09867580174927097,0.12521876154033024,0.08360004105928072,0.09591338072011646,0.10650683263047957,0.07087728882337586,9.693296861724017,185.09167722857143,0.8497853814285715,0.0856088914285713,0.08454944003453556,2.6508170141452547,5.442604285714287,5.031280469129382,2.7062600831014096,0.0,5.296348027777458,37.62871343813995,0.1742810854744896,2.6508170141452547,5.442604285714287,5.031280469129382
2024-07-10,1.312520540336831,2.0244489795918366,2.150717709553246,-0.03414661316459956,0.5227809862815846,0.09526350826044687,0.12066286260932925,0.08061878935860044,0.09246334475510187,0.10132816265687423,0.06766493142197558,9.5384243603556,180.91197231428575,0.8304030842857143,0.0826484628571427,0.08157479181934102,2.6372586761021815,5.39450142857143,5.031280469129382,2.631201066393874,0.0,5.269258388405453,37.62817062688365,0.16814621851530592,2.6372586761021815,5.39450142857143,5.031280469129382
2024-07-11,1.2442563380275167,2.0049737609329448,2.1459847618473114,-0.036696802908407614,0.518590659819952,0.09270905247813396,0.11628902271622918,0.07800170238095225,0.08931191621282784,0.09679613523749189,0.063240643986592,9.253439153786912,173.03578302857142,0.7938179057142858,0.08043227485714273,0.07915169349883092,2.6314550286287957,5.320882380952382,5.031280469129382,2.57832001739754,0.0,5.257662666525912,37.62716416434591,0.16309241704591818,2.6314550286287957,5.320882380952382,5.031280469129382
2024-07-12,1.2252867535474985,2.001078717201166,2.132371213585126,-0.03658145739108699,0.5184292180374171,0.09290387512147703,0.11624820821185601,0.07805154275996098,0.08933122434402319,0.09631429315158055,0.061999757541321254,9.189212835422206,170.32664957142856,0.7812440214285715,0.08060129857142842,0.07926129064938672,2.614761787992188,5.307796666666667,5.031280469129382,2.5532754047908677,0.0,5.224309473283559,37.62681359874289,0.16329859767857124,2.614761787992188,5.307796666666667,5.031280469129382
2024-07-13,1.1343761560512016,1.9679708454810496,2.0870599824979412,-0.041350485579729646,0.5108474131437467,0.08799236151603487,0.10844929300291531,0.07326391545189491,0.0836324966413993,0.090424022374602,0.055406024292680676,8.702473585861977,156.63965322857143,0.7175714385714286,0.07634018057142845,0.07472993206227643,2.5592001320952975,5.182644285714287,5.031280469129382,2.532115837178648,0.0,5.113296957119956,37.62509469643127,0.15387396961224473,2.5592001320952975,5.182644285714287,5.031280469129382
2024-07-14,0.9965229649422603,1.9348629737609326,2.0472443808846155,-0.04586031140233516,0.5035518341320935,0.0833817735665694,0.10096955903790077,0.06870616180758007,0.07818925751020399,0.08236203566436298,0.046378886861163385,8.209770311849294,141.24700517142855,0.6459287271428572,0.07234013885714277,0.07044485821509257,2.510377341297344,5.058884285714286,5.031280469129382,2.431428384973453,0.0,5.015748733167308,37.62317223989852,0.1449508196938774,2.510377341297344,5.058884285714286,5.031280469129382
2024-07-15,0.8603544845457884,1.9095451895043731,2.0390875919202958,-0.045447768249637255,0.5021247147999771,0.0842974271137025,0.10017509353741484,0.06869935228377054,0.07792420577842554,0.07895905034568843,0.039602299919653756,7.800681050657654,127.29132231428571,0.5809207271428571,0.07313453914285704,0.07083684184018062,2.5003753022711455,4.971697619047619,5.031280469129382,2.379920923505145,0.0,4.9957646002047245,37.621442029019065,0.14563131099489782,2.5003753022711455,4.971697619047619,5.031280469129382
2024-07-16,0.8160125099235996,1.888122448979592,2.0223641681798807,-0.04493916072260089,0.5010964152858606,0.08518990281827003,0.09989980624392601,0.06889234232264321,0.0779605130116617,0.0787254510427378,0.03677157300137639,7.450702101806482,116.83675825714285,0.5320578157142857,0.07390883085714273,0.07132010236914829,2.4798686620190864,4.898825238095239,5.031280469129382,2.3754366493913963,0.0,4.954792212040709,37.6201980865567,0.14653353084183654,2.4798686620190864,4.898825238095239,5.031280469129382
2024-07-17,0.8273880984323708,1.8959125364431486,2.0611142444162254,-0.03750404221377609,0.5095954944271596,0.09354087949465488,0.11003071853741482,0.07578088799805625,0.08580233820699697,0.08517273363466996,0.040955785413039694,7.551416192893281,121.67338422857142,0.5542993885714285,0.08115394914285701,0.07838468382441856,2.527384881511764,4.931549047619049,5.031280469129382,2.4338168846965407,0.0,5.049729898819753,37.62088790919491,0.16105970049489776,2.527384881511764,4.931549047619049,5.031280469129382
2024-07-18,0.8545584572111481,1.9085714285714286,2.0750653459435733,-0.03316349688483016,0.5151787932065778,0.0982234475218658,0.11649681608357618,0.07995763313896977,0.09066316301457714,0.08854581383714429,0.04528325570289482,7.728673582869801,130.40813519999998,0.5945469257142857,0.08521643914285704,0.08250891345172522,2.5444920375930806,4.981264761904762,5.031280469129382,2.406900519370811,0.0,5.083910097561755,37.622109234521595,0.16958091782142842,2.5444920375930806,4.981264761904762,5.031280469129382
2024-07-19,0.9024110872452414,1.9144139941690963,2.091808677281652,-0.030889747374899832,0.5180139007624025,0.10064527453838666,0.11999906584062181,0.08218104033041776,0.093270456052478,0.09128998274701698,0.05068607582600864,7.826205562912498,139.2653787428571,0.6354215485714284,0.0873175614285713,0.08466934823198033,2.5650230889914414,5.000647619047619,5.031280469129382,2.401391300595479,0.0,5.124931259340047,37.62333055984828,0.17406373749489776,2.5650230889914414,5.000647619047619,5.031280469129382
2024-07-20,0.9429560171763524,1.946548104956268,2.129359042939233,-0.023200847684598448,0.5286238307824821,0.10880271622934871,0.13188004980563636,0.08970388581146731,0.10210240542857126,0.09797094286684406,0.05940429888790392,8.2955671323481,156.91495319999996,0.7172498828571429,0.09439477314285698,0.0919750634131257,2.611068196250932,5.122794761904762,5.031280469129382,2.406156833776251,0.0,5.21692965520112,37.625637507687564,0.18920361073469363,2.611068196250932,5.122794761904762,5.031280469129382
2024-07-21,0.9510025527357839,1.9728396501457726,2.1589110181858113,-0.022900542886532933,0.5309694067063313,0.10883812682215728,0.13314941812439243,0.09022365937803678,0.10285972969679281,0.09678248805115242,0.060834383740271177,8.669518525324447,168.17104645714284,0.7695725914285714,0.09442549457142839,0.09226040220158271,2.6473054963711715,5.224944761904761,5.031280469129382,2.3770057144534387,0.0,5.289331994555239,37.62706238723536,0.1898524111989793,2.6473054963711715,5.224944761904761,5.031280469129382
2024-07-22,0.9766871612123297,1.9854985422740525,2.18480620213656,-0.021617304601125174,0.5332911952346306,0.11003088435374135,0.13562238398930984,0.0916179331875606,0.10458550611953335,0.0982434338411395,0.06386945774141732,8.857905013463236,174.97083574285713,0.8011184842857143,0.09546030399999983,0.09347968893965211,2.679058756336451,5.271998571428573,5.031280469129382,2.4009791426243337,0.0,5.352775195234572,37.62794445552685,0.1924184028826528,2.679058756336451,5.271998571428573,5.031280469129382
2024-07-23,1.074293784988092,2.005947521865889,2.1788742237968037,-0.01809478106975145,0.5385276670332481,0.11359808309037887,0.14160066448007758,0.09522074684159365,0.10890982787755087,0.10545049287170064,0.07170887946471274,9.18985963610629,184.68195737142855,0.8465118742857144,0.09855512485714268,0.09682666375733115,2.671784830393737,5.341988571428573,5.031280469129382,2.3979865645810383,0.0,5.338241848302169,37.6290979294465,0.1994137802295916,2.671784830393737,5.341988571428573,5.031280469129382
2024-07-24,1.2347615697999648,2.0351603498542272,2.167128332997374,-0.014430492768856761,0.5445581196378104,0.11706664723032056,0.1485563696550047,0.09918103182701639,0.11378924612536426,0.11542172246004097,0.08519356829922375,9.668330051159373,201.71613497142854,0.9259610514285715,0.1015643725714284,0.10030833834618126,2.657381753559549,5.441360000000001,5.031280469129382,2.441985284047991,0.0,5.309464415843566,37.631178705928995,0.20676286991326506,2.657381753559549,5.441360000000001,5.031280469129382
2024-07-25,1.2874259839972464,2.045871720116618,2.1418903470864596,-0.017080018961408417,0.542535046484546,0.1139202551020407,0.14545640063168105,0.09687245821185601,0.11125803199416895,0.11512358974032133,0.08655212381735966,9.841867761208535,206.99100514285715,0.9505961714285716,0.09883463399999982,0.09779085411470104,2.6264343646877992,5.47802142857143,5.031280469129382,2.4895268940895248,0.0,5.247631350361827,37.631811985728014,0.2016331770153059,2.6264343646877992,5.47802142857143,5.031280469129382
2024-07-26,1.2155853952538909,2.039055393586006,2.1596558418414107,-0.016420086912751403,0.5427386036573953,0.11479341593780357,0.14595471331389684,0.0973683284742467,0.111746769446064,0.11306205871820994,0.0822667337252809,9.728762143044548,199.79053482857145,0.9172684157142859,0.0995921685714284,0.09841789774650693,2.6482188159756785,5.455264761904763,5.031280469129382,2.4926170890708934,0.0,5.291156812511455,37.630850757461644,0.20288341821428552,2.6482188159756785,5.455264761904763,5.031280469129382
2024-07-27,1.3161313177617682,2.044897959183673,2.1600461023343134,-0.014825857327868962,0.54483849194758,0.11643582361516025,0.14859579871234194,0.098982561467444,0.11367198230029144,0.11980996050781877,0.08780442736560032,9.836274821363428,201.18207702857143,0.9239774914285714,0.10101708428571414,0.09993267720125755,2.648697362214581,5.472681904761905,5.031280469129382,2.5467336377123457,0.0,5.292112950719067,37.6309525345722,0.20605087273469372,2.648697362214581,5.472681904761905,5.031280469129382
2024-07-28,1.4834256212420718,2.0565830903790085,2.191429792263601,-0.006177212168702961,0.5548355586494979,0.12581229105928074,0.16143777636054407,0.10730381316812428,0.12334289208454799,0.13653750892748198,0.10146443376814727,10.046266126287525,206.67065554285713,0.9497715942857143,0.10915189514285699,0.10815030791314707,2.687180752287798,5.508499047619048,5.031280469129382,2.7206987115743764,0.0,5.369002991045821,37.63156319723554,0.22306323988775495,2.687180752287798,5.508499047619048,5.031280469129382
2024-07-29,1.6544801602806916,2.073137026239067,2.174396684465273,-0.0035825822787900604,0.5587599532354567,0.128343311467444,0.16617517249757024,0.11005836345966945,0.12670374300874623,0.1469788564114058,0.11218769368070326,10.342212759481892,214.9308234,0.9885285585714286,0.11134775114285698,0.11061563165772663,2.666294370442988,5.559588095238095,5.031280469129382,2.8029173714310187,0.0,5.3272718769399185,37.63250180836623,0.22826395972959163,2.666294370442988,5.559588095238095,5.031280469129382
2024-07-30,1.7019082155250789,2.082874635568513,2.164881474805475,-0.003104075829253218,0.5599334054653505,0.1286875024295431,0.16745587706511156,0.11068754033041774,0.12753655413411064,0.14914101120319295,0.11581698957204618,10.532726178293277,219.96385688571428,1.0122438557142857,0.11164636342857129,0.11107029122846689,2.654626605250575,5.586569047619048,5.031280469129382,2.8118269677276038,0.0,5.303959613273413,37.63304461962253,0.22927594267346915,2.654626605250575,5.586569047619048,5.031280469129382
2024-07-31,1.730768097606737,2.087743440233236,2.1739244637894304,-0.004900892879807218,0.5583563918085989,0.12662261418853243,0.16517000242954305,0.10907190767735653,0.12572693223323603,0.14838390857868364,0.11540431453052184,10.630882214976253,221.10725699999998,1.0178112214285713,0.10985491314285702,0.10936302047026836,2.6657153227749157,5.59954761904762,5.031280469129382,2.844385248022434,0.0,5.326114936284105,37.63311247102957,0.22578907469387735,2.6657153227749157,5.59954761904762,5.031280469129382
2024-08-01,1.791998262289231,2.098454810495627,2.2161175499451997,0.0002501686809359537,0.5645677319358063,0.13210674927113691,0.17314233053935846,0.11412337536443136,0.13165561865597655,0.15587766055752597,0.12310114201252573,10.829296868127923,226.99429585714284,1.0454419928571428,0.11461282457142845,0.11425737338929583,2.7174534388659133,5.63125380952381,5.031280469129382,2.931268752154149,0.0,5.42948799736574,37.633779676532114,0.2359601753418365,2.7174534388659133,5.63125380952381,5.031280469129382
2024-08-02,1.8455972191476455,2.1120874635568514,2.213817681371022,-0.0002556399107880034,0.5650077923296711,0.13127286200194352,0.1732759299076772,0.11389360811467433,0.13154871193294448,0.1575899162074142,0.12710481119691489,11.06557327930206,234.98439917142858,1.0827595985714287,0.11388936285714275,0.1137767723077168,2.7146332880277977,5.674760476190477,5.031280469129382,2.9858814311639263,0.0,5.423853319359004,37.63474090479848,0.23505799620918344,2.7146332880277977,5.674760476190477,5.031280469129382
2024-08-03,1.7392308097895501,2.098454810495627,2.2098055291557324,-0.0021677649403635604,0.5620078352047696,0.1294289358600582,0.16972470177356638,0.1118468777939746,0.12904125401457714,0.1516621010270839,0.11952078275073193,10.826401769170825,226.41323425714288,1.0427560157142857,0.11228961428571416,0.11195994006650041,2.709713496279855,5.631827142857143,5.031280469129382,2.9548653187169296,0.0,5.414023546431545,37.63370051655723,0.23122128491326505,2.709713496279855,5.631827142857143,5.031280469129382
2024-08-04,1.6246592649193337,2.0896909620991253,2.2192314904711568,-0.0035417258953554178,0.5599357384298987,0.12808745383867823,0.16721466472303192,0.11038726530612232,0.12726045606997075,0.14491395373919116,0.11122841706722822,10.666067204248701,218.42343591428568,1.0056145328571426,0.11112577485714274,0.11065445191975733,2.721271823134786,5.605517142857144,5.031280469129382,2.9048734754161782,0.0,5.437117151654334,37.63268274545167,0.22846523051020387,2.721271823134786,5.605517142857144,5.031280469129382
2024-08-05,1.6350661363874601,2.087743440233236,2.216046224862328,-0.00386884210391026,0.559455442053521,0.12776927356656936,0.16660948736637501,0.11003713313896976,0.1268322711953352,0.14513462916669367,0.11297938109716539,10.627987116019156,220.67086345714284,1.0158563842857142,0.11084972885714274,0.11034363789602226,2.71736597843687,5.600120952380954,5.031280469129382,2.9072290753187433,0.0,5.4293132509127044,37.633033311054696,0.22780682612755082,2.71736597843687,5.600120952380954,5.031280469129382
2024-08-06,1.6162922688355597,2.07800583090379,2.269790550974084,-0.0017075499316847032,0.5610821338817393,0.1303366059280854,0.16909178935860045,0.11190197813411067,0.12886980456559757,0.14703949614275985,0.11469418997728496,10.437473697207768,219.5838928285714,1.0102850871428573,0.11307708828571417,0.11239721976982874,2.7832684860974104,5.573140000000001,5.031280469129382,3.015622132830084,0.0,5.560986849886506,37.633055928190366,0.23196987812755082,2.7832684860974104,5.573140000000001,5.031280469129382
2024-08-07,1.6171242761206113,2.07800583090379,2.317399041505186,0.0014040607288796966,0.5643836458014422,0.13373331875607372,0.1736421027696792,0.11487570408163254,0.13231307158600572,0.14958121508001912,0.11763057208188364,10.437473697207768,220.7290384285714,1.0155690071428571,0.11602399942857132,0.1153537599974732,2.8416470934579077,5.573140000000001,5.031280469129382,3.0764586251790513,0.0,5.677627651687706,37.63321424814013,0.238084018897959,2.8416470934579077,5.573140000000001,5.031280469129382
2024-08-08,1.6587517196462085,2.0838483965014576,2.337271514168745,0.0031697426127906825,0.5666497437314525,0.13553874392614176,0.17663064261418837,0.11668428328474234,0.13447974061224477,0.15269988803283654,0.12260089227098227,10.55744058732148,225.6581892857143,1.0386524642857142,0.1175903454285713,0.11703144724323518,2.866015168689157,5.588345714285715,5.031280469129382,3.1164136007585985,0.0,5.726315209713424,37.63379098509995,0.24160670759693859,2.866015168689157,5.588345714285715,5.031280469129382
2024-08-09,1.6973659797977887,2.0916384839650144,2.3445373446437086,0.0055068202453756815,0.5696596673559975,0.13794589164237106,0.18052054543245852,0.1190577662779396,0.1373126335801748,0.1562805541945889,0.12622221860023566,10.711684501335515,228.29059568571424,1.0512062299999998,0.11967873228571414,0.1192520541216717,2.874924694274068,5.609602857142858,5.031280469129382,3.1202541503890333,0.0,5.744116494377084,37.63402846502458,0.24625812803571406,2.874924694274068,5.609602857142858,5.031280469129382
2024-08-10,1.6928553935922324,2.1120874635568514,2.3513376382107367,0.005068247272178983,0.5706286083650788,0.13708715257531567,0.18108308005344978,0.11899113289601541,0.1374534334373176,0.1542763657129185,0.1268622932982441,11.086631188402404,235.54823502857144,1.0855114485714286,0.11893370971428559,0.1188353378999261,2.8832633679782114,5.670992857142858,5.031280469129382,3.0928476015893698,0.0,5.760777213616303,37.634774830501996,0.2455325296683671,2.8832633679782114,5.670992857142858,5.031280469129382
2024-08-11,1.6771854108282176,2.0965072886297373,2.3207380942373037,0.0004777084156452824,0.5646046505928399,0.13222521379980548,0.17394588496112712,0.11448503036929043,0.1321564301895042,0.14891364307414728,0.12345053815329711,10.84157785397215,233.4555133714286,1.07531036,0.11471560171428559,0.11447357343886556,2.8457415154030223,5.616029047619049,5.031280469129382,3.0656875069667255,0.0,5.685808330881394,37.634661744823596,0.23648217087244872,2.8457415154030223,5.616029047619049,5.031280469129382
2024-08-12,1.485511187509241,2.0731370262390674,2.262500931479568,-0.007911578650527861,0.5540130370924202,0.12328796647230307,0.16101877976190457,0.10627889674441192,0.12253311602623891,0.1324616832328879,0.10691510015363094,10.45014683508906,220.52469188571428,1.0148667485714284,0.10696184828571417,0.1065023754330394,2.7743297898789328,5.538497619047619,5.031280469129382,2.8869854388804934,0.0,5.54312728212494,37.633123779597405,0.21993792756122427,2.7743297898789328,5.538497619047619,5.031280469129382
2024-08-13,1.3214730569665858,2.0517142857142856,2.2149143603685006,-0.015520584421215376,0.5443681409237107,0.11519027210884338,0.14928791848882392,0.09883639188532542,0.11380311034110772,0.11882348681176602,0.09167986268845639,10.104404275803137,204.02445702857145,0.9383273485714285,0.09993647199999986,0.09927257257289104,2.7159780606068082,5.4647242857142855,5.031280469129382,2.721280909888839,0.0,5.426540182902826,37.63097515170788,0.20493915665816304,2.7159780606068082,5.4647242857142855,5.031280469129382
2024-08-14,1.1173265044406013,2.013737609329446,2.157087590022624,-0.0209213602670767,0.5358565354060202,0.10999045189504356,0.13928737487852264,0.09307019776482003,0.10674030869387738,0.10779618979937601,0.07418449533365444,9.476194468753265,179.59169108571427,0.8246480457142856,0.09542522571428555,0.09414095014623328,2.6450695675357623,5.336340000000001,5.031280469129382,2.585421309173261,0.0,5.284864595555428,37.6278992212555,0.19412635524489769,2.6450695675357623,5.336340000000001,5.031280469129382
2024-08-15,0.9810714664729424,1.9835510204081632,2.128127584672614,-0.022154259907507304,0.5323962511203735,0.10932408892128263,0.13536510386297357,0.09127497740524763,0.10427613924489779,0.10253731635814625,0.062235691938044777,8.94084436589425,161.4825802285714,0.7399661599999999,0.09484710428571409,0.09296949337312906,2.609558154285186,5.241908095238096,5.031280469129382,2.487640199002383,0.0,5.213912582447904,37.625750593365964,0.19147631996938747,2.609558154285186,5.241908095238096,5.031280469129382
2024-08-16,1.003003535992634,1.9757609329446062,2.12086175419765,-0.022316655042536018,0.5316932453052458,0.10931043974732735,0.13459126518464512,0.09096080636540316,0.10381622395626808,0.10442633215826243,0.06300646332353473,8.786600451880213,159.16814228571428,0.7288754571428571,0.09483526257142841,0.09281519137269847,2.6006486287002746,5.220650952380953,5.031280469129382,2.4920108752535732,0.0,5.196111297784243,37.62555834771269,0.19108999199999976,2.6006486287002746,5.220650952380953,5.031280469129382
2024-08-17,1.0622698983928116,1.9718658892128278,2.1379928676764606,-0.01965630200647423,0.5342530780567767,0.11229329931972777,0.1382208230077744,0.09342567614188517,0.10662367349562671,0.1091538236179354,0.06759199092954074,8.70760039800769,161.1514872,0.7378166114285715,0.09742312399999986,0.09534296288040574,2.621655187326078,5.21035,5.031280469129382,2.539352142714233,0.0,5.238082525807328,37.62589760474788,0.19628378227040796,2.621655187326078,5.21035,5.031280469129382
2024-08-18,1.0655195895871494,1.9971836734693877,2.227005919484896,-0.01478117534950659,0.5412601819301661,0.11728181486880453,0.14635895772594737,0.09837514285714273,0.11253983184839637,0.11232965782771805,0.07268171488097426,9.131912402779156,171.99056777142854,0.7886954399999999,0.101751047142857,0.0999751324056163,2.7308050037456826,5.294342380952381,5.031280469129382,2.5879454356907203,0.0,5.456164502737996,37.62711893007456,0.20596004352550998,2.7308050037456826,5.294342380952381,5.031280469129382
2024-08-19,1.1464812301502965,2.0273702623906704,2.3120779366299167,-0.007572355111135661,0.5510603881874345,0.1247924659863944,0.15801552052964027,0.10558855515063155,0.12109518291253632,0.12096757703070984,0.082236156710889,9.660782254191755,185.07000599999998,0.8502199857142859,0.10826711799999986,0.10682469340587826,2.835122234367187,5.39004380952381,5.031280469129382,2.729362656036036,0.0,5.6645909447432965,37.6285551181902,0.2202430886938773,2.835122234367187,5.39004380952381,5.031280469129382
2024-08-20,1.3131656978350175,2.060478134110787,2.3382680913469804,0.0008909034648633818,0.5624079235807765,0.1335726190476189,0.17181540269679282,0.11409044679300277,0.13119878518075787,0.13682345949255298,0.09729314430998258,10.238005068530253,199.77851057142857,0.9191510428571429,0.11588457999999986,0.11486617647251605,2.86723719415444,5.495702857142858,5.031280469129382,2.860186769989061,0.0,5.7287568238001025,37.63025140336614,0.23702320731122423,2.86723719415444,5.495702857142858,5.031280469129382
2024-08-21,1.499601461343793,2.1013760932944607,2.3930673664020454,0.006666658109622796,0.5715116491524286,0.13911560009718157,0.1825875327988336,0.12028182069970834,0.13879358513702614,0.1484045976716686,0.11384240691489216,10.928042369602533,222.22570037142853,1.02384251,0.1206935448571427,0.12035409023006124,2.9344333040581887,5.631382857142858,5.031280469129382,2.9974396471764027,0.0,5.8630150476850105,37.63299938535118,0.24860303242346912,2.9344333040581887,5.631382857142858,5.031280469129382
2024-08-22,1.693426629872203,2.136431486880466,2.400650076792648,0.009508350924469253,0.5769985353212927,0.14142115160349839,0.18926316873177823,0.12373509256559756,0.14324854006705529,0.15940345958247154,0.13010922786227475,11.570283333174116,239.76429737142854,1.10618916,0.122693789142857,0.1230541642554465,2.943731394959268,5.737360000000002,5.031280469129382,3.101789618690978,0.0,5.881592688141988,37.63497838472311,0.25447055193367324,2.943731394959268,5.737360000000002,5.031280469129382
2024-08-23,1.7732008333787437,2.1490903790087463,2.4307649585761615,0.013075851187546108,0.5816369468529577,0.14503406219630693,0.19541609086491718,0.1274232876579202,0.1476861545072885,0.166232774869598,0.14061954187182316,11.828846006720704,248.68184554285713,1.1480698085714285,0.12582826857142843,0.12644387434147825,2.980658943800562,5.770571904761907,5.031280469129382,3.2132278652680215,0.0,5.955374148511596,37.63598484726084,0.26160250971428545,2.980658943800562,5.770571904761907,5.031280469129382
2024-08-24,1.8658528517606132,2.152985422740525,2.3983302867352028,0.014674367058557281,0.5835959013132571,0.14670029154518932,0.19801455782312902,0.1290285636540329,0.14959151272303192,0.17531556817290286,0.14815631247451558,11.907846060593227,249.72495685714284,1.1530932999999999,0.12727385142857126,0.127962726470721,2.940886815948012,5.7808728571428585,5.031280469129382,3.2527319464079354,0.0,5.875909202501248,37.63606400723571,0.2647771584489793,2.940886815948012,5.7808728571428585,5.031280469129382
2024-08-25,1.9968389001477396,2.159801749271137,2.3491141252040357,0.01890019901070068,0.5885385950430972,0.1511781219630708,0.20464363581146722,0.13320096744412038,0.15450294718950422,0.18895676661866997,0.15847344990860113,12.04696893351739,250.04879331428566,1.1549521057142857,0.13115871571428556,0.13197795958459363,2.880536846063086,5.798756190476192,5.031280469129382,3.344384996292097,0.0,5.755329606749888,37.635996155828686,0.27313920065816305,2.880536846063086,5.798756190476192,5.031280469129382
2024-08-26,2.0027572920504326,2.156880466472303,2.3091217523050345,0.017708890805957538,0.5870788909958801,0.1499301239067054,0.20272634171525733,0.13201020140913494,0.15309293220699693,0.18952507772145913,0.15730427059741375,11.986629186616415,246.02018502857143,1.1362073771428571,0.13007598085714273,0.13084602149366062,2.8314972943184196,5.791214761904763,5.031280469129382,3.339673753253904,0.0,5.657348293147335,37.635487270275895,0.27077526263265284,2.8314972943184196,5.791214761904763,5.031280469129382
2024-08-27,1.9193017085620052,2.1383790087463557,2.2855422809180626,0.014252947170177025,0.5821319392600206,0.14650946064139928,0.19653886479591817,0.12837347594752171,0.14867774787463545,0.1825007077313052,0.14975540100244897,11.634941981673048,239.25588659999997,1.10417437,0.1271082908571427,0.12756230849153213,2.8025836134494826,5.738005714285715,5.031280469129382,3.308200335588609,0.0,5.599578588249254,37.63480875620552,0.2638494988622447,2.8025836134494826,5.738005714285715,5.031280469129382
2024-08-28,1.7647097604242512,2.098454810495627,2.21536603806064,0.0026666655693186095,0.5669513446483885,0.1343323372206024,0.1781464401117588,0.11688087925170056,0.13510588914577246,0.16594874769129858,0.13235842685386048,10.957565905385357,221.20260891428572,1.0194990971428572,0.11654369428571414,0.11655344158029025,2.7165319180038554,5.606395714285716,5.031280469129382,3.1975556076634626,0.0,5.427646793248568,37.632750596858706,0.24093472180102019,2.7165319180038554,5.606395714285716,5.031280469129382
2024-08-29,1.5733703277656896,2.073137026239067,2.221503011577648,-0.0033404183279418195,0.5588368965187546,0.12826978620019425,0.16774981596209898,0.11066324999999987,0.1276170316355684,0.151735840924414,0.11572907437587199,10.466483607950417,207.80223762857142,0.9564740185714287,0.11128396228571415,0.11084572711004083,2.724057213667181,5.535180476190478,5.031280469129382,3.1457972085432737,0.0,5.442682378365238,37.631269174471704,0.2289327122295916,2.724057213667181,5.535180476190478,5.031280469129382
2024-08-30,1.4357040988221128,2.0575568513119533,2.2197263872842856,-0.006265876781142176,0.5546754110179649,0.1254290840621962,0.1623079616132166,0.10752174149659852,0.12377127383090368,0.14178296170489418,0.10164574182547911,10.153845282428037,196.26116682857142,0.9023775300000001,0.10881943342857128,0.1080660619961475,2.7218786767950327,5.49332142857143,5.031280469129382,3.046403948635386,0.0,5.4383296488465,37.62993476346663,0.22303589879081612,2.7218786767950327,5.49332142857143,5.031280469129382
2024-08-31,1.3628690074829903,2.061451895043732,2.263052705581989,-0.004909902875235003,0.5563726077977759,0.126819497084548,0.16459461127308056,0.10890861710398435,0.12543108531778416,0.13698636066518222,0.09852433756227064,10.236789040232647,198.07057208571428,0.9109520671428573,0.11002572428571415,0.10935445949756357,2.775006387757118,5.502967142857145,5.031280469129382,3.0520568095802725,0.0,5.5444791286758734,37.63011570055206,0.22574168704591815,2.775006387757118,5.502967142857145,5.031280469129382
2024-09-01,1.251500689880855,2.0575568513119533,2.2911594948678817,-0.007162748661335933,0.5537215946446982,0.12444518464528656,0.16101570821185604,0.10667068561710387,0.12278912205830891,0.12606930185221582,0.0901196815499126,10.155841147517927,197.60880111428574,0.9086141014285715,0.10796582457142845,0.10721388668178634,2.809471568181468,5.492993809523811,5.031280469129382,2.9403728843841264,0.0,5.6133407624263105,37.63011570055206,0.22127721642857123,2.809471568181468,5.492993809523811,5.031280469129382
2024-09-02,1.2390082134178046,2.066320699708455,2.351300189194059,-0.005333122098513505,0.5562424067362557,0.12627777939747314,0.16424988641885313,0.10858674757045664,0.12510686915160335,0.12632128378008092,0.09181182018720661,10.343679900945217,202.05570779999996,0.9296261385714286,0.10955574228571416,0.10895233185524845,2.8832174471473624,5.514512380952382,5.031280469129382,2.997116655088439,0.0,5.760685463525443,37.63057935183349,0.22494899560714268,2.8832174471473624,5.514512380952382,5.031280469129382
2024-09-03,1.1818993093661228,2.0867696793002914,2.3960994612954574,-0.005798148084009947,0.5571573217583333,0.12539367346938762,0.16478720420310972,0.10850141229348872,0.12522712944314857,0.12167069549472388,0.09015233216124696,10.737344027452005,208.22076565714286,0.9589928885714286,0.10878871199999988,0.10851048093525871,2.9381513273621755,5.572462380952383,5.031280469129382,2.949196479068882,0.0,5.870443680173872,37.631144780225476,0.22418193322959165,2.9381513273621755,5.572462380952383,5.031280469129382
2024-09-04,1.3101602978899352,2.135457725947522,2.472681651712456,0.008470544179887452,0.5757521374692754,0.1402729470359571,0.18788808369776472,0.12279510228377052,0.14218087855102027,0.13996475231836386,0.1077433992162171,11.614352305811622,225.39834771428568,1.0401227571428573,0.12169763285714275,0.12206807771584059,3.032058140522743,5.723748095238099,5.031280469129382,3.0220408194242703,0.0,6.0580700466955175,37.63293153394414,0.25248184490816306,3.032058140522743,5.723748095238099,5.031280469129382
2024-09-05,1.3851733358336202,2.1666180758017495,2.4724679139538757,0.010089711336288982,0.5795839746224596,0.14147394557823115,0.19212435617103973,0.12489749757045664,0.14494954723032058,0.1430244568271706,0.11454206426998556,12.242598962997837,239.604615,1.1072350357142857,0.12273959199999988,0.12360655195166077,3.031796050451264,5.807466190476192,5.031280469129382,3.03210585809568,0.0,6.057546389186996,37.634412956331126,0.2559016558775508,3.031796050451264,5.807466190476192,5.031280469129382
2024-09-06,1.378259632865687,2.162723032069971,2.478976240338073,0.007853481925957067,0.5769356198615672,0.13908353741496585,0.18869889698736622,0.12271547716229336,0.14239459123032058,0.14120182210485302,0.11225739469639799,12.173503821963477,237.09037422857142,1.0955007457142858,0.12066572799999989,0.12148176741686012,3.0397767073954034,5.795363333333335,5.031280469129382,3.106472531937274,0.0,6.073491788828278,37.63410762499946,0.25149200559183654,3.0397767073954034,5.795363333333335,5.031280469129382
2024-09-07,1.3813756918499736,2.15201166180758,2.4910788087415843,0.009297749806228939,0.577745514188523,0.14092347181729822,0.18993690476190464,0.12383556365403292,0.14353543451895032,0.14440290225517796,0.11031546406551347,11.954784887223216,228.6217828285714,1.05589273,0.1222620134285713,0.12285405866834469,3.054617150371023,5.767260952380954,5.031280469129382,3.1179923277063297,0.0,6.103143081416882,37.633101162461735,0.25421652212755086,3.054617150371023,5.767260952380954,5.031280469129382
2024-09-08,1.5327536127804886,2.1656443148688047,2.5045780173007413,0.015493799131694052,0.5858525599122776,0.1473360082604469,0.20020563168124378,0.13012089698736626,0.15102675561516024,0.1572239483979522,0.1266303450254922,12.256225639791081,239.38088888571426,1.106447112857143,0.12782538485714273,0.1287413212733276,3.0711701850789317,5.799300952380954,5.031280469129382,3.2358565448281813,0.0,6.136216142386816,37.63431117922057,0.2665627895969385,3.0711701850789317,5.799300952380954,5.031280469129382
2024-09-09,1.5941155270619054,2.167591836734694,2.4711097286813057,0.01677970253382351,0.5873428849379904,0.14869101068999016,0.20225534317298335,0.13140097108843526,0.15253878959475206,0.16260151184798843,0.13086788387215895,12.300838080701203,239.2938131142857,1.1061547871428572,0.12900095428571415,0.12996314030918701,3.0301306129659404,5.803632380952382,5.031280469129382,3.226101263328006,0.0,6.054218835269198,37.63426594494922,0.26911410494387733,3.0301306129659404,5.803632380952382,5.031280469129382
2024-09-10,1.7043768994677477,2.1705131195335277,2.4660940842209156,0.02232618956903507,0.59341923480702,0.1546549271137025,0.21067748967444105,0.13679531073858103,0.15883994045772581,0.1739906636131214,0.1396962743989514,12.365752019850351,240.2189699142857,1.1105835471428571,0.134175113142857,0.1352332122528077,3.0239803163413983,5.810436666666668,5.031280469129382,3.296379681886325,0.0,6.0419305063412425,37.634345104924094,0.2800564560153059,3.0239803163413983,5.810436666666668,5.031280469129382
2024-09-11,1.8425809583307087,2.1705131195335277,2.457101850390107,0.021061784913894623,0.5920773553937257,0.15329078231292506,0.20877283466958202,0.135570154275996,0.15741151097667627,0.17979282611400108,0.14767710843369336,12.36575201985035,244.56997517142858,1.1307413700000002,0.1329916119999999,0.13403182055097265,3.0129538359332537,5.810436666666667,5.031280469129382,3.4159112045273097,0.0,6.019899533455763,37.634921841883916,0.2775640013112243,3.0129538359332537,5.810436666666667,5.031280469129382
2024-09-12,2.0589020008315293,2.1724606413994167,2.4749138700878897,0.029347518262769465,0.6009936300452307,0.16217072886297368,0.22146784924684146,0.1436639910106899,0.16688503265597657,0.20112141193267347,0.16997735141333972,12.413746408678124,248.71969645714285,1.1501039485714286,0.14069565257142846,0.14190462554934619,3.0347953371578096,5.814276666666667,5.031280469129382,3.56681947117556,0.0,6.063538981715331,37.6354307274367,0.2939307306275508,3.0347953371578096,5.814276666666667,5.031280469129382
2024-09-13,2.2485012252127623,2.204594752186589,2.444459679220133,0.03606505593391625,0.6126683389988893,0.1687798906705538,0.23374755770165193,0.15082049538386771,0.17560744389795907,0.21749336389564994,0.19261525616449296,13.098397030406042,267.1862592857143,1.2372241071428571,0.1464296117142856,0.14828738757261944,2.997451719846755,5.894529523809525,5.031280469129382,3.581027806138325,0.0,5.988926214089326,37.6373984182408,0.30746766731632624,2.997451719846755,5.894529523809525,5.031280469129382
2024-09-14,2.3627957371373074,2.224069970845481,2.4109993700301895,0.03624719222781332,0.6141495554158797,0.1684982798833818,0.2356467201166179,0.1514845189504372,0.17666596862973752,0.22487135827131313,0.20492057006967707,13.519194264046726,278.8489368,1.2921316171428572,0.14618529257142843,0.1484604469102305,2.9564219322905956,5.941939047619047,5.031280469129382,3.6657998516232198,0.0,5.906948456573964,37.63867628640668,0.30805071042857124,2.9564219322905956,5.941939047619047,5.031280469129382
2024-09-15,2.3749229584805076,2.22601749271137,2.375221801646947,0.03370614332178911,0.6109366848828458,0.16571217444120492,0.23197880830903772,0.1490711297376092,0.17387971023323603,0.22722063433630188,0.20363096926813798,13.566607695280654,274.4237448,1.2717479314285713,0.14376813057142845,0.1460460338841131,2.9125506691260097,5.9458609523809525,5.031280469129382,3.7080471254912886,0.0,5.8192934140350205,37.638054315175495,0.3030665167193875,2.9125506691260097,5.9458609523809525,5.031280469129382
2024-09-16,2.476154492203704,2.230886297376093,2.3861966750051127,0.03895974311440946,0.6168219638509039,0.17127382653061213,0.24027104956268205,0.15427688921282787,0.1800145435801748,0.23936018332192474,0.2152951426455971,13.683010684745037,277.1959273714286,1.284872517142857,0.14859329399999988,0.15103781493297005,2.9260083069435536,5.955972857142858,5.031280469129382,3.76160529961018,0.0,5.846181853762526,37.638337029371485,0.3134806034234692,2.9260083069435536,5.955972857142858,5.031280469129382
2024-09-17,2.565698120481104,2.243545189504373,2.378153662093346,0.03908759963846907,0.6177563175099742,0.17113463070942653,0.24145907798833804,0.15470482653061213,0.18068494378425645,0.24344333454369255,0.22360031232107852,13.993396617111756,286.69014977142854,1.329623197142857,0.1484725308571428,0.1511592995909126,2.9161457826850983,5.981199047619048,5.031280469129382,3.8309624173247534,0.0,5.8264764721286975,37.63936610904489,0.31388815836734674,2.9161457826850983,5.981199047619048,5.031280469129382
2024-09-18,2.5051566485578554,2.249387755102041,2.393209149372357,0.0384548234322054,0.6174509403400931,0.17032462949465485,0.24096683734207952,0.15423283551992215,0.180213862749271,0.23999312960498803,0.2203305261381784,14.139172835721153,287.3556642857143,1.3330767857142856,0.14776979214285704,0.1505580584611578,2.934607161541631,5.992473333333334,5.031280469129382,3.8477357247518116,0.0,5.863362415962273,37.63934349190921,0.3127140015535712,2.934607161541631,5.992473333333334,5.031280469129382
2024-09-19,2.236884458976803,2.228938775510204,2.3496815721321185,0.027891904665441527,0.6049004069996572,0.15928772716229336,0.22381944120505332,0.1436254951409134,0.16763110152769664,0.21510408975688075,0.1920074937843099,13.689076248086279,273.0766602857143,1.2659089857142856,0.13819442557142844,0.14052155400670477,2.881232662314407,5.9439833333333345,5.031280469129382,3.6523834532648323,0.0,5.756719851723689,37.63776029241166,0.29171641076785687,2.881232662314407,5.9439833333333345,5.031280469129382
2024-09-20,2.1865834648419686,2.224069970845481,2.3741612887262313,0.03038344070707551,0.6048322771741488,0.1620905077745383,0.22715604561467434,0.14591202465986383,0.17022547113848385,0.21646589061816052,0.1905104441195524,13.566862390087582,268.79325325714285,1.2457161371428571,0.14062605457142846,0.14288892169478845,2.9112502442079218,5.934690476190476,5.031280469129382,3.681189030872868,0.0,5.816695157379266,37.63729664113024,0.2965612944413264,2.9112502442079218,5.934690476190476,5.031280469129382
2024-09-21,2.264393846441244,2.230886297376093,2.4032811488416153,0.03245445520909917,0.6097678021692415,0.16415217687074818,0.23090589194606403,0.14811215269679287,0.17289870472740515,0.2219944787888403,0.20025394073915567,13.740083962703027,275.35482977142857,1.2766044828571428,0.1424147119999999,0.14485672498228505,2.9469576749855904,5.947413809523811,5.031280469129382,3.777540676375184,0.0,5.888038814661956,37.638020389471976,0.3007453823494896,2.9469576749855904,5.947413809523811,5.031280469129382
2024-09-22,2.3414723486586504,2.2318600583090378,2.4447361560394216,0.03333797438343308,0.6132787271504946,0.16508057823129244,0.2323263493075801,0.14899564176384827,0.17394418356997074,0.2224266230674623,0.20523544234243302,13.764227280907571,281.5230492,1.305268082857143,0.1432201719999999,0.14569621303711117,2.9977907419727976,5.949313333333334,5.031280469129382,3.819080137343486,0.0,5.989603582296582,37.63881198922075,0.3025011484056121,2.9977907419727976,5.949313333333334,5.031280469129382
2024-09-23,2.2822176586392637,2.2367288629737607,2.47046644629323,0.0314321596825902,0.6121829297997861,0.16291860058309027,0.22984197127065098,0.1472676339893099,0.17199573447376082,0.2140740748702415,0.20117776141855812,13.887938627424385,287.25949414285714,1.3321945071428571,0.141344489142857,0.14388537664267093,3.0293418055591848,5.958401428571428,5.031280469129382,3.8507500619307327,0.0,6.052642793418413,37.63946788615545,0.2988067486607141,3.0293418055591848,5.958401428571428,5.031280469129382
2024-09-24,2.0991973708323277,2.1929096209912537,2.4335639359719363,0.016760734146241366,0.593652723221999,0.1475260665694848,0.20626315324344008,0.13260845371720104,0.15464545990233228,0.19129088203555883,0.17750813106645633,12.993575743683627,267.6107805428572,1.2392837014285714,0.127990275142857,0.12994511723141225,2.9840911131589274,5.841594285714286,5.031280469129382,3.7422956627048145,0.0,5.962231643131245,37.637443652512154,0.2696833335535712,2.9840911131589274,5.841594285714286,5.031280469129382
2024-09-25,1.9101292483512577,2.1559067055393584,2.427252712702575,0.013739366255595038,0.5879544251027592,0.1450427538872691,0.19912559797133125,0.12891004239552947,0.14987818394606403,0.17941164082721442,0.1607157986509435,12.227157604091849,249.06833254285715,1.1518598157142856,0.12583580928571417,0.12707432242908667,2.976352148510052,5.745291428571428,5.031280469129382,3.5593032177976185,0.0,5.9467691461213095,37.635453344572376,0.2633886919591835,2.976352148510052,5.745291428571428,5.031280469129382
2024-09-26,1.8629372995183942,2.15201166180758,2.4478524236480825,0.017004541766165997,0.5911481507578709,0.14871090500485895,0.20356532950680256,0.1319317221817297,0.15331663782944593,0.18069647823030133,0.16048685413701738,12.15372432738253,245.97325208571428,1.137440067142857,0.129018214142857,0.13017677443880296,3.0016119797630907,5.734007619047619,5.031280469129382,3.5596347562000585,0.0,5.997238437937803,37.63506885326582,0.2697643760663263,3.0016119797630907,5.734007619047619,5.031280469129382
2024-09-27,1.699633957546309,2.135457725947522,2.459044718944167,0.011770102462709525,0.5845062453499767,0.1434435471331388,0.1943779197035955,0.12646784426627775,0.14671886350145757,0.16598131632184154,0.14247939897337164,11.789702216804974,235.04960185714285,1.0860154071428572,0.12444837371428556,0.12520319899571547,3.015336225276105,5.694753809523809,5.031280469129382,3.4816671060064004,0.0,6.024659561413209,37.63387014507482,0.2592626536071426,3.015336225276105,5.694753809523809,5.031280469129382
2024-09-28,1.4104796301716316,2.082874635568513,2.4209914877311585,0.0023298542533787816,0.568532325032795,0.134260485908649,0.17690248238581124,0.11635889382896,0.13435544857434387,0.14204566463069923,0.11028112221165952,10.768125412278822,207.46210551428572,0.9562982528571429,0.11648135771428557,0.1162334156151776,2.9686744929044138,5.544633809523809,5.031280469129382,3.2596474724004483,0.0,5.931429144941339,37.63080552319028,0.24025586750510178,2.9686744929044138,5.544633809523809,5.031280469129382
2024-09-29,1.0766797295219264,2.038081632653061,2.3242565561322417,-0.007498710665904862,0.5524796116400272,0.12437256073858098,0.15979201348396482,0.10615654300291531,0.12205047263265291,0.12017825952011581,0.08095146582934165,9.912640925291578,177.75724628571427,0.8174032571428571,0.10790281771428557,0.10689466770170741,2.8500559329194375,5.41487,5.031280469129382,2.9748691306762227,0.0,5.694428562523993,37.62726594145647,0.22060716892346915,2.8500559329194375,5.41487,5.031280469129382
2024-09-30,0.8892806440182405,1.9777084548104955,2.2819317458466517,-0.015556282899665477,0.5390220602832501,0.11675554907677345,0.14425566144314855,0.09735509256559756,0.11118079767638471,0.10646319317407617,0.0597173119290439,8.802715908623645,149.32503257142858,0.6837593714285715,0.10129447085714274,0.09923865316615388,2.798156293722605,5.229814761904763,5.031280469129382,2.8721965948291612,0.0,5.590732777324297,37.62409954246137,0.20434325073979576,2.798156293722605,5.229814761904763,5.031280469129382
2024-10-01,0.8347157798047439,1.9718658892128282,2.2937723911074763,-0.009930604737720302,0.5445420659000137,0.12315559523809512,0.15169258503401348,0.10250346258503391,0.11699743934693864,0.11022575780816077,0.06087347603490734,8.716367121589483,145.09660962857143,0.664229847142857,0.10684700599999987,0.10458396966232343,2.8126755606194416,5.2079747619047625,5.031280469129382,2.7826989480724675,0.0,5.619742358213316,37.62352280550156,0.21531917946428553,2.8126755606194416,5.2079747619047625,5.031280469129382
2024-10-02,0.8592683345972597,1.982577259475219,2.292428998387478,-0.0032257578026922756,0.5524204953073444,0.13030608843537403,0.16201009596695812,0.10905893634596686,0.12468197372011648,0.11615538786977034,0.06814734368953725,8.903060253874267,152.73686725714285,0.6997811514285714,0.11305061199999987,0.11095467340583531,2.8110282620964924,5.241933333333334,5.031280469129382,2.7822950426632405,0.0,5.616451046049321,37.62448403376793,0.22854380559183654,2.8110282620964924,5.241933333333334,5.031280469129382
2024-10-03,0.9127769469489904,1.9845247813411078,2.3236824044112394,0.0007598576896443676,0.5567841830917656,0.13465154761904752,0.16785258746355675,0.11287174927113693,0.12909951620991242,0.12274376094659542,0.07474796843337299,8.939329758671617,157.13604874285716,0.7201074771428572,0.11682063399999988,0.11474166150314401,2.8493518950994634,5.247657142857143,5.031280469129382,2.882319186417648,0.0,5.693021890807537,37.62508338786342,0.23637586412755085,2.8493518950994634,5.247657142857143,5.031280469129382
2024-10-04,0.9456666355377938,1.9708921282798835,2.2970411006705755,0.00472958422920694,0.5600332911761672,0.1394049368318755,0.17232768950437308,0.11627614868804656,0.13280063569679287,0.12957221398587038,0.07821331557035803,8.691258365517974,153.58511674285714,0.7031336485714287,0.12094456685714272,0.11851355249057102,2.816683726180478,5.206443809523811,5.031280469129382,2.875495896543662,0.0,5.62775069664291,37.62477805653175,0.2440258466326529,2.816683726180478,5.206443809523811,5.031280469129382
2024-10-05,0.9758426690049428,1.999131195335277,2.3122373406386996,0.011799275537105112,0.5696000287493718,0.14662882653061216,0.18414776664237115,0.12345757604470352,0.14138863734402324,0.1359520024401886,0.08653553755971577,9.156435504040674,165.4742890285714,0.7587781771428571,0.12721184999999988,0.12523091819886248,2.8353176991663562,5.3019090476190485,5.031280469129382,2.8522213435772934,0.0,5.664981484564813,37.62616901037603,0.25805493906122434,2.8353176991663562,5.3019090476190485,5.031280469129382
2024-10-06,0.9963553512264902,1.9962099125364432,2.370230739433563,0.015121287621744212,0.5728929337120895,0.1504437706511175,0.18844012390670545,0.12647016034985412,0.14477278583090367,0.13969609115349607,0.08987468772293439,9.11557037028944,169.56619739999996,0.7773432871428572,0.13052160914285701,0.12838737427141464,2.9064305158084704,5.290436190476192,5.031280469129382,3.029949594257293,0.0,5.80706531161223,37.62683621587856,0.2645301355714284,2.9064305158084704,5.290436190476192,5.031280469129382
2024-10-07,1.0114237712055218,2.001078717201166,2.3234815166675986,0.018457695712863136,0.5768210752971775,0.15414514334305138,0.19311009475218646,0.12959521865889204,0.14835457451895032,0.143988924309238,0.09281695952990492,9.177362330847014,171.932292,0.7882519714285714,0.13373283628571417,0.1315575089101237,2.8491055620068004,5.311195714285715,5.031280469129382,2.898750631508563,0.0,5.692529715835617,37.62716416434592,0.2710545489642855,2.8491055620068004,5.311195714285715,5.031280469129382
2024-10-08,1.1470741250936296,2.0254227405247813,2.37620954133372,0.03119925182980818,0.5921073523851218,0.16777384353741484,0.21257336188046635,0.14200914067055387,0.16288205897667626,0.16426125880909986,0.10797782854745587,9.58275023019939,180.67238305714287,0.8292800328571428,0.14555678799999988,0.14366407600091283,2.9137618578594737,5.392469523809525,5.031280469129382,3.077355978934865,0.0,5.821713376267614,37.62814800974797,0.29616385045408145,2.9137618578594737,5.392469523809525,5.031280469129382
2024-10-09,1.326165388666351,2.042950437317784,2.355687257448268,0.03199307683825717,0.5941257640734985,0.16814365889212815,0.21539685799319713,0.14326413678328462,0.16463144315160336,0.1783678612298695,0.12380745611809638,9.947709460666536,189.05719757142853,0.8689431928571428,0.1458776314285713,0.14441833989418665,2.8885969694178466,5.437349523809524,5.031280469129382,3.200367938692195,0.0,5.771433780748258,37.62900746090378,0.2979442105561222,2.8885969694178466,5.437349523809524,5.031280469129382
2024-10-10,1.3858982225508691,2.061451895043732,2.3391574007414957,0.029572475152175256,0.5927884927064684,0.1650785179786199,0.2132804950194362,0.14137660034013597,0.16269905218950423,0.17777743172047739,0.12785765925462184,10.340135925429156,199.73825768571425,0.9193179871428571,0.1432183845714285,0.1421183714724603,2.868327685438352,5.483555714285714,5.031280469129382,3.183810606410198,0.0,5.7309356318166635,37.63014962625558,0.2933796063520406,2.868327685438352,5.483555714285714,5.031280469129382
2024-10-11,1.4187921200727414,2.095533527696793,2.3502069264769814,0.02620747307904414,0.592869268874659,0.16051686103012622,0.21131120080174912,0.13903964067055385,0.16052007814285701,0.17297198972713743,0.13217072965414015,11.049401564676858,217.64662508571425,1.0038987742857144,0.1392607942857142,0.13892106786330158,2.8818768636886105,5.571539047619047,5.031280469129382,3.163504747598466,0.0,5.758006969868604,37.632026848516965,0.2871515467193876,2.8818768636886105,5.571539047619047,5.031280469129382
2024-10-12,1.457498739413199,2.1111137026239066,2.364926972876875,0.02966104662034783,0.597564471392071,0.16386618804664713,0.2177932495140912,0.14276996744412038,0.16509328448396485,0.17796206212770901,0.1400266849970737,11.385740152108415,226.34436137142853,1.04493096,0.14216659457142847,0.14220252888713705,2.8999269173559554,5.609466666666665,5.031280469129382,3.2085230686658712,0.0,5.794071083548344,37.63295415107981,0.2941357008826529,2.8999269173559554,5.609466666666665,5.031280469129382
2024-10-13,1.526853828845635,2.1257201166180755,2.3949681981177124,0.03222844575143384,0.601392327062059,0.16641330417881423,0.2222790579446062,0.1454293491253643,0.16830918403206982,0.1830701647757684,0.14452674005226074,11.605848726832907,230.96069279999998,1.066590102857143,0.14437641485714273,0.1446419789467722,2.936764146879488,5.663145238095238,5.031280469129382,3.2734893983167255,0.0,5.867672085388395,37.63347434520044,0.2992346091275508,2.936764146879488,5.663145238095238,5.031280469129382
2024-10-14,1.543238371623119,2.1529854227405245,2.4405419237905632,0.03593686025863053,0.6073678296141762,0.16989410106899888,0.22936658224003864,0.14944651627793962,0.17326915365306103,0.18520968957895675,0.14823755840748348,12.030883890286804,238.14459977142857,1.100496982857143,0.1473962754285713,0.14816558066541355,2.992647679571462,5.760478571428571,5.031280469129382,3.3272665968048503,0.0,5.97932771328688,37.63422071067786,0.3066609867397957,2.992647679571462,5.760478571428571,5.031280469129382
2024-10-15,1.4479878061933766,2.1442215743440234,2.422465150944537,0.03142824268328908,0.6019689704198806,0.16515423226433415,0.22220073675898908,0.14497041132167138,0.16798243148396486,0.17433179358571607,0.1400669094704868,11.87054932536468,235.25846794285712,1.0868463457142856,0.14328407257142844,0.14388165485120388,2.9704815320513336,5.73416857142857,5.031280469129382,3.268877237406232,0.0,5.935039619814117,37.63392668791403,0.29773834109693853,2.9704815320513336,5.73416857142857,5.031280469129382
2024-10-16,1.1977918467224116,2.1013760932944607,2.3258824783090035,0.017856356079949443,0.5845252892468425,0.15109365160349839,0.19995693999028163,0.13129760106899888,0.15171710261807567,0.1475916913744491,0.11184382425429527,11.101452735764742,213.63538525714287,0.9855495371428572,0.131085431142857,0.130986137678588,2.8520496754493303,5.601037142857142,5.031280469129382,2.9985733070059752,0.0,5.6984120718570574,37.63141618585362,0.27079734286224466,2.8520496754493303,5.601037142857142,5.031280469129382
2024-10-17,1.0677213058566564,2.066320699708455,2.269048309376164,0.013726540366453824,0.5777202598604744,0.1472623542274051,0.191725318270165,0.1267037570456753,0.14600356901457712,0.1388986957714493,0.0977650808656013,10.427150930595882,192.54903942857143,0.8867323142857143,0.12776148428571416,0.12706213573179773,2.7823583326704013,5.500957142857142,5.031280469129382,2.8064330750988105,0.0,5.559168357971601,37.62897353520026,0.2624170795561222,2.7823583326704013,5.500957142857142,5.031280469129382
2024-10-18,1.0456886372334802,2.042950437317784,2.260917101191002,0.015294648875351454,0.576494825835319,0.14952957644962733,0.1921133062034335,0.1276289522189827,0.14673775709037887,0.14285645478421213,0.09403674572632832,9.909181561438691,177.4721653714286,0.8156679028571429,0.12972847495238082,0.12855209588221916,2.7723876613739042,5.446031428571429,5.031280469129382,2.854022791419415,0.0,5.539246897917955,37.62734510143135,0.2652296646785712,2.7723876613739042,5.446031428571429,5.031280469129382
2024-10-19,0.9840897524879019,2.0332128279883377,2.2677374273809803,0.006747826558838126,0.5667904163887009,0.14047922983479094,0.17865018666990587,0.11917000178166494,0.13677278239650134,0.1321186022152239,0.08170008552327902,9.691357701117552,168.5131218,0.7737154385714285,0.121876599142857,0.12043121356311894,2.7807508995331807,5.423555238095238,5.031280469129382,2.8439897339519966,0.0,5.555956697083402,37.62629340462227,0.24829774022959164,2.7807508995331807,5.423555238095238,5.031280469129382
2024-10-20,0.9574709320306268,2.0195801749271136,2.1804759120553667,0.002400386133472112,0.5611526307692187,0.1358961977648201,0.17184072481373483,0.11488971558147057,0.13173141116034975,0.128192736840609,0.07794370370990182,9.484705285670936,164.2593798,0.7537435385714285,0.11790046428571414,0.11630043246386952,2.673748856745287,5.373741904761905,5.031280469129382,2.6793516299132576,0.0,5.342165984535648,37.625818444773,0.23972744299489773,2.673748856745287,5.373741904761905,5.031280469129382
2024-10-21,0.9857523889112941,2.0098425655976677,2.2174199624897177,0.007146991263081869,0.5654864635810217,0.14143898566569474,0.17765431932296713,0.11909760965338505,0.13639864867055382,0.13794806130751341,0.08073284241350644,9.316036479594272,159.1705020857143,0.7300069957142858,0.12270926157142845,0.12081048546898725,2.7190504865712612,5.342665714285714,5.031280469129382,2.8074111162167434,0.0,5.432678908099809,37.62519647354181,0.24893289748214262,2.7190504865712612,5.342665714285714,5.031280469129382
2024-10-22,0.9565206425308889,1.9718658892128278,2.187471971735687,-0.007493064237953388,0.5469934135581003,0.1254967504859085,0.15624028385163574,0.10511765144152888,0.12020399244897946,0.12506030911380667,0.07070997991448506,8.792715058354444,145.53578134285712,0.6666779757142857,0.10887813928571415,0.1069000327339052,2.6823275832831763,5.1903242857142855,5.031280469129382,2.8706494891369494,0.0,5.359306330752433,37.62345495409452,0.2202090933801018,2.6823275832831763,5.1903242857142855,5.031280469129382
2024-10-23,0.9880277925917174,1.9806297376093294,2.27747486347334,-0.0010892794134201023,0.5544555444864728,0.1325437159863944,0.16539128786038204,0.11117136208292826,0.12717675594460626,0.13198286542874205,0.07455131669434713,8.91838909301715,147.66919714285714,0.6766942857142858,0.11499192699999984,0.11298467811800277,2.79269116380101,5.224005714285715,5.031280469129382,2.9893800544740365,0.0,5.579813415509683,37.62369243401914,0.23275524821683646,2.79269116380101,5.224005714285715,5.031280469129382
2024-10-24,1.005550874682605,2.0001049562682214,2.3265576370136363,0.002768440960046883,0.5599427812247196,0.13641119655004844,0.17209233560090684,0.11516526514415275,0.13199470001166164,0.1352271236075491,0.07845649975973648,9.256352310754453,154.4632164,0.7086496942857143,0.11834726557142841,0.1166501448859724,2.8528775703160676,5.286158095238095,5.031280469129382,3.0594020429494333,0.0,5.70006621068341,37.62443879949656,0.24044459474744873,2.8528775703160676,5.286158095238095,5.031280469129382
2024-10-25,0.9969807032405187,2.013737609329446,2.3365716535528174,0.004078262026680969,0.5622465375137938,0.13748119735989617,0.1752125030369289,0.1167767286200193,0.1340752349708453,0.1352223608340581,0.07997002636400305,9.539985184643859,158.38486431428572,0.7274406271428572,0.11927557404761889,0.11789468962403979,2.8651569837803623,5.321064761904762,5.031280469129382,3.027611233246595,0.0,5.724600551204403,37.62476674796392,0.24317823991071405,2.8651569837803623,5.321064761904762,5.031280469129382
2024-10-26,1.0594522158150426,2.0176326530612245,2.293882821348695,0.0061862943926022556,0.5647404362088706,0.13969794339164218,0.17858217869290552,0.1188774560252671,0.1365585657638482,0.14133742928388074,0.08548117071995465,9.62394525374897,161.21793394285712,0.7407210457142857,0.12119877271428552,0.11989766595074139,2.8128109726776875,5.330546666666668,5.031280469129382,3.004072422382504,0.0,5.6200129123043014,37.62509469643127,0.24735997511479563,2.8128109726776875,5.330546666666668,5.031280469129382
2024-10-27,1.0979368442211368,2.042950437317784,2.2573888627813536,0.0036911246659069555,0.5639495766641701,0.13649038751214757,0.17639813593294443,0.11691448032069958,0.1345544876763847,0.13876103207356238,0.08652613865436654,10.03804709274112,170.04286439999996,0.78220958,0.11841596985714269,0.11752684566616335,2.768061255674137,5.4166685714285725,5.031280469129382,2.915979053632447,0.0,5.530602713814316,37.62606723326547,0.2425979630433671,2.768061255674137,5.4166685714285725,5.031280469129382
2024-10-28,1.1143243151581697,2.038081632653061,2.2294583953663887,-0.0024321795033918733,0.5570946407977552,0.12978574586977634,0.16753198918853238,0.11109097351797849,0.1278261710816325,0.13209166304772083,0.0828689036277046,9.96111006320889,169.30034382857139,0.7786408942857143,0.1125991745714284,0.11170870288497382,2.7338122851139763,5.399594761904764,5.031280469129382,2.863209604469186,0.0,5.462173068647652,37.62601069042627,0.2305848162244896,2.7338122851139763,5.399594761904764,5.031280469129382
2024-10-29,1.2111601800238885,2.087743440233236,2.268156513221474,0.017335625773313927,0.5818434227417211,0.15106223275024283,0.19728356717687054,0.1302175813896986,0.15013174342565586,0.1525257601870682,0.10036525446015153,10.70223683899989,188.3806853142857,0.86755022,0.1310581728571427,0.13049135852166024,2.7812647920649454,5.586279047619049,5.031280469129382,2.781132263250455,0.0,5.556983457392612,37.62836287253692,0.26948092989795897,2.7812647920649454,5.586279047619049,5.031280469129382
2024-10-30,1.241428861628164,2.1130612244897957,2.3002407557899036,0.023850288792415495,0.5905555968194511,0.1576084280855198,0.20857830235665675,0.1369587116132166,0.1582585979912535,0.15859420972636298,0.10962751994210082,11.153189256073242,201.27981034285713,0.9278810257142857,0.13673750371428553,0.13668135636735082,2.8206072156214685,5.664947619047621,5.031280469129382,2.8433686720763545,0.0,5.635589851685265,37.629889529195275,0.2824733080714284,2.8206072156214685,5.664947619047621,5.031280469129382
2024-10-31,1.2540200226537934,2.082874635568513,2.2495561377176956,0.01925658858002691,0.5834628034076779,0.15312493197278898,0.20027041909620974,0.13211286151603482,0.15235473461807564,0.15799589183652105,0.10516157984719386,10.661586475590761,189.53115222857144,0.8729824171428572,0.13284772399999983,0.13231658809997307,2.758456591128948,5.561629047619049,5.031280469129382,2.8731860228642523,0.0,5.511412537408353,37.62848726678316,0.27330088959183646,2.758456591128948,5.561629047619049,5.031280469129382
2024-11-01,1.2354972694434454,2.0643731778425654,2.263475088442599,0.018157375637486595,0.5810415167293728,0.15241968172983464,0.19702843355199207,0.13057654834791046,0.15028354192128265,0.15716945255136747,0.09953246392589986,10.2878186035071,179.75824765714285,0.8270660742857141,0.13223586485714267,0.13127215560571676,2.7755243231694844,5.512310476190478,5.031280469129382,2.886262431795952,0.0,5.545513966684367,37.627390335702714,0.27093151998979564,2.7755243231694844,5.512310476190478,5.031280469129382
2024-11-02,1.249125212332727,2.0575568513119533,2.243188404397831,0.02090791426497671,0.5835066931273288,0.1555732847424683,0.20054149234693863,0.13305280685131185,0.15306025078425642,0.16206443228232922,0.10109569343550492,10.143518787501018,175.7196761142857,0.8080861371428572,0.1349718594285713,0.1338856182098041,2.7506483325786406,5.495287142857144,5.031280469129382,2.8618715395650454,0.0,5.495811590774687,37.626937992989134,0.2762673548418365,2.7506483325786406,5.495287142857144,5.031280469129382
2024-11-03,1.3105735134514322,2.063399416909621,2.346639791643589,0.03364958846081588,0.5974226408527235,0.16941573615160335,0.21939222424684143,0.14529430952380937,0.16727371660058293,0.17876708345456632,0.11369322081257986,10.25918170981336,177.80195777142856,0.8179657971428572,0.1469812568571427,0.1459922974948998,2.877502762314728,5.51123,5.031280469129382,3.048524247064805,0.0,5.749267489526794,37.627141547210236,0.3013310278316324,2.877502762314728,5.51123,5.031280469129382
2024-11-04,1.2057536387365946,2.063399416909621,2.273268363497783,0.022370694572352183,0.5854658613894339,0.15677016277939732,0.2039431511175897,0.13481995724003876,0.1553352455160348,0.16249337483683807,0.1053509513776493,10.25918170981336,177.20431457142857,0.8152329857142856,0.13601024371428555,0.1352754993018612,2.787533058435863,5.51123,5.031280469129382,2.874568741266168,0.0,5.569507490569568,37.62705107866753,0.27928277872959156,2.787533058435863,5.51123,5.031280469129382
2024-11-05,1.200813330738303,2.0468454810495627,2.2798315666089133,0.020685834952083083,0.5825071763321328,0.15539713313896972,0.2000104749757044,0.13278057482993186,0.15270749288046634,0.1650286477448677,0.10256189605814985,9.95960883739833,169.4149884,0.7787099514285715,0.13481903428571415,0.13367460645611043,2.7955810064631508,5.4608371428571445,5.031280469129382,2.9828702327727035,0.0,5.5855873381918375,37.6261577018082,0.2758090134795916,2.7955810064631508,5.4608371428571445,5.031280469129382
2024-11-06,1.1455660578217948,2.0127638483965016,2.2053878592269482,0.005555572618696395,0.5639894756955431,0.139295228377065,0.17661814504373163,0.11795507142857133,0.13530927843148674,0.1519151651162465,0.08899276567838006,9.38298238566227,153.0152244,0.7021351514285714,0.12084938628571416,0.11929837686851873,2.7042964495442043,5.348487142857144,5.031280469129382,2.934777600063206,0.0,5.403200255106023,37.624178702436254,0.24595300790816305,2.7042964495442043,5.348487142857144,5.031280469129382
2024-11-07,1.1439742037927498,2.0186064139941693,2.257442809151935,0.01556962141898881,0.5750582343137183,0.15047145529640416,0.1904744849368317,0.12729330709426617,0.14598004051311939,0.15994636275293966,0.09430539717177393,9.464230041842567,156.50576897142858,0.7182237800000001,0.13054562771428557,0.12881336487614084,2.768127405933293,5.371555714285714,5.031280469129382,2.92698042444702,0.0,5.53073488242224,37.62466497085336,0.2655362632193875,2.768127405933293,5.371555714285714,5.031280469129382
2024-11-08,1.1031639886030533,2.0205539358600584,2.180254538824182,0.011268648961559439,0.5706333574299218,0.14567402818270153,0.18451339771622918,0.12327955733722049,0.14139178406413982,0.15342680910275602,0.09044308295670724,9.499626798161087,156.51799765714284,0.7183574314285716,0.12638348857142842,0.1247267359641309,2.673477403884688,5.377443333333333,5.031280469129382,2.8038111329674664,0.0,5.341623620119246,37.62464235371768,0.2571237684489794,2.673477403884688,5.377443333333333,5.031280469129382
2024-11-09,1.1087759118241116,2.018606413994169,2.2188375679048256,0.012306838079291338,0.5716025451878767,0.1468606049562681,0.18585601554907658,0.12421959280855185,0.14244882598250716,0.15562609398255578,0.09037728906810856,9.460607800762094,154.13991171428572,0.7073088428571429,0.12741293571428558,0.12571318582091354,2.7207887863786584,5.372210952380953,5.031280469129382,2.9063365520355555,0.0,5.436152041366823,37.62433702238601,0.25914138843367324,2.7207887863786584,5.372210952380953,5.031280469129382
2024-11-10,0.9822974790650162,1.9854985422740523,2.1711959906764666,-0.0005551356678911623,0.5555537562395412,0.13329783284742452,0.16559607082118544,0.11150939042759947,0.12746567134985406,0.13742178890762555,0.07360546047721729,8.904093603649345,140.27910557142857,0.6424169357142857,0.11564618171428555,0.11349220224080372,2.6623696073620033,5.262374761904762,5.031280469129382,2.8365477202592144,0.0,5.319430177157344,37.622719897184936,0.2337270223622446,2.6623696073620033,5.262374761904762,5.031280469129382
2024-11-11,1.0085674311176722,1.9825772594752185,2.2323479858863484,0.01168972796079765,0.5683128516304916,0.14710525996112714,0.1821379549319726,0.122815458940719,0.1403081902827987,0.14899241156549867,0.07995374676434829,8.86013059515342,141.39989562857141,0.6474375471428573,0.12762519285714272,0.12512683004275132,2.737355566333681,5.251639047619048,5.031280469129382,2.9244552746920434,0.0,5.469252565421554,37.62292345140605,0.2576446396836732,2.737355566333681,5.251639047619048,5.031280469129382
2024-11-12,1.019020855058805,1.9962099125364432,2.1921094774485774,0.008703138936509881,0.5661156913927398,0.1434331171039843,0.17906252125850322,0.12033814261418839,0.13767432852769665,0.14468979419305797,0.07917423718145601,9.102232677939405,145.18856237142856,0.6653949814285715,0.1244393248571427,0.12228908086491987,2.6880141976270617,5.293999047619048,5.031280469129382,2.8050559047095485,0.0,5.370668219749015,37.623296634144765,0.25191755654081605,2.6880141976270617,5.293999047619048,5.031280469129382
2024-11-13,1.0461446321591386,2.006921282798834,2.1933860482698755,0.009960045148608309,0.5682663552065601,0.14470120262390654,0.1811903030855197,0.12161992589893082,0.1392130908017491,0.1462638967845782,0.08124390562897207,9.257754788907075,150.17860157142857,0.6885171357142859,0.12553948714285695,0.12348334781661208,2.6895795576272015,5.334714761904762,5.031280469129382,2.8379324277075284,0.0,5.373795818261194,37.62395253107946,0.25440554954081607,2.6895795576272015,5.334714761904762,5.031280469129382
2024-11-14,1.0014272571838096,1.9932886297376093,2.134422563480316,0.00023660602404179467,0.5568760608001982,0.13401905004859072,0.16727201955782295,0.11242471161321656,0.12861583323323603,0.13607836016547695,0.07545362545143182,9.077012155320828,147.1478531142857,0.6742990728571429,0.11627189342857126,0.11424448664186002,2.61727719960794,5.278594761904762,5.031280469129382,2.786997570228301,0.0,5.229335280526774,37.623613274044274,0.23536507294897932,2.61727719960794,5.278594761904762,5.031280469129382
2024-11-15,0.9154047735991125,1.9650495626822158,2.1312899270364523,-0.009846618563669692,0.5440736580325689,0.12321302478134095,0.15196944120505324,0.10263370942662764,0.11717369009912522,0.12346402491680654,0.06669663082345598,8.639315767082344,137.59973974285714,0.6296987128571429,0.1068968305714284,0.10466377029589677,2.6134358899818757,5.177191428571429,5.031280469129382,2.7440307132683537,0.0,5.221660321239307,37.622471108692466,0.21551827639285684,2.6134358899818757,5.177191428571429,5.031280469129382
2024-11-16,0.8453463823553855,1.9231778425655979,2.027797235817792,-0.019397062778669046,0.5307867917754263,0.11347266520894057,0.13601176141885307,0.09294259086491725,0.10558219735276952,0.11187399684342518,0.05507488773103214,7.994180547876285,125.04820242857143,0.570866092857143,0.09844631514285697,0.09558928264505474,2.4865308123804684,5.0250738095238106,5.031280469129382,2.5222353882056052,0.0,4.96810322775359,37.62103492057683,0.19659250357653033,2.4865308123804684,5.0250738095238106,5.031280469129382
2024-11-17,0.8819444354055161,1.9309679300291547,2.064178905973523,-0.00925004671477916,0.5421428924230838,0.12475048833819227,0.15019050291545175,0.10244429154518937,0.11646594020991241,0.12324300903818995,0.06206961244267782,8.105200970843738,128.52084677142855,0.5869688471428572,0.108230699142857,0.10523061135100653,2.531142838795232,5.055176666666668,5.031280469129382,2.5112564055007156,0.0,5.057238319635131,37.62148726329042,0.21644783471938753,2.531142838795232,5.055176666666668,5.031280469129382
2024-11-18,0.9489484258481738,1.9543381924198253,2.087612592984521,-0.005309600544166474,0.5480104629709152,0.12847568270165197,0.15772355928085505,0.10672267444120494,0.12174340187755088,0.13059142172127897,0.07003114306960982,8.506283179887417,136.79829591428572,0.6259146757142858,0.1114625934285713,0.10897468118787067,2.559877755566646,5.130742380952382,5.031280469129382,2.5724050061489807,0.0,5.114650852812078,37.622391948717585,0.22437069338265284,2.559877755566646,5.130742380952382,5.031280469129382
2024-11-19,0.8146898532763888,1.9348629737609329,2.0467062075619427,-0.013695333505887418,0.5377155985688924,0.11956096938775497,0.14473534499514076,0.09849975024295418,0.11208902931778411,0.11574811597884387,0.059337854622772156,8.172410904916132,129.9966132857143,0.5939576928571428,0.10372838999999985,0.10100686016391415,2.5097174210027555,5.067770952380953,5.031280469129382,2.4847359590442752,0.0,5.01443020852676,37.62163427467233,0.20782329907653038,2.5097174210027555,5.067770952380953,5.031280469129382
2024-11-20,0.7966871915617454,1.9231778425655974,2.0555013290996986,-0.009376157424517403,0.5413957905747466,0.12463820456754117,0.14997833819241965,0.10232129154518936,0.11631566218075788,0.11929080376948271,0.05906390251636424,8.003756428519065,124.23207934285713,0.5672816471428571,0.10813328428571414,0.10511078550286834,2.520502197861099,5.023108095238095,5.031280469129382,2.4543720897712187,0.0,5.035978256294262,37.62086529205924,0.2162161576377549,2.520502197861099,5.023108095238095,5.031280469129382
2024-11-21,0.7658258559587827,1.9319416909620988,2.046609388842908,-0.013117594122177988,0.5381381000584039,0.12021046404275983,0.14549773870262378,0.0990252908163264,0.11268384906997071,0.11382898389899324,0.05608170299269237,8.11638377135441,122.24517351428571,0.5584817099999999,0.10429187685714272,0.10155580728981249,2.5095986997007222,5.060106666666667,5.031280469129382,2.388433195904572,0.0,5.014193002665125,37.620469492184846,0.20894084136734675,2.5095986997007222,5.060106666666667,5.031280469129382
2024-11-22,0.8119715884066875,1.9377842565597665,2.0644830090302886,-0.005231003423891045,0.5469548961842423,0.12906504373177832,0.1562577028668609,0.1063364922254615,0.12100926544023313,0.12297794651610351,0.059665048605011727,8.194716562476483,122.78202068571429,0.5610793371428572,0.11197390971428559,0.10904936133690611,2.5315157368382066,5.083912380952381,5.031280469129382,2.4244019589684873,0.0,5.057983372124206,37.620503417888365,0.2243516783571427,2.5315157368382066,5.083912380952381,5.031280469129382
2024-11-23,0.7700343582763678,1.9553119533527694,2.120627971177661,-0.0030651980287203025,0.5506508645740905,0.13117744655004845,0.16009333151117575,0.10858816350826031,0.12374444799708441,0.12132787375831937,0.060656032369377985,8.424468568937234,127.48029299999999,0.5829662785714286,0.11380658257142842,0.1111072315123831,2.6003619586760998,5.156803809523809,5.031280469129382,2.509418819527482,0.0,5.19553852938527,37.62108015484819,0.22863561921428555,2.6003619586760998,5.156803809523809,5.031280469129382
2024-11-24,0.6889169879236184,1.9562857142857142,2.1112260677638917,-0.00564904168027576,0.5479858490585995,0.1282490549076772,0.15664611151603486,0.10621472740524769,0.1210567857551019,0.11296541257107963,0.05450434868233025,8.439122180632488,123.38721154285714,0.5642922228571429,0.11126597628571414,0.10865215646247893,2.588833132164047,5.160382380952382,5.031280469129382,2.4423813309269575,0.0,5.172503866021534,37.620446875049176,0.22359223914795898,2.588833132164047,5.160382380952382,5.031280469129382
2024-11-25,0.5761774553516404,1.9329154518950438,2.066517608846999,-0.01544030385594646,0.5359167853128183,0.1179416107871719,0.1411646780855198,0.09652151263362477,0.10962012669970833,0.09888859818914057,0.041309080895353824,8.038039971588809,110.0123105142857,0.5020642171428571,0.10232347114285702,0.0993488522706449,2.534010609129062,5.084816666666667,5.031280469129382,2.330462991348473,0.0,5.062968141675148,37.61876189844106,0.20423746571938758,2.534010609129062,5.084816666666667,5.031280469129382
2024-11-26,0.5744556834342532,1.9183090379008745,2.055565119900158,-0.01989380158819903,0.5300602553390656,0.1130991156462584,0.13464045796890173,0.09226720359572392,0.10468935577259464,0.09567475107936692,0.038522195025191344,7.835918057789361,103.482531,0.47188323571428575,0.09812223199999989,0.09511729934340948,2.5205804195827217,5.026838095238095,5.031280469129382,2.3019217559104983,0.0,5.036134543755386,37.61787983014957,0.19550312684693863,2.5205804195827217,5.026838095238095,5.031280469129382
2024-11-27,0.6427321827942224,1.92999416909621,2.075734793455943,-0.0175053232207798,0.5334912115671886,0.11553381924198239,0.13861021987366365,0.09468198882410096,0.1075755367871719,0.10131296312379338,0.042634657559898426,8.004572534186428,107.52245922857144,0.49067028142857144,0.1002345257142856,0.09738674534628851,2.545312929266753,5.071500952380952,5.031280469129382,2.3243801760217875,0.0,5.085550243967059,37.61838871570235,0.20022471021428553,2.545312929266753,5.071500952380952,5.031280469129382
2024-11-28,0.7460758172636102,1.957259475218659,2.130339129867682,-0.009382237084741873,0.5441126342903911,0.1240807774538386,0.1514326226919338,0.10271369047619038,0.11705008119533519,0.11194430403682541,0.053084460289865486,8.445423808986837,122.60328377142858,0.5607206399999999,0.10764967314285702,0.10510500882898947,2.6122700009991355,5.165394285714286,5.031280469129382,2.4521536883019186,0.0,5.219330868175821,37.62032248080293,0.21626663084693862,2.6122700009991355,5.165394285714286,5.031280469129382
2024-11-29,0.8454984745266797,1.989393586005831,2.156164510477739,-0.006089856200445459,0.549927440155007,0.1270174101068998,0.15826552721088422,0.10644419922254607,0.12173848761516025,0.11764621739339676,0.0637187121964575,8.995300824914638,140.3208095142857,0.6432751957142857,0.11019742914285705,0.10823331040364227,2.6439376665300345,5.269972857142858,5.031280469129382,2.5034358028413672,0.0,5.28260305067046,37.62251634296383,0.2229406247448978,2.6439376665300345,5.269972857142858,5.031280469129382
2024-11-30,0.8911133701040148,2.0205539358600584,2.224218741028598,-0.003200631579901531,0.5552061019226441,0.12957688775510195,0.16435114127793968,0.109747701409135,0.1259016664635568,0.11908031224076177,0.06935200873052429,9.551511585554874,154.44671991428572,0.7094827614285714,0.1124179739999999,0.11097854743653944,2.727387302513639,5.366795714285716,5.031280469129382,2.5468139878704537,0.0,5.449335915520065,37.624144776732734,0.22881984205102027,2.727387302513639,5.366795714285716,5.031280469129382
2024-12-01,0.9347570630370895,2.0341865889212825,2.211899533225356,-0.006008414493763717,0.5532250377072886,0.12614025753158398,0.16138057883867823,0.10739231899902811,0.1233821911224489,0.11968898491479549,0.07230730955546426,9.77655382749832,161.87198631428575,0.7439802414285716,0.10943643142857132,0.10831069337608938,2.7122812114085666,5.4125957142857155,5.031280469129382,2.5914667710712083,0.0,5.419153856402123,37.62509469643127,0.22341583752551006,2.7122812114085666,5.4125957142857155,5.031280469129382
2024-12-02,1.1179515573453234,2.0565830903790085,2.2862359994876615,0.0008913470149284118,0.5621598568012416,0.13330272594752174,0.1725966593780368,0.1143112876579202,0.13159990897959173,0.13504811825080928,0.08664633858128108,10.158480053731548,175.54793862857144,0.8075493257142857,0.11565042685714273,0.114866597917791,2.8034342668422174,5.485483809523811,5.031280469129382,2.78611684556707,0.0,5.601278198744771,37.626836215878576,0.23708457333673452,2.8034342668422174,5.485483809523811,5.031280469129382
2024-12-03,1.261550968564597,2.0896909620991253,2.3126789244623995,0.011697930015287456,0.5760877732951961,0.1448486394557822,0.18911284863945563,0.1248390170068026,0.14392340951020396,0.1512940944589048,0.10082490264968977,10.675779207668695,191.89843302857145,0.8835416914285715,0.12566739999999987,0.12513462333911576,2.8358591792337333,5.603674285714287,5.031280469129382,2.9087421878842146,0.0,5.666063364932879,37.62891699236106,0.2583696854999998,2.8358591792337333,5.603674285714287,5.031280469129382
2024-12-04,1.2681990835257442,2.1013760932944607,2.2709381267153423,0.012063788577267484,0.5773254141680237,0.14499414480077735,0.19042115281827005,0.12541175558794937,0.14472824979008733,0.15127557351149074,0.1037643823991372,10.870973373307178,198.21539622857148,0.9129425028571428,0.12579363714285702,0.12548224894981022,2.7846756694142516,5.6424400000000015,5.031280469129382,2.861982063183826,0.0,5.563798410452589,37.62970859210984,0.2591646848571427,2.7846756694142516,5.6424400000000015,5.031280469129382
2024-12-05,1.2438547487823644,2.0857959183673467,2.249504001503934,0.009921783227324713,0.5739365276360106,0.14296556851311942,0.18633298833819228,0.12308753935860048,0.14186264599416898,0.15081830450368233,0.09870236933907331,10.600843101123283,187.20408522857147,0.8617942671428571,0.12403369028571416,0.12344699271894657,2.758392660525005,5.592718095238097,5.031280469129382,2.8574455729472095,0.0,5.511284803684637,37.62829502112988,0.25485695173469375,2.758392660525005,5.592718095238097,5.031280469129382
2024-12-06,1.0814690810501757,2.0361341107871715,2.1128159386781333,-0.004663235238721759,0.5547392971253889,0.12738104470359563,0.16401810374149645,0.108868728377065,0.12521582384256544,0.13367748072099397,0.08273123836404171,9.832138033897433,162.63747951428573,0.7477661242857143,0.11051291028571412,0.10958883418956865,2.590782667820838,5.412299523809525,5.031280469129382,2.6557089916057,0.0,5.176399049761426,37.625117313566946,0.2261162674897957,2.590782667820838,5.412299523809525,5.031280469129382
2024-12-07,1.0271164293080008,1.9874460641399416,2.011112976446518,-0.009833159964091575,0.5456430515814554,0.12257692176870737,0.15394902393100082,0.10320950753158395,0.1182007167900873,0.13164788405589714,0.07374357239672306,9.046175266796446,140.44545540000001,0.6444053871428572,0.10634496199999986,0.1046765581718238,2.466072196363226,5.242585238095239,5.031280469129382,2.5576245940439297,0.0,4.927226792293969,37.622358023014066,0.2157291080510202,2.466072196363226,5.242585238095239,5.031280469129382
2024-12-08,1.041498588283235,1.964075801749271,2.0046517093242406,-0.013795182304263487,0.5396968367571201,0.11858106171039835,0.14719733296890167,0.09915174659863933,0.11332427098250715,0.12940039644800075,0.06999996245201003,8.682326624760895,132.14409402857143,0.6056352842857143,0.10287824428571414,0.10091198743680144,2.4581492445499085,5.159156666666667,5.031280469129382,2.547055754068585,0.0,4.911396687844389,37.621362869044184,0.2078667723367345,2.4581492445499085,5.159156666666667,5.031280469129382
2024-12-09,0.8892643981461353,1.9338892128279883,1.9393465019638587,-0.023099202774124188,0.5276101839524484,0.10884353498542265,0.132346310738581,0.08990425315840611,0.10238677999416898,0.11384596231464565,0.055857771225877394,8.190723844278414,118.81675337142859,0.5434422171428571,0.09443018657142845,0.0920716427411764,2.378070522948832,5.055838095238095,5.031280469129382,2.392306756809922,0.0,4.751398929811453,37.61974574384311,0.18947414931122433,2.378070522948832,5.055838095238095,5.031280469129382
2024-12-10,0.6969377253165282,1.8949387755102038,1.833578439011036,-0.035464129013823155,0.5115547853936568,0.0955704859086491,0.11364691630223507,0.07791666739552953,0.08838952235860047,0.09473931652407173,0.0398862868979006,7.6023637481354855,96.54627034285714,0.4404761685714286,0.08291478971428558,0.08032293577637388,2.248375333088329,4.911876190476191,5.031280469129382,2.113734816255932,0.0,4.4922671755770365,37.61673766479777,0.16514264946428558,2.248375333088329,4.911876190476191,5.031280469129382
2024-12-11,0.6168444518930034,1.8559883381924198,1.7799427539863533,-0.04391006065109119,0.49957871901254525,0.08674539358600573,0.10022308734207956,0.06954993464528658,0.07849792977551008,0.08406735634217588,0.029922282827549,7.048761544288487,82.42648611428571,0.37483663714285714,0.0752583394285713,0.0722979161420123,2.1826060435847756,4.75972380952381,5.031280469129382,1.990068882798041,0.0,4.3608597472665656,37.614950911079106,0.14849051823979575,2.1826060435847756,4.75972380952381,5.031280469129382
2024-12-12,0.5601334577893284,1.8365131195335278,1.794197556190793,-0.041433110827707696,0.5006781769929137,0.09003561710398436,0.10216636479591824,0.07144468002915443,0.08037827775218649,0.08181044364064281,0.02815604792540313,6.777326450585177,79.56491220000001,0.3612258614285714,0.07811286285714274,0.07465142453157471,2.2000856043020156,4.682828571428572,5.031280469129382,1.9740876493793027,0.0,4.395784012667443,37.6146908140188,0.15323303107653047,2.2000856043020156,4.682828571428572,5.031280469129382
2024-12-13,0.5709628305101538,1.8306705539358599,1.8670032100734424,-0.03568252374190854,0.5062580045274372,0.0967868075801748,0.10922611576773554,0.07656143756073848,0.08605046901166169,0.0873182326294811,0.029063337081910858,6.714413484373604,78.4632798,0.35616568142857147,0.08397004285714273,0.0801154249822783,2.2893615429891034,4.6546,5.031280469129382,2.071251131430824,0.0,4.5741578646799335,37.614532494069046,0.16443520734183656,2.2893615429891034,4.6546,5.031280469129382
2024-12-14,0.5273780263220627,1.8248279883381924,1.922266445564494,-0.03302336104699409,0.5085751571043515,0.09998689504373166,0.11228515731292506,0.07887187633624869,0.08856948247521855,0.08604693212918815,0.028337958017321658,6.648359885971731,77.36041131428571,0.3510654914285714,0.08674636628571417,0.08264206547075768,2.357126571668078,4.6273542857142855,5.031280469129382,2.106892239106917,0.0,4.70955279163301,37.614385482687126,0.16960751588265288,2.357126571668078,4.6273542857142855,5.031280469129382
2024-12-15,0.485405727252543,1.8121690962099126,1.9068810446709712,-0.032550679215310505,0.5080417588262087,0.10076361030126323,0.11226596999514078,0.07912799149659853,0.0887312005801748,0.0863937229362833,0.02739860022691033,6.491427148518709,74.03311157142858,0.33563235,0.08742022685714272,0.08309119069968195,2.338260645279169,4.572314761904762,5.031280469129382,2.109716336419122,0.0,4.671858559443879,37.613955757109224,0.17049823568877534,2.338260645279169,4.572314761904762,5.031280469129382
2024-12-16,0.43959836021338894,1.7965889212827988,1.8791404064536306,-0.036279233690191974,0.5028155301627596,0.09672339042759948,0.10679372266763834,0.07556694241982496,0.08460025526239055,0.08211692902400784,0.02464775374022412,6.3016735867072615,68.94666951428572,0.31217233857142856,0.08391502357142844,0.07954845271010605,2.304244447572549,4.503590952380952,5.031280469129382,2.072701928612088,0.0,4.6038939958113945,37.61325462590316,0.16319710205357124,2.304244447572549,4.503590952380952,5.031280469129382
2024-12-17,0.4665520669284712,1.7790612244897959,1.8637706966690424,-0.03658752220299293,0.5009692209813583,0.09653165816326516,0.10598510932944591,0.0751783804664722,0.084080133446064,0.08317467427872116,0.024834840697985146,6.1171483066495025,68.43589097142858,0.30964668000000006,0.08374868099999988,0.07925552808384469,2.2853977619761396,4.417430952380952,5.031280469129382,2.0884916457101785,0.0,4.566238206839153,37.613243317335325,0.16258779590050998,2.2853977619761396,4.417430952380952,5.031280469129382
2024-12-18,0.41610877185939527,1.7790612244897959,1.909295953914715,-0.03560203819401556,0.5020118401120709,0.09767316690962083,0.10723430758017474,0.07606574198250718,0.08507197962682203,0.08096534961532044,0.02376522476882557,6.117148306649503,66.95290491428572,0.30293844000000003,0.08473902814285703,0.08019189944712875,2.341221861586996,4.417430952380952,5.031280469129382,2.077912929687595,0.0,4.67777508709105,37.612994528842854,0.16450847051785694,2.341221861586996,4.417430952380952,5.031280469129382
2024-12-19,0.41757668565856115,1.7751661807580172,1.8234671024625473,-0.04316465833291209,0.49368231340315916,0.08908011054421751,0.09720643464528651,0.06913619630709415,0.07723705534110772,0.07701939875581676,0.020943744294057116,6.07035357639378,63.50152140000001,0.2871858014285714,0.07728388699999986,0.07300617054138377,2.235976583628536,4.40008619047619,5.031280469129382,1.9702877135587846,0.0,4.467494401033241,37.61246302615439,0.14975116121173446,2.235976583628536,4.40008619047619,5.031280469129382
2024-12-20,0.42288118057757434,1.785877551020408,1.8494411757277638,-0.04502291712175147,0.4926288835698953,0.08676567419825058,0.09526849975704552,0.067574987366375,0.07557725963265294,0.07418110050735718,0.02129378918355326,6.189322185141068,67.7185146,0.3064451128571429,0.0752759344285713,0.071240520059398,2.267826579454644,4.45071238095238,5.031280469129382,1.9577765650511847,0.0,4.531130880533022,37.61310761452125,0.1461417589362243,2.267826579454644,4.45071238095238,5.031280469129382
2024-12-21,0.4982930438810392,1.808274052478134,1.8640005847290944,-0.043212301369516634,0.4963746333245186,0.08829875971817283,0.09909256620505327,0.06962528449951397,0.07817654834693864,0.07907735346971922,0.02515103524765344,6.470999895636363,73.59381334285715,0.33363466142857146,0.07660600471428558,0.0729609018462756,2.2856796559123884,4.547148095238095,5.031280469129382,1.9999119790185926,0.0,4.5668014325862805,37.613887905702185,0.14974896351275485,2.2856796559123884,4.547148095238095,5.031280469129382
2024-12-22,0.48728170716398284,1.8267755102040815,1.868868875036478,-0.04390267050034193,0.4971322729009649,0.0871756644800776,0.09910298287171995,0.06924802259475206,0.0779324812040815,0.07555410152245177,0.024760498060256344,6.709180289269684,77.19351377142857,0.3504729971428572,0.07563163271428561,0.07230493799672422,2.291649263543321,4.625256190476191,5.031280469129382,1.9437656283599998,0.0,4.5787287438393705,37.614306322712245,0.14845272651275487,2.291649263543321,4.625256190476191,5.031280469129382
2024-12-23,0.551348108211551,1.853067055393586,1.9021498478879812,-0.03058756468267562,0.5133450400731047,0.10178716958211842,0.11821262572886282,0.08185427769679288,0.09247014740816314,0.08896586979459116,0.032190592473325896,7.052573413826308,84.5633088,0.3846697314285715,0.08830824371428561,0.08495647132773965,2.332459144827081,4.735146190476191,5.031280469129382,1.9786925636229855,0.0,4.660267127325554,37.61525624241078,0.17453139603061205,2.332459144827081,4.735146190476191,5.031280469129382
2024-12-24,0.5696432996827965,1.8852011661807582,1.992481966525947,-0.020809792557562164,0.5263933585397921,0.11255211856171024,0.13209819424198235,0.09106452551020394,0.103066536446064,0.09767118431747097,0.03639932489697434,7.424977988865338,92.00845491428572,0.41899751142857145,0.09764766971428562,0.09424695776006056,2.443226430812815,4.882970476190477,5.031280469129382,2.1279458878103106,0.0,4.881580817988571,37.61628532208418,0.1936521370561222,2.443226430812815,4.882970476190477,5.031280469129382
2024-12-25,0.5717579579600727,1.8890962099125364,2.0126175076323634,-0.020246274137305505,0.5273192976597822,0.11313916180758002,0.1329833400145771,0.0916179569970844,0.10371991531486867,0.09862829833043471,0.03622817491456772,7.469008279103955,90.64706657142857,0.4128991000000001,0.09815697514285704,0.09478239263937328,2.467917086515808,4.901134285714286,5.031280469129382,2.2060325755063284,0.0,4.930912893699291,37.6160365335917,0.19475609647959158,2.467917086515808,4.901134285714286,5.031280469129382
2024-12-26,0.5278012302735821,1.8822798833819243,2.0005498484282658,-0.02485663007933406,0.5218635333590006,0.10790843780369276,0.1268546331389697,0.08739000194363446,0.09893616094460629,0.09192413428132397,0.0334007616950428,7.3924074239185185,86.60585057142858,0.39448790000000006,0.09361891742857131,0.09040179869839007,2.4531194499896913,4.869204285714285,5.031280469129382,2.1412574234354715,0.0,4.901347128649251,37.61540325379269,0.18576132518877525,2.4531194499896913,4.869204285714285,5.031280469129382
2024-12-27,0.5294542401004575,1.8813061224489795,1.9463170413668098,-0.02246306792390823,0.524316329630241,0.11067645165208927,0.12989994928328458,0.08954820857628754,0.10135080819096198,0.09495525208306584,0.033776232940568994,7.380921575530071,84.84631200000001,0.38649197142857145,0.09602038357142843,0.09267607513328321,2.3866179559456824,4.8648066666666665,5.031280469129382,2.099372723821953,0.0,4.768476751348684,37.6151205395967,0.19042645907142833,2.3866179559456824,4.8648066666666665,5.031280469129382
2024-12-28,0.45300044388847044,1.8657259475218662,1.895954596377403,-0.02685141440986539,0.5184207958586892,0.10601796282798821,0.12317199252915441,0.08527489759475207,0.09634074637172003,0.08776311568590142,0.029755523802021216,7.176783311825097,80.45746045714286,0.3661607485714286,0.09197878414285703,0.08850642657056063,2.3248623873705663,4.800014285714285,5.031280469129382,2.0219294394169123,0.0,4.645088761124638,37.61454380263688,0.18180776185714267,2.3248623873705663,4.800014285714285,5.031280469129382
2024-12-29,0.40607950009829646,1.8365131195335276,1.8536459108041885,-0.032485805222193624,0.5100470567177247,0.09995579810495614,0.11478454354956256,0.07986106960641388,0.09003819194606404,0.08275279923388926,0.026529934202248556,6.823902462606887,72.37469725714287,0.3288625085714286,0.08671938728571416,0.08315283162822383,2.2729825206605754,4.669928571428572,5.031280469129382,1.98401693686375,0.0,4.541432481470261,37.61343556298859,0.17076819292346923,2.2729825206605754,4.669928571428572,5.031280469129382
2024-12-30,0.3473178033999705,1.8073002915451895,1.821970661768041,-0.039275100552942664,0.500485292965685,0.09297115524781328,0.10377348487609318,0.07308450327988328,0.081981137190962,0.07499535035708926,0.01978090491817147,6.448866003340181,62.488408114285726,0.28323868,0.08065966928571415,0.07670188806477767,2.2341416142193347,4.545985714285714,5.031280469129382,1.9402791822184102,0.0,4.4638281213317,37.61207853484784,0.15740365128061207,2.2341416142193347,4.545985714285714,5.031280469129382
2024-12-31,0.3924524579231036,1.7985364431486879,1.8666281389647754,-0.035275451063238907,0.5040246760747039,0.09773278547133127,0.10847725309766755,0.07658316800291538,0.08581909722594745,0.08175481907116514,0.021844572792279453,6.332047650564691,61.40369314285715,0.2780906285714285,0.08479075185714272,0.08050221076024047,2.2889016223165326,4.5100928571428565,5.031280469129382,1.9834546625671117,0.0,4.573238940463699,37.61197675773728,0.16517266723469373,2.2889016223165326,4.5100928571428565,5.031280469129382
